note,start_date,end_date,ema_fast,ema_slow,total_trades,win_rate,avg_win,avg_loss,profit_factor,max_drawdown,final_equity,pnl_percent
sideways_high,2017-09-02 20:00:00+07:00,2017-09-05 00:00:00+07:00,60,63,0,,,,,0.0,1000.0,0.0
sideways_high,2017-09-02 20:00:00+07:00,2017-09-05 00:00:00+07:00,61,62,0,,,,,0.0,1000.0,0.0
sideways_high,2017-09-02 20:00:00+07:00,2017-09-05 00:00:00+07:00,59,64,0,,,,,0.0,1000.0,0.0
sideways_high,2017-09-02 20:00:00+07:00,2017-09-05 00:00:00+07:00,58,65,0,,,,,0.0,1000.0,0.0
sideways_high,2017-09-02 20:00:00+07:00,2017-09-05 00:00:00+07:00,70,94,0,,,,,0.0,1000.0,0.0
sideways_high,2017-09-06 04:00:00+07:00,2017-09-10 12:00:00+07:00,60,63,1,0.0,,-7.287263,0.0,0.7287,992.7127,-0.7287
sideways_high,2017-09-06 04:00:00+07:00,2017-09-10 12:00:00+07:00,61,62,1,0.0,,-7.287263,0.0,0.7287,992.7127,-0.7287
sideways_high,2017-09-06 04:00:00+07:00,2017-09-10 12:00:00+07:00,59,64,1,0.0,,-7.287263,0.0,0.7287,992.7127,-0.7287
sideways_high,2017-09-06 04:00:00+07:00,2017-09-10 12:00:00+07:00,58,65,1,0.0,,-7.287263,0.0,0.7287,992.7127,-0.7287
sideways_high,2017-09-06 04:00:00+07:00,2017-09-10 12:00:00+07:00,70,94,1,0.0,,-8.564941,0.0,0.8565,991.4351,-0.8565
sideways_high,2017-09-11 09:00:00+07:00,2017-09-13 15:00:00+07:00,60,63,0,,,,,0.0,1000.0,0.0
sideways_high,2017-09-11 09:00:00+07:00,2017-09-13 15:00:00+07:00,61,62,0,,,,,0.0,1000.0,0.0
sideways_high,2017-09-11 09:00:00+07:00,2017-09-13 15:00:00+07:00,59,64,0,,,,,0.0,1000.0,0.0
sideways_high,2017-09-11 09:00:00+07:00,2017-09-13 15:00:00+07:00,58,65,0,,,,,0.0,1000.0,0.0
sideways_high,2017-09-11 09:00:00+07:00,2017-09-13 15:00:00+07:00,70,94,0,,,,,0.0,1000.0,0.0
bear_high,2017-09-13 16:00:00+07:00,2017-09-18 08:00:00+07:00,60,63,0,,,,,0.0,1000.0,0.0
bear_high,2017-09-13 16:00:00+07:00,2017-09-18 08:00:00+07:00,61,62,0,,,,,0.0,1000.0,0.0
bear_high,2017-09-13 16:00:00+07:00,2017-09-18 08:00:00+07:00,59,64,0,,,,,0.0,1000.0,0.0
bear_high,2017-09-13 16:00:00+07:00,2017-09-18 08:00:00+07:00,58,65,0,,,,,0.0,1000.0,0.0
bear_high,2017-09-13 16:00:00+07:00,2017-09-18 08:00:00+07:00,70,94,0,,,,,0.0,1000.0,0.0
sideways_high,2017-09-18 09:00:00+07:00,2017-09-22 15:00:00+07:00,60,63,0,,,,,0.0,1000.0,0.0
sideways_high,2017-09-18 09:00:00+07:00,2017-09-22 15:00:00+07:00,61,62,0,,,,,0.0,1000.0,0.0
sideways_high,2017-09-18 09:00:00+07:00,2017-09-22 15:00:00+07:00,59,64,0,,,,,0.0,1000.0,0.0
sideways_high,2017-09-18 09:00:00+07:00,2017-09-22 15:00:00+07:00,58,65,0,,,,,0.0,1000.0,0.0
sideways_high,2017-09-18 09:00:00+07:00,2017-09-22 15:00:00+07:00,70,94,1,0.0,,-8.977159,0.0,0.8977,991.0228,-0.8977
sideways_low,2017-09-26 02:00:00+07:00,2017-09-28 04:00:00+07:00,60,63,0,,,,,0.0,1000.0,0.0
sideways_low,2017-09-26 02:00:00+07:00,2017-09-28 04:00:00+07:00,61,62,0,,,,,0.0,1000.0,0.0
sideways_low,2017-09-26 02:00:00+07:00,2017-09-28 04:00:00+07:00,59,64,0,,,,,0.0,1000.0,0.0
sideways_low,2017-09-26 02:00:00+07:00,2017-09-28 04:00:00+07:00,58,65,0,,,,,0.0,1000.0,0.0
sideways_low,2017-09-26 02:00:00+07:00,2017-09-28 04:00:00+07:00,70,94,0,,,,,0.0,1000.0,0.0
sideways_low,2017-10-05 04:00:00+07:00,2017-10-09 07:00:00+07:00,60,63,0,,,,,0.0,1000.0,0.0
sideways_low,2017-10-05 04:00:00+07:00,2017-10-09 07:00:00+07:00,61,62,0,,,,,0.0,1000.0,0.0
sideways_low,2017-10-05 04:00:00+07:00,2017-10-09 07:00:00+07:00,59,64,0,,,,,0.0,1000.0,0.0
sideways_low,2017-10-05 04:00:00+07:00,2017-10-09 07:00:00+07:00,58,65,0,,,,,0.0,1000.0,0.0
sideways_low,2017-10-05 04:00:00+07:00,2017-10-09 07:00:00+07:00,70,94,0,,,,,0.0,1000.0,0.0
sideways_high,2017-10-23 12:00:00+07:00,2017-10-26 08:00:00+07:00,60,63,0,,,,,0.0,1000.0,0.0
sideways_high,2017-10-23 12:00:00+07:00,2017-10-26 08:00:00+07:00,61,62,0,,,,,0.0,1000.0,0.0
sideways_high,2017-10-23 12:00:00+07:00,2017-10-26 08:00:00+07:00,59,64,0,,,,,0.0,1000.0,0.0
sideways_high,2017-10-23 12:00:00+07:00,2017-10-26 08:00:00+07:00,58,65,0,,,,,0.0,1000.0,0.0
sideways_high,2017-10-23 12:00:00+07:00,2017-10-26 08:00:00+07:00,70,94,0,,,,,0.0,1000.0,0.0
sideways_low,2017-10-26 09:00:00+07:00,2017-10-30 16:00:00+07:00,60,63,1,0.0,,-2.637471,0.0,0.2637,997.3625,-0.2637
sideways_low,2017-10-26 09:00:00+07:00,2017-10-30 16:00:00+07:00,61,62,1,0.0,,-2.637471,0.0,0.2637,997.3625,-0.2637
sideways_low,2017-10-26 09:00:00+07:00,2017-10-30 16:00:00+07:00,59,64,1,0.0,,-2.637471,0.0,0.2637,997.3625,-0.2637
sideways_low,2017-10-26 09:00:00+07:00,2017-10-30 16:00:00+07:00,58,65,1,0.0,,-2.637471,0.0,0.2637,997.3625,-0.2637
sideways_low,2017-10-26 09:00:00+07:00,2017-10-30 16:00:00+07:00,70,94,1,0.0,,-4.595869,0.0,0.4596,995.4041,-0.4596
bull_high,2017-11-02 17:00:00+07:00,2017-11-04 18:00:00+07:00,60,63,0,,,,,0.0,1000.0,0.0
bull_high,2017-11-02 17:00:00+07:00,2017-11-04 18:00:00+07:00,61,62,0,,,,,0.0,1000.0,0.0
bull_high,2017-11-02 17:00:00+07:00,2017-11-04 18:00:00+07:00,59,64,0,,,,,0.0,1000.0,0.0
bull_high,2017-11-02 17:00:00+07:00,2017-11-04 18:00:00+07:00,58,65,0,,,,,0.0,1000.0,0.0
bull_high,2017-11-02 17:00:00+07:00,2017-11-04 18:00:00+07:00,70,94,0,,,,,0.0,1000.0,0.0
bull_low,2017-11-04 21:00:00+07:00,2017-11-06 23:00:00+07:00,60,63,0,,,,,0.0,1000.0,0.0
bull_low,2017-11-04 21:00:00+07:00,2017-11-06 23:00:00+07:00,61,62,0,,,,,0.0,1000.0,0.0
bull_low,2017-11-04 21:00:00+07:00,2017-11-06 23:00:00+07:00,59,64,0,,,,,0.0,1000.0,0.0
bull_low,2017-11-04 21:00:00+07:00,2017-11-06 23:00:00+07:00,58,65,0,,,,,0.0,1000.0,0.0
bull_low,2017-11-04 21:00:00+07:00,2017-11-06 23:00:00+07:00,70,94,0,,,,,0.0,1000.0,0.0
bear_high,2017-11-11 13:00:00+07:00,2017-11-14 03:00:00+07:00,60,63,0,,,,,0.0,1000.0,0.0
bear_high,2017-11-11 13:00:00+07:00,2017-11-14 03:00:00+07:00,61,62,0,,,,,0.0,1000.0,0.0
bear_high,2017-11-11 13:00:00+07:00,2017-11-14 03:00:00+07:00,59,64,0,,,,,0.0,1000.0,0.0
bear_high,2017-11-11 13:00:00+07:00,2017-11-14 03:00:00+07:00,58,65,0,,,,,0.0,1000.0,0.0
bear_high,2017-11-11 13:00:00+07:00,2017-11-14 03:00:00+07:00,70,94,0,,,,,0.0,1000.0,0.0
bull_high,2017-11-16 17:00:00+07:00,2017-11-19 05:00:00+07:00,60,63,0,,,,,0.0,1000.0,0.0
bull_high,2017-11-16 17:00:00+07:00,2017-11-19 05:00:00+07:00,61,62,0,,,,,0.0,1000.0,0.0
bull_high,2017-11-16 17:00:00+07:00,2017-11-19 05:00:00+07:00,59,64,0,,,,,0.0,1000.0,0.0
bull_high,2017-11-16 17:00:00+07:00,2017-11-19 05:00:00+07:00,58,65,0,,,,,0.0,1000.0,0.0
bull_high,2017-11-16 17:00:00+07:00,2017-11-19 05:00:00+07:00,70,94,0,,,,,0.0,1000.0,0.0
bull_low,2017-11-19 06:00:00+07:00,2017-11-21 10:00:00+07:00,60,63,0,,,,,0.0,1000.0,0.0
bull_low,2017-11-19 06:00:00+07:00,2017-11-21 10:00:00+07:00,61,62,0,,,,,0.0,1000.0,0.0
bull_low,2017-11-19 06:00:00+07:00,2017-11-21 10:00:00+07:00,59,64,0,,,,,0.0,1000.0,0.0
bull_low,2017-11-19 06:00:00+07:00,2017-11-21 10:00:00+07:00,58,65,0,,,,,0.0,1000.0,0.0
bull_low,2017-11-19 06:00:00+07:00,2017-11-21 10:00:00+07:00,70,94,0,,,,,0.0,1000.0,0.0
bull_high,2017-12-01 22:00:00+07:00,2017-12-06 03:00:00+07:00,60,63,0,,,,,0.0,1000.0,0.0
bull_high,2017-12-01 22:00:00+07:00,2017-12-06 03:00:00+07:00,61,62,0,,,,,0.0,1000.0,0.0
bull_high,2017-12-01 22:00:00+07:00,2017-12-06 03:00:00+07:00,59,64,0,,,,,0.0,1000.0,0.0
bull_high,2017-12-01 22:00:00+07:00,2017-12-06 03:00:00+07:00,58,65,0,,,,,0.0,1000.0,0.0
bull_high,2017-12-01 22:00:00+07:00,2017-12-06 03:00:00+07:00,70,94,0,,,,,0.0,1000.0,0.0
bull_high,2017-12-06 14:00:00+07:00,2017-12-10 16:00:00+07:00,60,63,0,,,,,0.0,1000.0,0.0
bull_high,2017-12-06 14:00:00+07:00,2017-12-10 16:00:00+07:00,61,62,0,,,,,0.0,1000.0,0.0
bull_high,2017-12-06 14:00:00+07:00,2017-12-10 16:00:00+07:00,59,64,0,,,,,0.0,1000.0,0.0
bull_high,2017-12-06 14:00:00+07:00,2017-12-10 16:00:00+07:00,58,65,0,,,,,0.0,1000.0,0.0
bull_high,2017-12-06 14:00:00+07:00,2017-12-10 16:00:00+07:00,70,94,0,,,,,0.0,1000.0,0.0
bull_high,2017-12-10 23:00:00+07:00,2017-12-19 22:00:00+07:00,60,63,0,,,,,0.0,1000.0,0.0
bull_high,2017-12-10 23:00:00+07:00,2017-12-19 22:00:00+07:00,61,62,0,,,,,0.0,1000.0,0.0
bull_high,2017-12-10 23:00:00+07:00,2017-12-19 22:00:00+07:00,59,64,0,,,,,0.0,1000.0,0.0
bull_high,2017-12-10 23:00:00+07:00,2017-12-19 22:00:00+07:00,58,65,0,,,,,0.0,1000.0,0.0
bull_high,2017-12-10 23:00:00+07:00,2017-12-19 22:00:00+07:00,70,94,0,,,,,0.0,1000.0,0.0
bear_high,2017-12-22 00:00:00+07:00,2017-12-26 15:00:00+07:00,60,63,0,,,,,0.0,1000.0,0.0
bear_high,2017-12-22 00:00:00+07:00,2017-12-26 15:00:00+07:00,61,62,0,,,,,0.0,1000.0,0.0
bear_high,2017-12-22 00:00:00+07:00,2017-12-26 15:00:00+07:00,59,64,0,,,,,0.0,1000.0,0.0
bear_high,2017-12-22 00:00:00+07:00,2017-12-26 15:00:00+07:00,58,65,0,,,,,0.0,1000.0,0.0
bear_high,2017-12-22 00:00:00+07:00,2017-12-26 15:00:00+07:00,70,94,0,,,,,0.0,1000.0,0.0
sideways_high,2018-01-01 11:00:00+07:00,2018-01-03 18:00:00+07:00,60,63,0,,,,,0.0,1000.0,0.0
sideways_high,2018-01-01 11:00:00+07:00,2018-01-03 18:00:00+07:00,61,62,0,,,,,0.0,1000.0,0.0
sideways_high,2018-01-01 11:00:00+07:00,2018-01-03 18:00:00+07:00,59,64,0,,,,,0.0,1000.0,0.0
sideways_high,2018-01-01 11:00:00+07:00,2018-01-03 18:00:00+07:00,58,65,0,,,,,0.0,1000.0,0.0
sideways_high,2018-01-01 11:00:00+07:00,2018-01-03 18:00:00+07:00,70,94,0,,,,,0.0,1000.0,0.0
bull_high,2018-01-05 19:00:00+07:00,2018-01-08 12:00:00+07:00,60,63,0,,,,,0.0,1000.0,0.0
bull_high,2018-01-05 19:00:00+07:00,2018-01-08 12:00:00+07:00,61,62,0,,,,,0.0,1000.0,0.0
bull_high,2018-01-05 19:00:00+07:00,2018-01-08 12:00:00+07:00,59,64,0,,,,,0.0,1000.0,0.0
bull_high,2018-01-05 19:00:00+07:00,2018-01-08 12:00:00+07:00,58,65,0,,,,,0.0,1000.0,0.0
bull_high,2018-01-05 19:00:00+07:00,2018-01-08 12:00:00+07:00,70,94,0,,,,,0.0,1000.0,0.0
bear_high,2018-01-10 12:00:00+07:00,2018-01-13 09:00:00+07:00,60,63,0,,,,,0.0,1000.0,0.0
bear_high,2018-01-10 12:00:00+07:00,2018-01-13 09:00:00+07:00,61,62,0,,,,,0.0,1000.0,0.0
bear_high,2018-01-10 12:00:00+07:00,2018-01-13 09:00:00+07:00,59,64,0,,,,,0.0,1000.0,0.0
bear_high,2018-01-10 12:00:00+07:00,2018-01-13 09:00:00+07:00,58,65,0,,,,,0.0,1000.0,0.0
bear_high,2018-01-10 12:00:00+07:00,2018-01-13 09:00:00+07:00,70,94,0,,,,,0.0,1000.0,0.0
bear_high,2018-01-16 15:00:00+07:00,2018-01-20 13:00:00+07:00,60,63,0,,,,,0.0,1000.0,0.0
bear_high,2018-01-16 15:00:00+07:00,2018-01-20 13:00:00+07:00,61,62,0,,,,,0.0,1000.0,0.0
bear_high,2018-01-16 15:00:00+07:00,2018-01-20 13:00:00+07:00,59,64,0,,,,,0.0,1000.0,0.0
bear_high,2018-01-16 15:00:00+07:00,2018-01-20 13:00:00+07:00,58,65,0,,,,,0.0,1000.0,0.0
bear_high,2018-01-16 15:00:00+07:00,2018-01-20 13:00:00+07:00,70,94,0,,,,,0.0,1000.0,0.0
bear_high,2018-01-22 05:00:00+07:00,2018-01-25 02:00:00+07:00,60,63,0,,,,,0.0,1000.0,0.0
bear_high,2018-01-22 05:00:00+07:00,2018-01-25 02:00:00+07:00,61,62,0,,,,,0.0,1000.0,0.0
bear_high,2018-01-22 05:00:00+07:00,2018-01-25 02:00:00+07:00,59,64,0,,,,,0.0,1000.0,0.0
bear_high,2018-01-22 05:00:00+07:00,2018-01-25 02:00:00+07:00,58,65,0,,,,,0.0,1000.0,0.0
bear_high,2018-01-22 05:00:00+07:00,2018-01-25 02:00:00+07:00,70,94,0,,,,,0.0,1000.0,0.0
sideways_high,2018-01-25 03:00:00+07:00,2018-01-31 00:00:00+07:00,60,63,2,0.0,,-5.996436,0.0,1.1993,988.0071,-1.1993
sideways_high,2018-01-25 03:00:00+07:00,2018-01-31 00:00:00+07:00,61,62,2,0.0,,-5.996436,0.0,1.1993,988.0071,-1.1993
sideways_high,2018-01-25 03:00:00+07:00,2018-01-31 00:00:00+07:00,59,64,2,0.0,,-5.996436,0.0,1.1993,988.0071,-1.1993
sideways_high,2018-01-25 03:00:00+07:00,2018-01-31 00:00:00+07:00,58,65,2,0.0,,-5.996436,0.0,1.1993,988.0071,-1.1993
sideways_high,2018-01-25 03:00:00+07:00,2018-01-31 00:00:00+07:00,70,94,1,0.0,,-4.955021,0.0,0.4955,995.045,-0.4955
bear_high,2018-01-31 01:00:00+07:00,2018-02-12 03:00:00+07:00,60,63,0,,,,,0.0,1000.0,0.0
bear_high,2018-01-31 01:00:00+07:00,2018-02-12 03:00:00+07:00,61,62,0,,,,,0.0,1000.0,0.0
bear_high,2018-01-31 01:00:00+07:00,2018-02-12 03:00:00+07:00,59,64,0,,,,,0.0,1000.0,0.0
bear_high,2018-01-31 01:00:00+07:00,2018-02-12 03:00:00+07:00,58,65,0,,,,,0.0,1000.0,0.0
bear_high,2018-01-31 01:00:00+07:00,2018-02-12 03:00:00+07:00,70,94,0,,,,,0.0,1000.0,0.0
sideways_high,2018-02-12 04:00:00+07:00,2018-02-14 14:00:00+07:00,60,63,0,,,,,0.0,1000.0,0.0
sideways_high,2018-02-12 04:00:00+07:00,2018-02-14 14:00:00+07:00,61,62,0,,,,,0.0,1000.0,0.0
sideways_high,2018-02-12 04:00:00+07:00,2018-02-14 14:00:00+07:00,59,64,0,,,,,0.0,1000.0,0.0
sideways_high,2018-02-12 04:00:00+07:00,2018-02-14 14:00:00+07:00,58,65,0,,,,,0.0,1000.0,0.0
sideways_high,2018-02-12 04:00:00+07:00,2018-02-14 14:00:00+07:00,70,94,0,,,,,0.0,1000.0,0.0
bull_high,2018-02-15 06:00:00+07:00,2018-02-22 00:00:00+07:00,60,63,0,,,,,0.0,1000.0,0.0
bull_high,2018-02-15 06:00:00+07:00,2018-02-22 00:00:00+07:00,61,62,0,,,,,0.0,1000.0,0.0
bull_high,2018-02-15 06:00:00+07:00,2018-02-22 00:00:00+07:00,59,64,0,,,,,0.0,1000.0,0.0
bull_high,2018-02-15 06:00:00+07:00,2018-02-22 00:00:00+07:00,58,65,0,,,,,0.0,1000.0,0.0
bull_high,2018-02-15 06:00:00+07:00,2018-02-22 00:00:00+07:00,70,94,0,,,,,0.0,1000.0,0.0
sideways_high,2018-02-22 01:00:00+07:00,2018-02-25 08:00:00+07:00,60,63,0,,,,,0.0,1000.0,0.0
sideways_high,2018-02-22 01:00:00+07:00,2018-02-25 08:00:00+07:00,61,62,0,,,,,0.0,1000.0,0.0
sideways_high,2018-02-22 01:00:00+07:00,2018-02-25 08:00:00+07:00,59,64,0,,,,,0.0,1000.0,0.0
sideways_high,2018-02-22 01:00:00+07:00,2018-02-25 08:00:00+07:00,58,65,0,,,,,0.0,1000.0,0.0
sideways_high,2018-02-22 01:00:00+07:00,2018-02-25 08:00:00+07:00,70,94,0,,,,,0.0,1000.0,0.0
bear_high,2018-03-08 04:00:00+07:00,2018-03-12 10:00:00+07:00,60,63,0,,,,,0.0,1000.0,0.0
bear_high,2018-03-08 04:00:00+07:00,2018-03-12 10:00:00+07:00,61,62,0,,,,,0.0,1000.0,0.0
bear_high,2018-03-08 04:00:00+07:00,2018-03-12 10:00:00+07:00,59,64,0,,,,,0.0,1000.0,0.0
bear_high,2018-03-08 04:00:00+07:00,2018-03-12 10:00:00+07:00,58,65,0,,,,,0.0,1000.0,0.0
bear_high,2018-03-08 04:00:00+07:00,2018-03-12 10:00:00+07:00,70,94,0,,,,,0.0,1000.0,0.0
bear_high,2018-03-14 17:00:00+07:00,2018-03-19 18:00:00+07:00,60,63,0,,,,,0.0,1000.0,0.0
bear_high,2018-03-14 17:00:00+07:00,2018-03-19 18:00:00+07:00,61,62,0,,,,,0.0,1000.0,0.0
bear_high,2018-03-14 17:00:00+07:00,2018-03-19 18:00:00+07:00,59,64,0,,,,,0.0,1000.0,0.0
bear_high,2018-03-14 17:00:00+07:00,2018-03-19 18:00:00+07:00,58,65,0,,,,,0.0,1000.0,0.0
bear_high,2018-03-14 17:00:00+07:00,2018-03-19 18:00:00+07:00,70,94,0,,,,,0.0,1000.0,0.0
sideways_high,2018-03-19 19:00:00+07:00,2018-03-22 12:00:00+07:00,60,63,0,,,,,0.0,1000.0,0.0
sideways_high,2018-03-19 19:00:00+07:00,2018-03-22 12:00:00+07:00,61,62,0,,,,,0.0,1000.0,0.0
sideways_high,2018-03-19 19:00:00+07:00,2018-03-22 12:00:00+07:00,59,64,0,,,,,0.0,1000.0,0.0
sideways_high,2018-03-19 19:00:00+07:00,2018-03-22 12:00:00+07:00,58,65,0,,,,,0.0,1000.0,0.0
sideways_high,2018-03-19 19:00:00+07:00,2018-03-22 12:00:00+07:00,70,94,0,,,,,0.0,1000.0,0.0
bear_high,2018-03-29 11:00:00+07:00,2018-04-03 10:00:00+07:00,60,63,0,,,,,0.0,1000.0,0.0
bear_high,2018-03-29 11:00:00+07:00,2018-04-03 10:00:00+07:00,61,62,0,,,,,0.0,1000.0,0.0
bear_high,2018-03-29 11:00:00+07:00,2018-04-03 10:00:00+07:00,59,64,0,,,,,0.0,1000.0,0.0
bear_high,2018-03-29 11:00:00+07:00,2018-04-03 10:00:00+07:00,58,65,0,,,,,0.0,1000.0,0.0
bear_high,2018-03-29 11:00:00+07:00,2018-04-03 10:00:00+07:00,70,94,0,,,,,0.0,1000.0,0.0
sideways_low,2018-04-07 17:00:00+07:00,2018-04-12 17:00:00+07:00,60,63,1,0.0,,-4.310488,0.0,0.431,995.6895,-0.431
sideways_low,2018-04-07 17:00:00+07:00,2018-04-12 17:00:00+07:00,61,62,1,0.0,,-4.310488,0.0,0.431,995.6895,-0.431
sideways_low,2018-04-07 17:00:00+07:00,2018-04-12 17:00:00+07:00,59,64,1,0.0,,-4.310488,0.0,0.431,995.6895,-0.431
sideways_low,2018-04-07 17:00:00+07:00,2018-04-12 17:00:00+07:00,58,65,1,0.0,,-4.310488,0.0,0.431,995.6895,-0.431
sideways_low,2018-04-07 17:00:00+07:00,2018-04-12 17:00:00+07:00,70,94,2,0.0,,-3.433993,0.0,0.6868,993.132,-0.6868
sideways_low,2018-04-17 04:00:00+07:00,2018-04-21 01:00:00+07:00,60,63,0,,,,,0.0,1000.0,0.0
sideways_low,2018-04-17 04:00:00+07:00,2018-04-21 01:00:00+07:00,61,62,0,,,,,0.0,1000.0,0.0
sideways_low,2018-04-17 04:00:00+07:00,2018-04-21 01:00:00+07:00,59,64,0,,,,,0.0,1000.0,0.0
sideways_low,2018-04-17 04:00:00+07:00,2018-04-21 01:00:00+07:00,58,65,0,,,,,0.0,1000.0,0.0
sideways_low,2018-04-17 04:00:00+07:00,2018-04-21 01:00:00+07:00,70,94,0,,,,,0.0,1000.0,0.0
bull_low,2018-04-21 02:00:00+07:00,2018-04-25 09:00:00+07:00,60,63,0,,,,,0.0,1000.0,0.0
bull_low,2018-04-21 02:00:00+07:00,2018-04-25 09:00:00+07:00,61,62,0,,,,,0.0,1000.0,0.0
bull_low,2018-04-21 02:00:00+07:00,2018-04-25 09:00:00+07:00,59,64,0,,,,,0.0,1000.0,0.0
bull_low,2018-04-21 02:00:00+07:00,2018-04-25 09:00:00+07:00,58,65,0,,,,,0.0,1000.0,0.0
bull_low,2018-04-21 02:00:00+07:00,2018-04-25 09:00:00+07:00,70,94,0,,,,,0.0,1000.0,0.0
sideways_low,2018-04-29 00:00:00+07:00,2018-05-05 21:00:00+07:00,60,63,0,,,,,0.0,1000.0,0.0
sideways_low,2018-04-29 00:00:00+07:00,2018-05-05 21:00:00+07:00,61,62,0,,,,,0.0,1000.0,0.0
sideways_low,2018-04-29 00:00:00+07:00,2018-05-05 21:00:00+07:00,59,64,0,,,,,0.0,1000.0,0.0
sideways_low,2018-04-29 00:00:00+07:00,2018-05-05 21:00:00+07:00,58,65,0,,,,,0.0,1000.0,0.0
sideways_low,2018-04-29 00:00:00+07:00,2018-05-05 21:00:00+07:00,70,94,0,,,,,0.0,1000.0,0.0
sideways_low,2018-05-06 11:00:00+07:00,2018-05-11 20:00:00+07:00,60,63,0,,,,,0.0,1000.0,0.0
sideways_low,2018-05-06 11:00:00+07:00,2018-05-11 20:00:00+07:00,61,62,0,,,,,0.0,1000.0,0.0
sideways_low,2018-05-06 11:00:00+07:00,2018-05-11 20:00:00+07:00,59,64,0,,,,,0.0,1000.0,0.0
sideways_low,2018-05-06 11:00:00+07:00,2018-05-11 20:00:00+07:00,58,65,0,,,,,0.0,1000.0,0.0
sideways_low,2018-05-06 11:00:00+07:00,2018-05-11 20:00:00+07:00,70,94,0,,,,,0.0,1000.0,0.0
sideways_low,2018-05-19 04:00:00+07:00,2018-05-23 20:00:00+07:00,60,63,1,0.0,,-3.2323,0.0,0.3232,996.7677,-0.3232
sideways_low,2018-05-19 04:00:00+07:00,2018-05-23 20:00:00+07:00,61,62,1,0.0,,-3.2323,0.0,0.3232,996.7677,-0.3232
sideways_low,2018-05-19 04:00:00+07:00,2018-05-23 20:00:00+07:00,59,64,1,0.0,,-3.2323,0.0,0.3232,996.7677,-0.3232
sideways_low,2018-05-19 04:00:00+07:00,2018-05-23 20:00:00+07:00,58,65,1,0.0,,-3.2323,0.0,0.3232,996.7677,-0.3232
sideways_low,2018-05-19 04:00:00+07:00,2018-05-23 20:00:00+07:00,70,94,1,0.0,,-3.203812,0.0,0.3204,996.7962,-0.3204
bear_low,2018-05-26 01:00:00+07:00,2018-05-29 22:00:00+07:00,60,63,0,,,,,0.0,1000.0,0.0
bear_low,2018-05-26 01:00:00+07:00,2018-05-29 22:00:00+07:00,61,62,0,,,,,0.0,1000.0,0.0
bear_low,2018-05-26 01:00:00+07:00,2018-05-29 22:00:00+07:00,59,64,0,,,,,0.0,1000.0,0.0
bear_low,2018-05-26 01:00:00+07:00,2018-05-29 22:00:00+07:00,58,65,0,,,,,0.0,1000.0,0.0
bear_low,2018-05-26 01:00:00+07:00,2018-05-29 22:00:00+07:00,70,94,0,,,,,0.0,1000.0,0.0
sideways_low,2018-05-29 23:00:00+07:00,2018-06-10 23:00:00+07:00,60,63,2,0.0,,-1.477742,0.0,0.2955,997.0445,-0.2955
sideways_low,2018-05-29 23:00:00+07:00,2018-06-10 23:00:00+07:00,61,62,2,0.0,,-1.477742,0.0,0.2955,997.0445,-0.2955
sideways_low,2018-05-29 23:00:00+07:00,2018-06-10 23:00:00+07:00,59,64,2,0.0,,-1.477742,0.0,0.2955,997.0445,-0.2955
sideways_low,2018-05-29 23:00:00+07:00,2018-06-10 23:00:00+07:00,58,65,2,0.0,,-1.477742,0.0,0.2955,997.0445,-0.2955
sideways_low,2018-05-29 23:00:00+07:00,2018-06-10 23:00:00+07:00,70,94,2,0.0,,-2.775182,0.0,0.555,994.4496,-0.555
bear_low,2018-06-11 20:00:00+07:00,2018-06-13 22:00:00+07:00,60,63,0,,,,,0.0,1000.0,0.0
bear_low,2018-06-11 20:00:00+07:00,2018-06-13 22:00:00+07:00,61,62,0,,,,,0.0,1000.0,0.0
bear_low,2018-06-11 20:00:00+07:00,2018-06-13 22:00:00+07:00,59,64,0,,,,,0.0,1000.0,0.0
bear_low,2018-06-11 20:00:00+07:00,2018-06-13 22:00:00+07:00,58,65,0,,,,,0.0,1000.0,0.0
bear_low,2018-06-11 20:00:00+07:00,2018-06-13 22:00:00+07:00,70,94,0,,,,,0.0,1000.0,0.0
sideways_low,2018-06-17 04:00:00+07:00,2018-06-23 02:00:00+07:00,60,63,1,0.0,,-5.245346,0.0,0.5245,994.7547,-0.5245
sideways_low,2018-06-17 04:00:00+07:00,2018-06-23 02:00:00+07:00,61,62,1,0.0,,-5.245346,0.0,0.5245,994.7547,-0.5245
sideways_low,2018-06-17 04:00:00+07:00,2018-06-23 02:00:00+07:00,59,64,1,0.0,,-5.245346,0.0,0.5245,994.7547,-0.5245
sideways_low,2018-06-17 04:00:00+07:00,2018-06-23 02:00:00+07:00,58,65,1,0.0,,-5.245346,0.0,0.5245,994.7547,-0.5245
sideways_low,2018-06-17 04:00:00+07:00,2018-06-23 02:00:00+07:00,70,94,1,0.0,,-5.34167,0.0,0.5342,994.6583,-0.5342
sideways_low,2018-06-26 02:00:00+07:00,2018-06-29 20:00:00+07:00,60,63,0,,,,,0.0,1000.0,0.0
sideways_low,2018-06-26 02:00:00+07:00,2018-06-29 20:00:00+07:00,61,62,0,,,,,0.0,1000.0,0.0
sideways_low,2018-06-26 02:00:00+07:00,2018-06-29 20:00:00+07:00,59,64,0,,,,,0.0,1000.0,0.0
sideways_low,2018-06-26 02:00:00+07:00,2018-06-29 20:00:00+07:00,58,65,0,,,,,0.0,1000.0,0.0
sideways_low,2018-06-26 02:00:00+07:00,2018-06-29 20:00:00+07:00,70,94,0,,,,,0.0,1000.0,0.0
sideways_low,2018-06-30 12:00:00+07:00,2018-07-18 01:00:00+07:00,60,63,0,,,,,0.0,1000.0,0.0
sideways_low,2018-06-30 12:00:00+07:00,2018-07-18 01:00:00+07:00,61,62,0,,,,,0.0,1000.0,0.0
sideways_low,2018-06-30 12:00:00+07:00,2018-07-18 01:00:00+07:00,59,64,0,,,,,0.0,1000.0,0.0
sideways_low,2018-06-30 12:00:00+07:00,2018-07-18 01:00:00+07:00,58,65,0,,,,,0.0,1000.0,0.0
sideways_low,2018-06-30 12:00:00+07:00,2018-07-18 01:00:00+07:00,70,94,0,,,,,0.0,1000.0,0.0
bull_low,2018-07-18 03:00:00+07:00,2018-07-21 14:00:00+07:00,60,63,0,,,,,0.0,1000.0,0.0
bull_low,2018-07-18 03:00:00+07:00,2018-07-21 14:00:00+07:00,61,62,0,,,,,0.0,1000.0,0.0
bull_low,2018-07-18 03:00:00+07:00,2018-07-21 14:00:00+07:00,59,64,0,,,,,0.0,1000.0,0.0
bull_low,2018-07-18 03:00:00+07:00,2018-07-21 14:00:00+07:00,58,65,0,,,,,0.0,1000.0,0.0
bull_low,2018-07-18 03:00:00+07:00,2018-07-21 14:00:00+07:00,70,94,0,,,,,0.0,1000.0,0.0
bull_low,2018-07-23 15:00:00+07:00,2018-07-27 09:00:00+07:00,60,63,0,,,,,0.0,1000.0,0.0
bull_low,2018-07-23 15:00:00+07:00,2018-07-27 09:00:00+07:00,61,62,0,,,,,0.0,1000.0,0.0
bull_low,2018-07-23 15:00:00+07:00,2018-07-27 09:00:00+07:00,59,64,0,,,,,0.0,1000.0,0.0
bull_low,2018-07-23 15:00:00+07:00,2018-07-27 09:00:00+07:00,58,65,0,,,,,0.0,1000.0,0.0
bull_low,2018-07-23 15:00:00+07:00,2018-07-27 09:00:00+07:00,70,94,0,,,,,0.0,1000.0,0.0
sideways_low,2018-07-27 10:00:00+07:00,2018-08-05 00:00:00+07:00,60,63,0,,,,,0.0,1000.0,0.0
sideways_low,2018-07-27 10:00:00+07:00,2018-08-05 00:00:00+07:00,61,62,0,,,,,0.0,1000.0,0.0
sideways_low,2018-07-27 10:00:00+07:00,2018-08-05 00:00:00+07:00,59,64,0,,,,,0.0,1000.0,0.0
sideways_low,2018-07-27 10:00:00+07:00,2018-08-05 00:00:00+07:00,58,65,0,,,,,0.0,1000.0,0.0
sideways_low,2018-07-27 10:00:00+07:00,2018-08-05 00:00:00+07:00,70,94,0,,,,,0.0,1000.0,0.0
bear_low,2018-08-05 01:00:00+07:00,2018-08-07 21:00:00+07:00,60,63,0,,,,,0.0,1000.0,0.0
bear_low,2018-08-05 01:00:00+07:00,2018-08-07 21:00:00+07:00,61,62,0,,,,,0.0,1000.0,0.0
bear_low,2018-08-05 01:00:00+07:00,2018-08-07 21:00:00+07:00,59,64,0,,,,,0.0,1000.0,0.0
bear_low,2018-08-05 01:00:00+07:00,2018-08-07 21:00:00+07:00,58,65,0,,,,,0.0,1000.0,0.0
bear_low,2018-08-05 01:00:00+07:00,2018-08-07 21:00:00+07:00,70,94,0,,,,,0.0,1000.0,0.0
sideways_low,2018-08-17 18:00:00+07:00,2018-08-23 04:00:00+07:00,60,63,0,,,,,0.0,1000.0,0.0
sideways_low,2018-08-17 18:00:00+07:00,2018-08-23 04:00:00+07:00,61,62,0,,,,,0.0,1000.0,0.0
sideways_low,2018-08-17 18:00:00+07:00,2018-08-23 04:00:00+07:00,59,64,0,,,,,0.0,1000.0,0.0
sideways_low,2018-08-17 18:00:00+07:00,2018-08-23 04:00:00+07:00,58,65,0,,,,,0.0,1000.0,0.0
sideways_low,2018-08-17 18:00:00+07:00,2018-08-23 04:00:00+07:00,70,94,0,,,,,0.0,1000.0,0.0
sideways_low,2018-08-23 08:00:00+07:00,2018-08-29 06:00:00+07:00,60,63,0,,,,,0.0,1000.0,0.0
sideways_low,2018-08-23 08:00:00+07:00,2018-08-29 06:00:00+07:00,61,62,0,,,,,0.0,1000.0,0.0
sideways_low,2018-08-23 08:00:00+07:00,2018-08-29 06:00:00+07:00,59,64,0,,,,,0.0,1000.0,0.0
sideways_low,2018-08-23 08:00:00+07:00,2018-08-29 06:00:00+07:00,58,65,0,,,,,0.0,1000.0,0.0
sideways_low,2018-08-23 08:00:00+07:00,2018-08-29 06:00:00+07:00,70,94,0,,,,,0.0,1000.0,0.0
sideways_low,2018-08-29 22:00:00+07:00,2018-09-06 06:00:00+07:00,60,63,0,,,,,0.0,1000.0,0.0
sideways_low,2018-08-29 22:00:00+07:00,2018-09-06 06:00:00+07:00,61,62,0,,,,,0.0,1000.0,0.0
sideways_low,2018-08-29 22:00:00+07:00,2018-09-06 06:00:00+07:00,59,64,0,,,,,0.0,1000.0,0.0
sideways_low,2018-08-29 22:00:00+07:00,2018-09-06 06:00:00+07:00,58,65,0,,,,,0.0,1000.0,0.0
sideways_low,2018-08-29 22:00:00+07:00,2018-09-06 06:00:00+07:00,70,94,0,,,,,0.0,1000.0,0.0
bear_low,2018-09-07 03:00:00+07:00,2018-09-10 08:00:00+07:00,60,63,0,,,,,0.0,1000.0,0.0
bear_low,2018-09-07 03:00:00+07:00,2018-09-10 08:00:00+07:00,61,62,0,,,,,0.0,1000.0,0.0
bear_low,2018-09-07 03:00:00+07:00,2018-09-10 08:00:00+07:00,59,64,0,,,,,0.0,1000.0,0.0
bear_low,2018-09-07 03:00:00+07:00,2018-09-10 08:00:00+07:00,58,65,0,,,,,0.0,1000.0,0.0
bear_low,2018-09-07 03:00:00+07:00,2018-09-10 08:00:00+07:00,70,94,0,,,,,0.0,1000.0,0.0
sideways_low,2018-09-10 09:00:00+07:00,2018-10-15 12:00:00+07:00,60,63,5,40.0,0.206124,-1.981008,0.0694,0.5531,994.4692,-0.5531
sideways_low,2018-09-10 09:00:00+07:00,2018-10-15 12:00:00+07:00,61,62,5,40.0,0.242022,-1.981008,0.0814,0.5459,994.541,-0.5459
sideways_low,2018-09-10 09:00:00+07:00,2018-10-15 12:00:00+07:00,59,64,5,40.0,0.206124,-1.981008,0.0694,0.5531,994.4692,-0.5531
sideways_low,2018-09-10 09:00:00+07:00,2018-10-15 12:00:00+07:00,58,65,5,40.0,0.164645,-1.981008,0.0554,0.5614,994.3863,-0.5614
sideways_low,2018-09-10 09:00:00+07:00,2018-10-15 12:00:00+07:00,70,94,4,0.0,,-2.306011,0.0,0.9224,990.776,-0.9224
sideways_low,2018-10-16 16:00:00+07:00,2018-11-14 23:00:00+07:00,60,63,3,0.0,,-1.051574,0.0,0.3155,996.8453,-0.3155
sideways_low,2018-10-16 16:00:00+07:00,2018-11-14 23:00:00+07:00,61,62,3,0.0,,-1.051574,0.0,0.3155,996.8453,-0.3155
sideways_low,2018-10-16 16:00:00+07:00,2018-11-14 23:00:00+07:00,59,64,3,0.0,,-1.051574,0.0,0.3155,996.8453,-0.3155
sideways_low,2018-10-16 16:00:00+07:00,2018-11-14 23:00:00+07:00,58,65,3,0.0,,-1.051574,0.0,0.3155,996.8453,-0.3155
sideways_low,2018-10-16 16:00:00+07:00,2018-11-14 23:00:00+07:00,70,94,1,0.0,,-0.991261,0.0,0.0991,999.0087,-0.0991
bear_low,2018-11-16 20:00:00+07:00,2018-11-19 16:00:00+07:00,60,63,0,,,,,0.0,1000.0,0.0
bear_low,2018-11-16 20:00:00+07:00,2018-11-19 16:00:00+07:00,61,62,0,,,,,0.0,1000.0,0.0
bear_low,2018-11-16 20:00:00+07:00,2018-11-19 16:00:00+07:00,59,64,0,,,,,0.0,1000.0,0.0
bear_low,2018-11-16 20:00:00+07:00,2018-11-19 16:00:00+07:00,58,65,0,,,,,0.0,1000.0,0.0
bear_low,2018-11-16 20:00:00+07:00,2018-11-19 16:00:00+07:00,70,94,0,,,,,0.0,1000.0,0.0
bear_high,2018-11-19 17:00:00+07:00,2018-11-24 21:00:00+07:00,60,63,0,,,,,0.0,1000.0,0.0
bear_high,2018-11-19 17:00:00+07:00,2018-11-24 21:00:00+07:00,61,62,0,,,,,0.0,1000.0,0.0
bear_high,2018-11-19 17:00:00+07:00,2018-11-24 21:00:00+07:00,59,64,0,,,,,0.0,1000.0,0.0
bear_high,2018-11-19 17:00:00+07:00,2018-11-24 21:00:00+07:00,58,65,0,,,,,0.0,1000.0,0.0
bear_high,2018-11-19 17:00:00+07:00,2018-11-24 21:00:00+07:00,70,94,0,,,,,0.0,1000.0,0.0
bear_high,2018-11-25 04:00:00+07:00,2018-11-29 01:00:00+07:00,60,63,0,,,,,0.0,1000.0,0.0
bear_high,2018-11-25 04:00:00+07:00,2018-11-29 01:00:00+07:00,61,62,0,,,,,0.0,1000.0,0.0
bear_high,2018-11-25 04:00:00+07:00,2018-11-29 01:00:00+07:00,59,64,0,,,,,0.0,1000.0,0.0
bear_high,2018-11-25 04:00:00+07:00,2018-11-29 01:00:00+07:00,58,65,0,,,,,0.0,1000.0,0.0
bear_high,2018-11-25 04:00:00+07:00,2018-11-29 01:00:00+07:00,70,94,0,,,,,0.0,1000.0,0.0
sideways_high,2018-11-29 02:00:00+07:00,2018-12-01 08:00:00+07:00,60,63,0,,,,,0.0,1000.0,0.0
sideways_high,2018-11-29 02:00:00+07:00,2018-12-01 08:00:00+07:00,61,62,0,,,,,0.0,1000.0,0.0
sideways_high,2018-11-29 02:00:00+07:00,2018-12-01 08:00:00+07:00,59,64,0,,,,,0.0,1000.0,0.0
sideways_high,2018-11-29 02:00:00+07:00,2018-12-01 08:00:00+07:00,58,65,0,,,,,0.0,1000.0,0.0
sideways_high,2018-11-29 02:00:00+07:00,2018-12-01 08:00:00+07:00,70,94,1,0.0,,-6.103917,0.0,0.6104,993.8961,-0.6104
sideways_high,2018-12-01 19:00:00+07:00,2018-12-04 02:00:00+07:00,60,63,0,,,,,0.0,1000.0,0.0
sideways_high,2018-12-01 19:00:00+07:00,2018-12-04 02:00:00+07:00,61,62,0,,,,,0.0,1000.0,0.0
sideways_high,2018-12-01 19:00:00+07:00,2018-12-04 02:00:00+07:00,59,64,0,,,,,0.0,1000.0,0.0
sideways_high,2018-12-01 19:00:00+07:00,2018-12-04 02:00:00+07:00,58,65,0,,,,,0.0,1000.0,0.0
sideways_high,2018-12-01 19:00:00+07:00,2018-12-04 02:00:00+07:00,70,94,0,,,,,0.0,1000.0,0.0
bear_high,2018-12-06 09:00:00+07:00,2018-12-10 10:00:00+07:00,60,63,0,,,,,0.0,1000.0,0.0
bear_high,2018-12-06 09:00:00+07:00,2018-12-10 10:00:00+07:00,61,62,0,,,,,0.0,1000.0,0.0
bear_high,2018-12-06 09:00:00+07:00,2018-12-10 10:00:00+07:00,59,64,0,,,,,0.0,1000.0,0.0
bear_high,2018-12-06 09:00:00+07:00,2018-12-10 10:00:00+07:00,58,65,0,,,,,0.0,1000.0,0.0
bear_high,2018-12-06 09:00:00+07:00,2018-12-10 10:00:00+07:00,70,94,0,,,,,0.0,1000.0,0.0
bear_low,2018-12-14 10:00:00+07:00,2018-12-16 18:00:00+07:00,60,63,0,,,,,0.0,1000.0,0.0
bear_low,2018-12-14 10:00:00+07:00,2018-12-16 18:00:00+07:00,61,62,0,,,,,0.0,1000.0,0.0
bear_low,2018-12-14 10:00:00+07:00,2018-12-16 18:00:00+07:00,59,64,0,,,,,0.0,1000.0,0.0
bear_low,2018-12-14 10:00:00+07:00,2018-12-16 18:00:00+07:00,58,65,0,,,,,0.0,1000.0,0.0
bear_low,2018-12-14 10:00:00+07:00,2018-12-16 18:00:00+07:00,70,94,0,,,,,0.0,1000.0,0.0
bull_high,2018-12-19 15:00:00+07:00,2018-12-22 16:00:00+07:00,60,63,0,,,,,0.0,1000.0,0.0
bull_high,2018-12-19 15:00:00+07:00,2018-12-22 16:00:00+07:00,61,62,0,,,,,0.0,1000.0,0.0
bull_high,2018-12-19 15:00:00+07:00,2018-12-22 16:00:00+07:00,59,64,0,,,,,0.0,1000.0,0.0
bull_high,2018-12-19 15:00:00+07:00,2018-12-22 16:00:00+07:00,58,65,0,,,,,0.0,1000.0,0.0
bull_high,2018-12-19 15:00:00+07:00,2018-12-22 16:00:00+07:00,70,94,0,,,,,0.0,1000.0,0.0
sideways_low,2018-12-31 05:00:00+07:00,2019-01-11 07:00:00+07:00,60,63,2,0.0,,-1.55215,0.0,0.3104,996.8957,-0.3104
sideways_low,2018-12-31 05:00:00+07:00,2019-01-11 07:00:00+07:00,61,62,2,0.0,,-1.55215,0.0,0.3104,996.8957,-0.3104
sideways_low,2018-12-31 05:00:00+07:00,2019-01-11 07:00:00+07:00,59,64,2,0.0,,-1.55215,0.0,0.3104,996.8957,-0.3104
sideways_low,2018-12-31 05:00:00+07:00,2019-01-11 07:00:00+07:00,58,65,2,0.0,,-1.55215,0.0,0.3104,996.8957,-0.3104
sideways_low,2018-12-31 05:00:00+07:00,2019-01-11 07:00:00+07:00,70,94,1,0.0,,-1.970126,0.0,0.197,998.0299,-0.197
sideways_low,2019-01-14 23:00:00+07:00,2019-02-19 08:00:00+07:00,60,63,5,0.0,,-1.630809,0.0,0.8154,991.846,-0.8154
sideways_low,2019-01-14 23:00:00+07:00,2019-02-19 08:00:00+07:00,61,62,5,0.0,,-1.630809,0.0,0.8154,991.846,-0.8154
sideways_low,2019-01-14 23:00:00+07:00,2019-02-19 08:00:00+07:00,59,64,5,0.0,,-1.630809,0.0,0.8154,991.846,-0.8154
sideways_low,2019-01-14 23:00:00+07:00,2019-02-19 08:00:00+07:00,58,65,5,0.0,,-1.630809,0.0,0.8154,991.846,-0.8154
sideways_low,2019-01-14 23:00:00+07:00,2019-02-19 08:00:00+07:00,70,94,4,0.0,,-2.059196,0.0,0.8237,991.7632,-0.8237
sideways_low,2019-02-21 13:00:00+07:00,2019-02-24 13:00:00+07:00,60,63,0,,,,,0.0,1000.0,0.0
sideways_low,2019-02-21 13:00:00+07:00,2019-02-24 13:00:00+07:00,61,62,0,,,,,0.0,1000.0,0.0
sideways_low,2019-02-21 13:00:00+07:00,2019-02-24 13:00:00+07:00,59,64,0,,,,,0.0,1000.0,0.0
sideways_low,2019-02-21 13:00:00+07:00,2019-02-24 13:00:00+07:00,58,65,0,,,,,0.0,1000.0,0.0
sideways_low,2019-02-21 13:00:00+07:00,2019-02-24 13:00:00+07:00,70,94,0,,,,,0.0,1000.0,0.0
sideways_low,2019-02-25 04:00:00+07:00,2019-04-02 11:00:00+07:00,60,63,3,66.67,1.152687,-0.636652,3.6211,0.0635,1001.6687,0.1669
sideways_low,2019-02-25 04:00:00+07:00,2019-04-02 11:00:00+07:00,61,62,3,66.67,1.152687,-0.636652,3.6211,0.0635,1001.6687,0.1669
sideways_low,2019-02-25 04:00:00+07:00,2019-04-02 11:00:00+07:00,59,64,3,66.67,1.152687,-0.616477,3.7396,0.0615,1001.6889,0.1689
sideways_low,2019-02-25 04:00:00+07:00,2019-04-02 11:00:00+07:00,58,65,3,66.67,1.143489,-0.616477,3.7098,0.0615,1001.6705,0.1671
sideways_low,2019-02-25 04:00:00+07:00,2019-04-02 11:00:00+07:00,70,94,2,50.0,1.716892,-0.101974,16.8366,0.0102,1001.6149,0.1615
bull_high,2019-04-03 06:00:00+07:00,2019-04-05 12:00:00+07:00,60,63,0,,,,,0.0,1000.0,0.0
bull_high,2019-04-03 06:00:00+07:00,2019-04-05 12:00:00+07:00,61,62,0,,,,,0.0,1000.0,0.0
bull_high,2019-04-03 06:00:00+07:00,2019-04-05 12:00:00+07:00,59,64,0,,,,,0.0,1000.0,0.0
bull_high,2019-04-03 06:00:00+07:00,2019-04-05 12:00:00+07:00,58,65,0,,,,,0.0,1000.0,0.0
bull_high,2019-04-03 06:00:00+07:00,2019-04-05 12:00:00+07:00,70,94,0,,,,,0.0,1000.0,0.0
bull_low,2019-04-05 13:00:00+07:00,2019-04-10 00:00:00+07:00,60,63,0,,,,,0.0,1000.0,0.0
bull_low,2019-04-05 13:00:00+07:00,2019-04-10 00:00:00+07:00,61,62,0,,,,,0.0,1000.0,0.0
bull_low,2019-04-05 13:00:00+07:00,2019-04-10 00:00:00+07:00,59,64,0,,,,,0.0,1000.0,0.0
bull_low,2019-04-05 13:00:00+07:00,2019-04-10 00:00:00+07:00,58,65,0,,,,,0.0,1000.0,0.0
bull_low,2019-04-05 13:00:00+07:00,2019-04-10 00:00:00+07:00,70,94,0,,,,,0.0,1000.0,0.0
sideways_low,2019-04-11 21:00:00+07:00,2019-04-26 08:00:00+07:00,60,63,2,50.0,3.223836,-1.808101,1.783,0.1808,1001.4157,0.1416
sideways_low,2019-04-11 21:00:00+07:00,2019-04-26 08:00:00+07:00,61,62,2,50.0,3.223836,-1.808101,1.783,0.1808,1001.4157,0.1416
sideways_low,2019-04-11 21:00:00+07:00,2019-04-26 08:00:00+07:00,59,64,2,50.0,3.223836,-1.808101,1.783,0.1808,1001.4157,0.1416
sideways_low,2019-04-11 21:00:00+07:00,2019-04-26 08:00:00+07:00,58,65,2,50.0,3.223836,-1.808101,1.783,0.1808,1001.4157,0.1416
sideways_low,2019-04-11 21:00:00+07:00,2019-04-26 08:00:00+07:00,70,94,1,0.0,,-2.327258,0.0,0.2327,997.6727,-0.2327
sideways_low,2019-04-26 14:00:00+07:00,2019-05-03 23:00:00+07:00,60,63,0,,,,,0.0,1000.0,0.0
sideways_low,2019-04-26 14:00:00+07:00,2019-05-03 23:00:00+07:00,61,62,0,,,,,0.0,1000.0,0.0
sideways_low,2019-04-26 14:00:00+07:00,2019-05-03 23:00:00+07:00,59,64,0,,,,,0.0,1000.0,0.0
sideways_low,2019-04-26 14:00:00+07:00,2019-05-03 23:00:00+07:00,58,65,0,,,,,0.0,1000.0,0.0
sideways_low,2019-04-26 14:00:00+07:00,2019-05-03 23:00:00+07:00,70,94,0,,,,,0.0,1000.0,0.0
sideways_low,2019-05-05 03:00:00+07:00,2019-05-09 22:00:00+07:00,60,63,0,,,,,0.0,1000.0,0.0
sideways_low,2019-05-05 03:00:00+07:00,2019-05-09 22:00:00+07:00,61,62,0,,,,,0.0,1000.0,0.0
sideways_low,2019-05-05 03:00:00+07:00,2019-05-09 22:00:00+07:00,59,64,0,,,,,0.0,1000.0,0.0
sideways_low,2019-05-05 03:00:00+07:00,2019-05-09 22:00:00+07:00,58,65,0,,,,,0.0,1000.0,0.0
sideways_low,2019-05-05 03:00:00+07:00,2019-05-09 22:00:00+07:00,70,94,0,,,,,0.0,1000.0,0.0
bull_high,2019-05-11 13:00:00+07:00,2019-05-17 17:00:00+07:00,60,63,0,,,,,0.0,1000.0,0.0
bull_high,2019-05-11 13:00:00+07:00,2019-05-17 17:00:00+07:00,61,62,0,,,,,0.0,1000.0,0.0
bull_high,2019-05-11 13:00:00+07:00,2019-05-17 17:00:00+07:00,59,64,0,,,,,0.0,1000.0,0.0
bull_high,2019-05-11 13:00:00+07:00,2019-05-17 17:00:00+07:00,58,65,0,,,,,0.0,1000.0,0.0
bull_high,2019-05-11 13:00:00+07:00,2019-05-17 17:00:00+07:00,70,94,0,,,,,0.0,1000.0,0.0
sideways_low,2019-05-23 17:00:00+07:00,2019-05-27 04:00:00+07:00,60,63,0,,,,,0.0,1000.0,0.0
sideways_low,2019-05-23 17:00:00+07:00,2019-05-27 04:00:00+07:00,61,62,0,,,,,0.0,1000.0,0.0
sideways_low,2019-05-23 17:00:00+07:00,2019-05-27 04:00:00+07:00,59,64,0,,,,,0.0,1000.0,0.0
sideways_low,2019-05-23 17:00:00+07:00,2019-05-27 04:00:00+07:00,58,65,0,,,,,0.0,1000.0,0.0
sideways_low,2019-05-23 17:00:00+07:00,2019-05-27 04:00:00+07:00,70,94,0,,,,,0.0,1000.0,0.0
bull_low,2019-05-27 13:00:00+07:00,2019-05-29 18:00:00+07:00,60,63,0,,,,,0.0,1000.0,0.0
bull_low,2019-05-27 13:00:00+07:00,2019-05-29 18:00:00+07:00,61,62,0,,,,,0.0,1000.0,0.0
bull_low,2019-05-27 13:00:00+07:00,2019-05-29 18:00:00+07:00,59,64,0,,,,,0.0,1000.0,0.0
bull_low,2019-05-27 13:00:00+07:00,2019-05-29 18:00:00+07:00,58,65,0,,,,,0.0,1000.0,0.0
bull_low,2019-05-27 13:00:00+07:00,2019-05-29 18:00:00+07:00,70,94,0,,,,,0.0,1000.0,0.0
sideways_low,2019-06-01 01:00:00+07:00,2019-06-04 05:00:00+07:00,60,63,1,0.0,,-1.096694,0.0,0.1097,998.9033,-0.1097
sideways_low,2019-06-01 01:00:00+07:00,2019-06-04 05:00:00+07:00,61,62,1,0.0,,-1.096694,0.0,0.1097,998.9033,-0.1097
sideways_low,2019-06-01 01:00:00+07:00,2019-06-04 05:00:00+07:00,59,64,1,0.0,,-1.096694,0.0,0.1097,998.9033,-0.1097
sideways_low,2019-06-01 01:00:00+07:00,2019-06-04 05:00:00+07:00,58,65,1,0.0,,-1.096694,0.0,0.1097,998.9033,-0.1097
sideways_low,2019-06-01 01:00:00+07:00,2019-06-04 05:00:00+07:00,70,94,0,,,,,0.0,1000.0,0.0
sideways_low,2019-06-07 11:00:00+07:00,2019-06-15 14:00:00+07:00,60,63,1,0.0,,-1.900277,0.0,0.19,998.0997,-0.19
sideways_low,2019-06-07 11:00:00+07:00,2019-06-15 14:00:00+07:00,61,62,1,0.0,,-1.900277,0.0,0.19,998.0997,-0.19
sideways_low,2019-06-07 11:00:00+07:00,2019-06-15 14:00:00+07:00,59,64,1,0.0,,-1.900277,0.0,0.19,998.0997,-0.19
sideways_low,2019-06-07 11:00:00+07:00,2019-06-15 14:00:00+07:00,58,65,1,0.0,,-1.900277,0.0,0.19,998.0997,-0.19
sideways_low,2019-06-07 11:00:00+07:00,2019-06-15 14:00:00+07:00,70,94,0,,,,,0.0,1000.0,0.0
bull_high,2019-06-22 08:00:00+07:00,2019-06-24 23:00:00+07:00,60,63,0,,,,,0.0,1000.0,0.0
bull_high,2019-06-22 08:00:00+07:00,2019-06-24 23:00:00+07:00,61,62,0,,,,,0.0,1000.0,0.0
bull_high,2019-06-22 08:00:00+07:00,2019-06-24 23:00:00+07:00,59,64,0,,,,,0.0,1000.0,0.0
bull_high,2019-06-22 08:00:00+07:00,2019-06-24 23:00:00+07:00,58,65,0,,,,,0.0,1000.0,0.0
bull_high,2019-06-22 08:00:00+07:00,2019-06-24 23:00:00+07:00,70,94,0,,,,,0.0,1000.0,0.0
sideways_high,2019-07-03 09:00:00+07:00,2019-07-07 13:00:00+07:00,60,63,1,0.0,,-8.117839,0.0,0.8118,991.8822,-0.8118
sideways_high,2019-07-03 09:00:00+07:00,2019-07-07 13:00:00+07:00,61,62,1,0.0,,-8.117839,0.0,0.8118,991.8822,-0.8118
sideways_high,2019-07-03 09:00:00+07:00,2019-07-07 13:00:00+07:00,59,64,1,0.0,,-8.117839,0.0,0.8118,991.8822,-0.8118
sideways_high,2019-07-03 09:00:00+07:00,2019-07-07 13:00:00+07:00,58,65,1,0.0,,-8.117839,0.0,0.8118,991.8822,-0.8118
sideways_high,2019-07-03 09:00:00+07:00,2019-07-07 13:00:00+07:00,70,94,1,0.0,,-5.832745,0.0,0.5833,994.1673,-0.5833
sideways_high,2019-07-11 09:00:00+07:00,2019-07-13 13:00:00+07:00,60,63,0,,,,,0.0,1000.0,0.0
sideways_high,2019-07-11 09:00:00+07:00,2019-07-13 13:00:00+07:00,61,62,0,,,,,0.0,1000.0,0.0
sideways_high,2019-07-11 09:00:00+07:00,2019-07-13 13:00:00+07:00,59,64,0,,,,,0.0,1000.0,0.0
sideways_high,2019-07-11 09:00:00+07:00,2019-07-13 13:00:00+07:00,58,65,0,,,,,0.0,1000.0,0.0
sideways_high,2019-07-11 09:00:00+07:00,2019-07-13 13:00:00+07:00,70,94,0,,,,,0.0,1000.0,0.0
bear_high,2019-07-16 23:00:00+07:00,2019-07-19 04:00:00+07:00,60,63,0,,,,,0.0,1000.0,0.0
bear_high,2019-07-16 23:00:00+07:00,2019-07-19 04:00:00+07:00,61,62,0,,,,,0.0,1000.0,0.0
bear_high,2019-07-16 23:00:00+07:00,2019-07-19 04:00:00+07:00,59,64,0,,,,,0.0,1000.0,0.0
bear_high,2019-07-16 23:00:00+07:00,2019-07-19 04:00:00+07:00,58,65,0,,,,,0.0,1000.0,0.0
bear_high,2019-07-16 23:00:00+07:00,2019-07-19 04:00:00+07:00,70,94,0,,,,,0.0,1000.0,0.0
sideways_low,2019-07-25 13:00:00+07:00,2019-07-28 07:00:00+07:00,60,63,0,,,,,0.0,1000.0,0.0
sideways_low,2019-07-25 13:00:00+07:00,2019-07-28 07:00:00+07:00,61,62,0,,,,,0.0,1000.0,0.0
sideways_low,2019-07-25 13:00:00+07:00,2019-07-28 07:00:00+07:00,59,64,0,,,,,0.0,1000.0,0.0
sideways_low,2019-07-25 13:00:00+07:00,2019-07-28 07:00:00+07:00,58,65,0,,,,,0.0,1000.0,0.0
sideways_low,2019-07-25 13:00:00+07:00,2019-07-28 07:00:00+07:00,70,94,0,,,,,0.0,1000.0,0.0
sideways_low,2019-07-28 23:00:00+07:00,2019-08-02 22:00:00+07:00,60,63,0,,,,,0.0,1000.0,0.0
sideways_low,2019-07-28 23:00:00+07:00,2019-08-02 22:00:00+07:00,61,62,0,,,,,0.0,1000.0,0.0
sideways_low,2019-07-28 23:00:00+07:00,2019-08-02 22:00:00+07:00,59,64,0,,,,,0.0,1000.0,0.0
sideways_low,2019-07-28 23:00:00+07:00,2019-08-02 22:00:00+07:00,58,65,0,,,,,0.0,1000.0,0.0
sideways_low,2019-07-28 23:00:00+07:00,2019-08-02 22:00:00+07:00,70,94,0,,,,,0.0,1000.0,0.0
sideways_low,2019-08-09 10:00:00+07:00,2019-08-14 15:00:00+07:00,60,63,0,,,,,0.0,1000.0,0.0
sideways_low,2019-08-09 10:00:00+07:00,2019-08-14 15:00:00+07:00,61,62,0,,,,,0.0,1000.0,0.0
sideways_low,2019-08-09 10:00:00+07:00,2019-08-14 15:00:00+07:00,59,64,0,,,,,0.0,1000.0,0.0
sideways_low,2019-08-09 10:00:00+07:00,2019-08-14 15:00:00+07:00,58,65,0,,,,,0.0,1000.0,0.0
sideways_low,2019-08-09 10:00:00+07:00,2019-08-14 15:00:00+07:00,70,94,0,,,,,0.0,1000.0,0.0
bear_high,2019-08-15 06:00:00+07:00,2019-08-17 12:00:00+07:00,60,63,0,,,,,0.0,1000.0,0.0
bear_high,2019-08-15 06:00:00+07:00,2019-08-17 12:00:00+07:00,61,62,0,,,,,0.0,1000.0,0.0
bear_high,2019-08-15 06:00:00+07:00,2019-08-17 12:00:00+07:00,59,64,0,,,,,0.0,1000.0,0.0
bear_high,2019-08-15 06:00:00+07:00,2019-08-17 12:00:00+07:00,58,65,0,,,,,0.0,1000.0,0.0
bear_high,2019-08-15 06:00:00+07:00,2019-08-17 12:00:00+07:00,70,94,0,,,,,0.0,1000.0,0.0
sideways_low,2019-08-18 17:00:00+07:00,2019-08-21 18:00:00+07:00,60,63,1,0.0,,-4.62671,0.0,0.4627,995.3733,-0.4627
sideways_low,2019-08-18 17:00:00+07:00,2019-08-21 18:00:00+07:00,61,62,1,0.0,,-4.62671,0.0,0.4627,995.3733,-0.4627
sideways_low,2019-08-18 17:00:00+07:00,2019-08-21 18:00:00+07:00,59,64,1,0.0,,-4.62671,0.0,0.4627,995.3733,-0.4627
sideways_low,2019-08-18 17:00:00+07:00,2019-08-21 18:00:00+07:00,58,65,1,0.0,,-4.62671,0.0,0.4627,995.3733,-0.4627
sideways_low,2019-08-18 17:00:00+07:00,2019-08-21 18:00:00+07:00,70,94,1,0.0,,-6.535442,0.0,0.6535,993.4646,-0.6535
sideways_low,2019-08-22 17:00:00+07:00,2019-08-26 09:00:00+07:00,60,63,0,,,,,0.0,1000.0,0.0
sideways_low,2019-08-22 17:00:00+07:00,2019-08-26 09:00:00+07:00,61,62,0,,,,,0.0,1000.0,0.0
sideways_low,2019-08-22 17:00:00+07:00,2019-08-26 09:00:00+07:00,59,64,0,,,,,0.0,1000.0,0.0
sideways_low,2019-08-22 17:00:00+07:00,2019-08-26 09:00:00+07:00,58,65,0,,,,,0.0,1000.0,0.0
sideways_low,2019-08-22 17:00:00+07:00,2019-08-26 09:00:00+07:00,70,94,0,,,,,0.0,1000.0,0.0
sideways_low,2019-08-26 12:00:00+07:00,2019-08-29 16:00:00+07:00,60,63,0,,,,,0.0,1000.0,0.0
sideways_low,2019-08-26 12:00:00+07:00,2019-08-29 16:00:00+07:00,61,62,0,,,,,0.0,1000.0,0.0
sideways_low,2019-08-26 12:00:00+07:00,2019-08-29 16:00:00+07:00,59,64,0,,,,,0.0,1000.0,0.0
sideways_low,2019-08-26 12:00:00+07:00,2019-08-29 16:00:00+07:00,58,65,0,,,,,0.0,1000.0,0.0
sideways_low,2019-08-26 12:00:00+07:00,2019-08-29 16:00:00+07:00,70,94,1,0.0,,-1.918565,0.0,0.1919,998.0814,-0.1919
sideways_low,2019-08-31 01:00:00+07:00,2019-09-04 01:00:00+07:00,60,63,0,,,,,0.0,1000.0,0.0
sideways_low,2019-08-31 01:00:00+07:00,2019-09-04 01:00:00+07:00,61,62,0,,,,,0.0,1000.0,0.0
sideways_low,2019-08-31 01:00:00+07:00,2019-09-04 01:00:00+07:00,59,64,0,,,,,0.0,1000.0,0.0
sideways_low,2019-08-31 01:00:00+07:00,2019-09-04 01:00:00+07:00,58,65,0,,,,,0.0,1000.0,0.0
sideways_low,2019-08-31 01:00:00+07:00,2019-09-04 01:00:00+07:00,70,94,0,,,,,0.0,1000.0,0.0
sideways_low,2019-09-04 21:00:00+07:00,2019-09-25 00:00:00+07:00,60,63,1,0.0,,-2.387846,0.0,0.2388,997.6122,-0.2388
sideways_low,2019-09-04 21:00:00+07:00,2019-09-25 00:00:00+07:00,61,62,1,0.0,,-2.387846,0.0,0.2388,997.6122,-0.2388
sideways_low,2019-09-04 21:00:00+07:00,2019-09-25 00:00:00+07:00,59,64,1,0.0,,-2.387846,0.0,0.2388,997.6122,-0.2388
sideways_low,2019-09-04 21:00:00+07:00,2019-09-25 00:00:00+07:00,58,65,1,0.0,,-2.387846,0.0,0.2388,997.6122,-0.2388
sideways_low,2019-09-04 21:00:00+07:00,2019-09-25 00:00:00+07:00,70,94,1,0.0,,-1.581253,0.0,0.1581,998.4187,-0.1581
bear_low,2019-09-28 06:00:00+07:00,2019-10-01 08:00:00+07:00,60,63,0,,,,,0.0,1000.0,0.0
bear_low,2019-09-28 06:00:00+07:00,2019-10-01 08:00:00+07:00,61,62,0,,,,,0.0,1000.0,0.0
bear_low,2019-09-28 06:00:00+07:00,2019-10-01 08:00:00+07:00,59,64,0,,,,,0.0,1000.0,0.0
bear_low,2019-09-28 06:00:00+07:00,2019-10-01 08:00:00+07:00,58,65,0,,,,,0.0,1000.0,0.0
bear_low,2019-09-28 06:00:00+07:00,2019-10-01 08:00:00+07:00,70,94,0,,,,,0.0,1000.0,0.0
sideways_low,2019-10-01 09:00:00+07:00,2019-10-24 04:00:00+07:00,60,63,3,33.33,0.453825,-2.208671,0.1027,0.4415,996.0365,-0.3964
sideways_low,2019-10-01 09:00:00+07:00,2019-10-24 04:00:00+07:00,61,62,3,33.33,0.453825,-2.208671,0.1027,0.4415,996.0365,-0.3964
sideways_low,2019-10-01 09:00:00+07:00,2019-10-24 04:00:00+07:00,59,64,3,33.33,0.453825,-2.208671,0.1027,0.4415,996.0365,-0.3964
sideways_low,2019-10-01 09:00:00+07:00,2019-10-24 04:00:00+07:00,58,65,3,33.33,0.453825,-2.208671,0.1027,0.4415,996.0365,-0.3964
sideways_low,2019-10-01 09:00:00+07:00,2019-10-24 04:00:00+07:00,70,94,2,50.0,1.121325,-3.259754,0.344,0.3256,997.8616,-0.2138
bull_high,2019-10-26 10:00:00+07:00,2019-10-29 04:00:00+07:00,60,63,0,,,,,0.0,1000.0,0.0
bull_high,2019-10-26 10:00:00+07:00,2019-10-29 04:00:00+07:00,61,62,0,,,,,0.0,1000.0,0.0
bull_high,2019-10-26 10:00:00+07:00,2019-10-29 04:00:00+07:00,59,64,0,,,,,0.0,1000.0,0.0
bull_high,2019-10-26 10:00:00+07:00,2019-10-29 04:00:00+07:00,58,65,0,,,,,0.0,1000.0,0.0
bull_high,2019-10-26 10:00:00+07:00,2019-10-29 04:00:00+07:00,70,94,0,,,,,0.0,1000.0,0.0
sideways_low,2019-10-30 17:00:00+07:00,2019-11-19 18:00:00+07:00,60,63,3,0.0,,-0.819285,0.0,0.2458,997.5421,-0.2458
sideways_low,2019-10-30 17:00:00+07:00,2019-11-19 18:00:00+07:00,61,62,3,0.0,,-0.819285,0.0,0.2458,997.5421,-0.2458
sideways_low,2019-10-30 17:00:00+07:00,2019-11-19 18:00:00+07:00,59,64,3,0.0,,-0.819285,0.0,0.2458,997.5421,-0.2458
sideways_low,2019-10-30 17:00:00+07:00,2019-11-19 18:00:00+07:00,58,65,3,0.0,,-0.819285,0.0,0.2458,997.5421,-0.2458
sideways_low,2019-10-30 17:00:00+07:00,2019-11-19 18:00:00+07:00,70,94,0,,,,,0.0,1000.0,0.0
sideways_low,2019-11-28 11:00:00+07:00,2019-12-05 02:00:00+07:00,60,63,0,,,,,0.0,1000.0,0.0
sideways_low,2019-11-28 11:00:00+07:00,2019-12-05 02:00:00+07:00,61,62,0,,,,,0.0,1000.0,0.0
sideways_low,2019-11-28 11:00:00+07:00,2019-12-05 02:00:00+07:00,59,64,0,,,,,0.0,1000.0,0.0
sideways_low,2019-11-28 11:00:00+07:00,2019-12-05 02:00:00+07:00,58,65,0,,,,,0.0,1000.0,0.0
sideways_low,2019-11-28 11:00:00+07:00,2019-12-05 02:00:00+07:00,70,94,0,,,,,0.0,1000.0,0.0
sideways_low,2019-12-05 14:00:00+07:00,2019-12-18 03:00:00+07:00,60,63,1,100.0,0.00312,,inf,0.0,1000.0031,0.0003
sideways_low,2019-12-05 14:00:00+07:00,2019-12-18 03:00:00+07:00,61,62,1,100.0,0.00312,,inf,0.0,1000.0031,0.0003
sideways_low,2019-12-05 14:00:00+07:00,2019-12-18 03:00:00+07:00,59,64,1,100.0,0.00312,,inf,0.0,1000.0031,0.0003
sideways_low,2019-12-05 14:00:00+07:00,2019-12-18 03:00:00+07:00,58,65,1,100.0,0.00312,,inf,0.0,1000.0031,0.0003
sideways_low,2019-12-05 14:00:00+07:00,2019-12-18 03:00:00+07:00,70,94,1,0.0,,-1.214305,0.0,0.1214,998.7857,-0.1214
sideways_low,2019-12-19 22:00:00+07:00,2020-01-07 18:00:00+07:00,60,63,1,0.0,,-0.857457,0.0,0.0857,999.1425,-0.0857
sideways_low,2019-12-19 22:00:00+07:00,2020-01-07 18:00:00+07:00,61,62,1,0.0,,-0.857457,0.0,0.0857,999.1425,-0.0857
sideways_low,2019-12-19 22:00:00+07:00,2020-01-07 18:00:00+07:00,59,64,1,0.0,,-0.857457,0.0,0.0857,999.1425,-0.0857
sideways_low,2019-12-19 22:00:00+07:00,2020-01-07 18:00:00+07:00,58,65,1,0.0,,-0.857457,0.0,0.0857,999.1425,-0.0857
sideways_low,2019-12-19 22:00:00+07:00,2020-01-07 18:00:00+07:00,70,94,2,0.0,,-1.489635,0.0,0.2979,997.0207,-0.2979
sideways_low,2020-01-09 16:00:00+07:00,2020-01-14 21:00:00+07:00,60,63,0,,,,,0.0,1000.0,0.0
sideways_low,2020-01-09 16:00:00+07:00,2020-01-14 21:00:00+07:00,61,62,0,,,,,0.0,1000.0,0.0
sideways_low,2020-01-09 16:00:00+07:00,2020-01-14 21:00:00+07:00,59,64,0,,,,,0.0,1000.0,0.0
sideways_low,2020-01-09 16:00:00+07:00,2020-01-14 21:00:00+07:00,58,65,0,,,,,0.0,1000.0,0.0
sideways_low,2020-01-09 16:00:00+07:00,2020-01-14 21:00:00+07:00,70,94,0,,,,,0.0,1000.0,0.0
sideways_low,2020-01-18 13:00:00+07:00,2020-01-29 11:00:00+07:00,60,63,0,,,,,0.0,1000.0,0.0
sideways_low,2020-01-18 13:00:00+07:00,2020-01-29 11:00:00+07:00,61,62,0,,,,,0.0,1000.0,0.0
sideways_low,2020-01-18 13:00:00+07:00,2020-01-29 11:00:00+07:00,59,64,0,,,,,0.0,1000.0,0.0
sideways_low,2020-01-18 13:00:00+07:00,2020-01-29 11:00:00+07:00,58,65,0,,,,,0.0,1000.0,0.0
sideways_low,2020-01-18 13:00:00+07:00,2020-01-29 11:00:00+07:00,70,94,0,,,,,0.0,1000.0,0.0
sideways_low,2020-01-31 19:00:00+07:00,2020-02-20 03:00:00+07:00,60,63,2,50.0,3.461152,-5.239288,0.6606,0.5221,998.2219,-0.1778
sideways_low,2020-01-31 19:00:00+07:00,2020-02-20 03:00:00+07:00,61,62,2,50.0,3.461152,-5.116445,0.6765,0.5099,998.3447,-0.1655
sideways_low,2020-01-31 19:00:00+07:00,2020-02-20 03:00:00+07:00,59,64,2,50.0,3.461152,-5.239288,0.6606,0.5221,998.2219,-0.1778
sideways_low,2020-01-31 19:00:00+07:00,2020-02-20 03:00:00+07:00,58,65,2,50.0,3.461152,-5.239288,0.6606,0.5221,998.2219,-0.1778
sideways_low,2020-01-31 19:00:00+07:00,2020-02-20 03:00:00+07:00,70,94,2,50.0,5.434851,-4.920562,1.1045,0.4894,1000.5143,0.0514
sideways_low,2020-02-20 10:00:00+07:00,2020-02-26 21:00:00+07:00,60,63,1,0.0,,-2.348566,0.0,0.2349,997.6514,-0.2349
sideways_low,2020-02-20 10:00:00+07:00,2020-02-26 21:00:00+07:00,61,62,1,0.0,,-2.348566,0.0,0.2349,997.6514,-0.2349
sideways_low,2020-02-20 10:00:00+07:00,2020-02-26 21:00:00+07:00,59,64,1,0.0,,-2.348566,0.0,0.2349,997.6514,-0.2349
sideways_low,2020-02-20 10:00:00+07:00,2020-02-26 21:00:00+07:00,58,65,1,0.0,,-2.348566,0.0,0.2349,997.6514,-0.2349
sideways_low,2020-02-20 10:00:00+07:00,2020-02-26 21:00:00+07:00,70,94,1,0.0,,-2.623086,0.0,0.2623,997.3769,-0.2623
bear_low,2020-02-27 14:00:00+07:00,2020-03-02 12:00:00+07:00,60,63,0,,,,,0.0,1000.0,0.0
bear_low,2020-02-27 14:00:00+07:00,2020-03-02 12:00:00+07:00,61,62,0,,,,,0.0,1000.0,0.0
bear_low,2020-02-27 14:00:00+07:00,2020-03-02 12:00:00+07:00,59,64,0,,,,,0.0,1000.0,0.0
bear_low,2020-02-27 14:00:00+07:00,2020-03-02 12:00:00+07:00,58,65,0,,,,,0.0,1000.0,0.0
bear_low,2020-02-27 14:00:00+07:00,2020-03-02 12:00:00+07:00,70,94,0,,,,,0.0,1000.0,0.0
sideways_low,2020-03-02 13:00:00+07:00,2020-03-09 05:00:00+07:00,60,63,1,0.0,,-1.664074,0.0,0.1664,998.3359,-0.1664
sideways_low,2020-03-02 13:00:00+07:00,2020-03-09 05:00:00+07:00,61,62,1,0.0,,-1.664074,0.0,0.1664,998.3359,-0.1664
sideways_low,2020-03-02 13:00:00+07:00,2020-03-09 05:00:00+07:00,59,64,1,0.0,,-1.664074,0.0,0.1664,998.3359,-0.1664
sideways_low,2020-03-02 13:00:00+07:00,2020-03-09 05:00:00+07:00,58,65,1,0.0,,-1.664074,0.0,0.1664,998.3359,-0.1664
sideways_low,2020-03-02 13:00:00+07:00,2020-03-09 05:00:00+07:00,70,94,1,0.0,,-2.033623,0.0,0.2034,997.9664,-0.2034
bear_high,2020-03-12 08:00:00+07:00,2020-03-19 23:00:00+07:00,60,63,0,,,,,0.0,1000.0,0.0
bear_high,2020-03-12 08:00:00+07:00,2020-03-19 23:00:00+07:00,61,62,0,,,,,0.0,1000.0,0.0
bear_high,2020-03-12 08:00:00+07:00,2020-03-19 23:00:00+07:00,59,64,0,,,,,0.0,1000.0,0.0
bear_high,2020-03-12 08:00:00+07:00,2020-03-19 23:00:00+07:00,58,65,0,,,,,0.0,1000.0,0.0
bear_high,2020-03-12 08:00:00+07:00,2020-03-19 23:00:00+07:00,70,94,0,,,,,0.0,1000.0,0.0
sideways_high,2020-03-21 14:00:00+07:00,2020-03-24 13:00:00+07:00,60,63,0,,,,,0.0,1000.0,0.0
sideways_high,2020-03-21 14:00:00+07:00,2020-03-24 13:00:00+07:00,61,62,0,,,,,0.0,1000.0,0.0
sideways_high,2020-03-21 14:00:00+07:00,2020-03-24 13:00:00+07:00,59,64,0,,,,,0.0,1000.0,0.0
sideways_high,2020-03-21 14:00:00+07:00,2020-03-24 13:00:00+07:00,58,65,0,,,,,0.0,1000.0,0.0
sideways_high,2020-03-21 14:00:00+07:00,2020-03-24 13:00:00+07:00,70,94,0,,,,,0.0,1000.0,0.0
bull_high,2020-03-24 14:00:00+07:00,2020-03-26 20:00:00+07:00,60,63,0,,,,,0.0,1000.0,0.0
bull_high,2020-03-24 14:00:00+07:00,2020-03-26 20:00:00+07:00,61,62,0,,,,,0.0,1000.0,0.0
bull_high,2020-03-24 14:00:00+07:00,2020-03-26 20:00:00+07:00,59,64,0,,,,,0.0,1000.0,0.0
bull_high,2020-03-24 14:00:00+07:00,2020-03-26 20:00:00+07:00,58,65,0,,,,,0.0,1000.0,0.0
bull_high,2020-03-24 14:00:00+07:00,2020-03-26 20:00:00+07:00,70,94,0,,,,,0.0,1000.0,0.0
bull_low,2020-04-07 01:00:00+07:00,2020-04-09 11:00:00+07:00,60,63,0,,,,,0.0,1000.0,0.0
bull_low,2020-04-07 01:00:00+07:00,2020-04-09 11:00:00+07:00,61,62,0,,,,,0.0,1000.0,0.0
bull_low,2020-04-07 01:00:00+07:00,2020-04-09 11:00:00+07:00,59,64,0,,,,,0.0,1000.0,0.0
bull_low,2020-04-07 01:00:00+07:00,2020-04-09 11:00:00+07:00,58,65,0,,,,,0.0,1000.0,0.0
bull_low,2020-04-07 01:00:00+07:00,2020-04-09 11:00:00+07:00,70,94,0,,,,,0.0,1000.0,0.0
sideways_low,2020-04-09 12:00:00+07:00,2020-04-13 06:00:00+07:00,60,63,0,,,,,0.0,1000.0,0.0
sideways_low,2020-04-09 12:00:00+07:00,2020-04-13 06:00:00+07:00,61,62,0,,,,,0.0,1000.0,0.0
sideways_low,2020-04-09 12:00:00+07:00,2020-04-13 06:00:00+07:00,59,64,0,,,,,0.0,1000.0,0.0
sideways_low,2020-04-09 12:00:00+07:00,2020-04-13 06:00:00+07:00,58,65,0,,,,,0.0,1000.0,0.0
sideways_low,2020-04-09 12:00:00+07:00,2020-04-13 06:00:00+07:00,70,94,0,,,,,0.0,1000.0,0.0
sideways_low,2020-04-14 00:00:00+07:00,2020-04-16 14:00:00+07:00,60,63,0,,,,,0.0,1000.0,0.0
sideways_low,2020-04-14 00:00:00+07:00,2020-04-16 14:00:00+07:00,61,62,0,,,,,0.0,1000.0,0.0
sideways_low,2020-04-14 00:00:00+07:00,2020-04-16 14:00:00+07:00,59,64,0,,,,,0.0,1000.0,0.0
sideways_low,2020-04-14 00:00:00+07:00,2020-04-16 14:00:00+07:00,58,65,0,,,,,0.0,1000.0,0.0
sideways_low,2020-04-14 00:00:00+07:00,2020-04-16 14:00:00+07:00,70,94,0,,,,,0.0,1000.0,0.0
sideways_low,2020-04-17 09:00:00+07:00,2020-04-24 11:00:00+07:00,60,63,0,,,,,0.0,1000.0,0.0
sideways_low,2020-04-17 09:00:00+07:00,2020-04-24 11:00:00+07:00,61,62,0,,,,,0.0,1000.0,0.0
sideways_low,2020-04-17 09:00:00+07:00,2020-04-24 11:00:00+07:00,59,64,0,,,,,0.0,1000.0,0.0
sideways_low,2020-04-17 09:00:00+07:00,2020-04-24 11:00:00+07:00,58,65,0,,,,,0.0,1000.0,0.0
sideways_low,2020-04-17 09:00:00+07:00,2020-04-24 11:00:00+07:00,70,94,0,,,,,0.0,1000.0,0.0
sideways_low,2020-04-25 07:00:00+07:00,2020-04-29 21:00:00+07:00,60,63,0,,,,,0.0,1000.0,0.0
sideways_low,2020-04-25 07:00:00+07:00,2020-04-29 21:00:00+07:00,61,62,0,,,,,0.0,1000.0,0.0
sideways_low,2020-04-25 07:00:00+07:00,2020-04-29 21:00:00+07:00,59,64,0,,,,,0.0,1000.0,0.0
sideways_low,2020-04-25 07:00:00+07:00,2020-04-29 21:00:00+07:00,58,65,0,,,,,0.0,1000.0,0.0
sideways_low,2020-04-25 07:00:00+07:00,2020-04-29 21:00:00+07:00,70,94,0,,,,,0.0,1000.0,0.0
bull_high,2020-04-30 00:00:00+07:00,2020-05-02 06:00:00+07:00,60,63,0,,,,,0.0,1000.0,0.0
bull_high,2020-04-30 00:00:00+07:00,2020-05-02 06:00:00+07:00,61,62,0,,,,,0.0,1000.0,0.0
bull_high,2020-04-30 00:00:00+07:00,2020-05-02 06:00:00+07:00,59,64,0,,,,,0.0,1000.0,0.0
bull_high,2020-04-30 00:00:00+07:00,2020-05-02 06:00:00+07:00,58,65,0,,,,,0.0,1000.0,0.0
bull_high,2020-04-30 00:00:00+07:00,2020-05-02 06:00:00+07:00,70,94,0,,,,,0.0,1000.0,0.0
bull_low,2020-05-02 07:00:00+07:00,2020-05-04 11:00:00+07:00,60,63,0,,,,,0.0,1000.0,0.0
bull_low,2020-05-02 07:00:00+07:00,2020-05-04 11:00:00+07:00,61,62,0,,,,,0.0,1000.0,0.0
bull_low,2020-05-02 07:00:00+07:00,2020-05-04 11:00:00+07:00,59,64,0,,,,,0.0,1000.0,0.0
bull_low,2020-05-02 07:00:00+07:00,2020-05-04 11:00:00+07:00,58,65,0,,,,,0.0,1000.0,0.0
bull_low,2020-05-02 07:00:00+07:00,2020-05-04 11:00:00+07:00,70,94,0,,,,,0.0,1000.0,0.0
sideways_low,2020-05-04 13:00:00+07:00,2020-05-07 00:00:00+07:00,60,63,0,,,,,0.0,1000.0,0.0
sideways_low,2020-05-04 13:00:00+07:00,2020-05-07 00:00:00+07:00,61,62,0,,,,,0.0,1000.0,0.0
sideways_low,2020-05-04 13:00:00+07:00,2020-05-07 00:00:00+07:00,59,64,0,,,,,0.0,1000.0,0.0
sideways_low,2020-05-04 13:00:00+07:00,2020-05-07 00:00:00+07:00,58,65,0,,,,,0.0,1000.0,0.0
sideways_low,2020-05-04 13:00:00+07:00,2020-05-07 00:00:00+07:00,70,94,0,,,,,0.0,1000.0,0.0
sideways_low,2020-05-16 17:00:00+07:00,2020-05-22 00:00:00+07:00,60,63,0,,,,,0.0,1000.0,0.0
sideways_low,2020-05-16 17:00:00+07:00,2020-05-22 00:00:00+07:00,61,62,0,,,,,0.0,1000.0,0.0
sideways_low,2020-05-16 17:00:00+07:00,2020-05-22 00:00:00+07:00,59,64,0,,,,,0.0,1000.0,0.0
sideways_low,2020-05-16 17:00:00+07:00,2020-05-22 00:00:00+07:00,58,65,0,,,,,0.0,1000.0,0.0
sideways_low,2020-05-16 17:00:00+07:00,2020-05-22 00:00:00+07:00,70,94,0,,,,,0.0,1000.0,0.0
sideways_low,2020-05-22 09:00:00+07:00,2020-06-02 18:00:00+07:00,60,63,0,,,,,0.0,1000.0,0.0
sideways_low,2020-05-22 09:00:00+07:00,2020-06-02 18:00:00+07:00,61,62,0,,,,,0.0,1000.0,0.0
sideways_low,2020-05-22 09:00:00+07:00,2020-06-02 18:00:00+07:00,59,64,0,,,,,0.0,1000.0,0.0
sideways_low,2020-05-22 09:00:00+07:00,2020-06-02 18:00:00+07:00,58,65,0,,,,,0.0,1000.0,0.0
sideways_low,2020-05-22 09:00:00+07:00,2020-06-02 18:00:00+07:00,70,94,0,,,,,0.0,1000.0,0.0
sideways_low,2020-06-03 02:00:00+07:00,2020-07-27 17:00:00+07:00,60,63,6,0.0,,-1.358579,0.0,0.8151,991.8485,-0.8151
sideways_low,2020-06-03 02:00:00+07:00,2020-07-27 17:00:00+07:00,61,62,6,0.0,,-1.358579,0.0,0.8151,991.8485,-0.8151
sideways_low,2020-06-03 02:00:00+07:00,2020-07-27 17:00:00+07:00,59,64,6,0.0,,-1.344033,0.0,0.8064,991.9358,-0.8064
sideways_low,2020-06-03 02:00:00+07:00,2020-07-27 17:00:00+07:00,58,65,6,0.0,,-1.344033,0.0,0.8064,991.9358,-0.8064
sideways_low,2020-06-03 02:00:00+07:00,2020-07-27 17:00:00+07:00,70,94,6,0.0,,-1.849163,0.0,1.1095,988.905,-1.1095
bull_low,2020-07-29 10:00:00+07:00,2020-08-02 10:00:00+07:00,60,63,0,,,,,0.0,1000.0,0.0
bull_low,2020-07-29 10:00:00+07:00,2020-08-02 10:00:00+07:00,61,62,0,,,,,0.0,1000.0,0.0
bull_low,2020-07-29 10:00:00+07:00,2020-08-02 10:00:00+07:00,59,64,0,,,,,0.0,1000.0,0.0
bull_low,2020-07-29 10:00:00+07:00,2020-08-02 10:00:00+07:00,58,65,0,,,,,0.0,1000.0,0.0
bull_low,2020-07-29 10:00:00+07:00,2020-08-02 10:00:00+07:00,70,94,0,,,,,0.0,1000.0,0.0
sideways_low,2020-08-03 11:00:00+07:00,2020-09-03 21:00:00+07:00,60,63,4,25.0,0.45858,-0.992529,0.154,0.2532,997.481,-0.2519
sideways_low,2020-08-03 11:00:00+07:00,2020-09-03 21:00:00+07:00,61,62,4,25.0,0.45858,-0.992529,0.154,0.2532,997.481,-0.2519
sideways_low,2020-08-03 11:00:00+07:00,2020-09-03 21:00:00+07:00,59,64,4,25.0,0.45858,-0.992529,0.154,0.2532,997.481,-0.2519
sideways_low,2020-08-03 11:00:00+07:00,2020-09-03 21:00:00+07:00,58,65,4,25.0,0.45858,-0.992529,0.154,0.2532,997.481,-0.2519
sideways_low,2020-08-03 11:00:00+07:00,2020-09-03 21:00:00+07:00,70,94,2,0.0,,-0.874054,0.0,0.1748,998.2519,-0.1748
sideways_low,2020-09-09 14:00:00+07:00,2020-10-21 21:00:00+07:00,60,63,4,75.0,2.350973,-0.510443,13.8173,0.0509,1006.5425,0.6542
sideways_low,2020-09-09 14:00:00+07:00,2020-10-21 21:00:00+07:00,61,62,4,75.0,2.350973,-0.510443,13.8173,0.0509,1006.5425,0.6542
sideways_low,2020-09-09 14:00:00+07:00,2020-10-21 21:00:00+07:00,59,64,4,75.0,2.350973,-0.510443,13.8173,0.0509,1006.5425,0.6542
sideways_low,2020-09-09 14:00:00+07:00,2020-10-21 21:00:00+07:00,58,65,4,75.0,2.350973,-0.510443,13.8173,0.0509,1006.5425,0.6542
sideways_low,2020-09-09 14:00:00+07:00,2020-10-21 21:00:00+07:00,70,94,3,33.33,0.580676,-0.993792,0.2922,0.1986,998.5931,-0.1407
bull_low,2020-10-22 12:00:00+07:00,2020-10-25 20:00:00+07:00,60,63,0,,,,,0.0,1000.0,0.0
bull_low,2020-10-22 12:00:00+07:00,2020-10-25 20:00:00+07:00,61,62,0,,,,,0.0,1000.0,0.0
bull_low,2020-10-22 12:00:00+07:00,2020-10-25 20:00:00+07:00,59,64,0,,,,,0.0,1000.0,0.0
bull_low,2020-10-22 12:00:00+07:00,2020-10-25 20:00:00+07:00,58,65,0,,,,,0.0,1000.0,0.0
bull_low,2020-10-22 12:00:00+07:00,2020-10-25 20:00:00+07:00,70,94,0,,,,,0.0,1000.0,0.0
sideways_low,2020-10-25 21:00:00+07:00,2020-10-28 05:00:00+07:00,60,63,0,,,,,0.0,1000.0,0.0
sideways_low,2020-10-25 21:00:00+07:00,2020-10-28 05:00:00+07:00,61,62,0,,,,,0.0,1000.0,0.0
sideways_low,2020-10-25 21:00:00+07:00,2020-10-28 05:00:00+07:00,59,64,0,,,,,0.0,1000.0,0.0
sideways_low,2020-10-25 21:00:00+07:00,2020-10-28 05:00:00+07:00,58,65,0,,,,,0.0,1000.0,0.0
sideways_low,2020-10-25 21:00:00+07:00,2020-10-28 05:00:00+07:00,70,94,0,,,,,0.0,1000.0,0.0
sideways_low,2020-10-29 00:00:00+07:00,2020-11-05 20:00:00+07:00,60,63,0,,,,,0.0,1000.0,0.0
sideways_low,2020-10-29 00:00:00+07:00,2020-11-05 20:00:00+07:00,61,62,0,,,,,0.0,1000.0,0.0
sideways_low,2020-10-29 00:00:00+07:00,2020-11-05 20:00:00+07:00,59,64,0,,,,,0.0,1000.0,0.0
sideways_low,2020-10-29 00:00:00+07:00,2020-11-05 20:00:00+07:00,58,65,0,,,,,0.0,1000.0,0.0
sideways_low,2020-10-29 00:00:00+07:00,2020-11-05 20:00:00+07:00,70,94,0,,,,,0.0,1000.0,0.0
sideways_low,2020-11-10 08:00:00+07:00,2020-11-13 06:00:00+07:00,60,63,0,,,,,0.0,1000.0,0.0
sideways_low,2020-11-10 08:00:00+07:00,2020-11-13 06:00:00+07:00,61,62,0,,,,,0.0,1000.0,0.0
sideways_low,2020-11-10 08:00:00+07:00,2020-11-13 06:00:00+07:00,59,64,0,,,,,0.0,1000.0,0.0
sideways_low,2020-11-10 08:00:00+07:00,2020-11-13 06:00:00+07:00,58,65,0,,,,,0.0,1000.0,0.0
sideways_low,2020-11-10 08:00:00+07:00,2020-11-13 06:00:00+07:00,70,94,0,,,,,0.0,1000.0,0.0
sideways_low,2020-11-14 09:00:00+07:00,2020-11-17 19:00:00+07:00,60,63,0,,,,,0.0,1000.0,0.0
sideways_low,2020-11-14 09:00:00+07:00,2020-11-17 19:00:00+07:00,61,62,0,,,,,0.0,1000.0,0.0
sideways_low,2020-11-14 09:00:00+07:00,2020-11-17 19:00:00+07:00,59,64,0,,,,,0.0,1000.0,0.0
sideways_low,2020-11-14 09:00:00+07:00,2020-11-17 19:00:00+07:00,58,65,0,,,,,0.0,1000.0,0.0
sideways_low,2020-11-14 09:00:00+07:00,2020-11-17 19:00:00+07:00,70,94,0,,,,,0.0,1000.0,0.0
bull_low,2020-11-20 01:00:00+07:00,2020-11-22 17:00:00+07:00,60,63,0,,,,,0.0,1000.0,0.0
bull_low,2020-11-20 01:00:00+07:00,2020-11-22 17:00:00+07:00,61,62,0,,,,,0.0,1000.0,0.0
bull_low,2020-11-20 01:00:00+07:00,2020-11-22 17:00:00+07:00,59,64,0,,,,,0.0,1000.0,0.0
bull_low,2020-11-20 01:00:00+07:00,2020-11-22 17:00:00+07:00,58,65,0,,,,,0.0,1000.0,0.0
bull_low,2020-11-20 01:00:00+07:00,2020-11-22 17:00:00+07:00,70,94,0,,,,,0.0,1000.0,0.0
sideways_low,2020-11-22 21:00:00+07:00,2020-11-25 05:00:00+07:00,60,63,0,,,,,0.0,1000.0,0.0
sideways_low,2020-11-22 21:00:00+07:00,2020-11-25 05:00:00+07:00,61,62,0,,,,,0.0,1000.0,0.0
sideways_low,2020-11-22 21:00:00+07:00,2020-11-25 05:00:00+07:00,59,64,0,,,,,0.0,1000.0,0.0
sideways_low,2020-11-22 21:00:00+07:00,2020-11-25 05:00:00+07:00,58,65,0,,,,,0.0,1000.0,0.0
sideways_low,2020-11-22 21:00:00+07:00,2020-11-25 05:00:00+07:00,70,94,0,,,,,0.0,1000.0,0.0
sideways_low,2020-11-28 17:00:00+07:00,2020-11-30 21:00:00+07:00,60,63,0,,,,,0.0,1000.0,0.0
sideways_low,2020-11-28 17:00:00+07:00,2020-11-30 21:00:00+07:00,61,62,0,,,,,0.0,1000.0,0.0
sideways_low,2020-11-28 17:00:00+07:00,2020-11-30 21:00:00+07:00,59,64,0,,,,,0.0,1000.0,0.0
sideways_low,2020-11-28 17:00:00+07:00,2020-11-30 21:00:00+07:00,58,65,0,,,,,0.0,1000.0,0.0
sideways_low,2020-11-28 17:00:00+07:00,2020-11-30 21:00:00+07:00,70,94,0,,,,,0.0,1000.0,0.0
sideways_low,2020-12-03 06:00:00+07:00,2020-12-17 04:00:00+07:00,60,63,0,,,,,0.0,1000.0,0.0
sideways_low,2020-12-03 06:00:00+07:00,2020-12-17 04:00:00+07:00,61,62,0,,,,,0.0,1000.0,0.0
sideways_low,2020-12-03 06:00:00+07:00,2020-12-17 04:00:00+07:00,59,64,0,,,,,0.0,1000.0,0.0
sideways_low,2020-12-03 06:00:00+07:00,2020-12-17 04:00:00+07:00,58,65,0,,,,,0.0,1000.0,0.0
sideways_low,2020-12-03 06:00:00+07:00,2020-12-17 04:00:00+07:00,70,94,0,,,,,0.0,1000.0,0.0
bull_high,2020-12-27 13:00:00+07:00,2020-12-29 18:00:00+07:00,60,63,0,,,,,0.0,1000.0,0.0
bull_high,2020-12-27 13:00:00+07:00,2020-12-29 18:00:00+07:00,61,62,0,,,,,0.0,1000.0,0.0
bull_high,2020-12-27 13:00:00+07:00,2020-12-29 18:00:00+07:00,59,64,0,,,,,0.0,1000.0,0.0
bull_high,2020-12-27 13:00:00+07:00,2020-12-29 18:00:00+07:00,58,65,0,,,,,0.0,1000.0,0.0
bull_high,2020-12-27 13:00:00+07:00,2020-12-29 18:00:00+07:00,70,94,0,,,,,0.0,1000.0,0.0
bull_high,2021-01-02 23:00:00+07:00,2021-01-11 11:00:00+07:00,60,63,0,,,,,0.0,1000.0,0.0
bull_high,2021-01-02 23:00:00+07:00,2021-01-11 11:00:00+07:00,61,62,0,,,,,0.0,1000.0,0.0
bull_high,2021-01-02 23:00:00+07:00,2021-01-11 11:00:00+07:00,59,64,0,,,,,0.0,1000.0,0.0
bull_high,2021-01-02 23:00:00+07:00,2021-01-11 11:00:00+07:00,58,65,0,,,,,0.0,1000.0,0.0
bull_high,2021-01-02 23:00:00+07:00,2021-01-11 11:00:00+07:00,70,94,0,,,,,0.0,1000.0,0.0
sideways_high,2021-01-12 15:00:00+07:00,2021-01-14 20:00:00+07:00,60,63,0,,,,,0.0,1000.0,0.0
sideways_high,2021-01-12 15:00:00+07:00,2021-01-14 20:00:00+07:00,61,62,0,,,,,0.0,1000.0,0.0
sideways_high,2021-01-12 15:00:00+07:00,2021-01-14 20:00:00+07:00,59,64,0,,,,,0.0,1000.0,0.0
sideways_high,2021-01-12 15:00:00+07:00,2021-01-14 20:00:00+07:00,58,65,0,,,,,0.0,1000.0,0.0
sideways_high,2021-01-12 15:00:00+07:00,2021-01-14 20:00:00+07:00,70,94,0,,,,,0.0,1000.0,0.0
sideways_high,2021-01-15 23:00:00+07:00,2021-01-21 19:00:00+07:00,60,63,1,0.0,,-5.009997,0.0,0.501,994.99,-0.501
sideways_high,2021-01-15 23:00:00+07:00,2021-01-21 19:00:00+07:00,61,62,1,0.0,,-5.009997,0.0,0.501,994.99,-0.501
sideways_high,2021-01-15 23:00:00+07:00,2021-01-21 19:00:00+07:00,59,64,1,0.0,,-5.009997,0.0,0.501,994.99,-0.501
sideways_high,2021-01-15 23:00:00+07:00,2021-01-21 19:00:00+07:00,58,65,1,0.0,,-5.009997,0.0,0.501,994.99,-0.501
sideways_high,2021-01-15 23:00:00+07:00,2021-01-21 19:00:00+07:00,70,94,1,0.0,,-3.344549,0.0,0.3345,996.6555,-0.3345
bear_high,2021-01-21 20:00:00+07:00,2021-01-24 17:00:00+07:00,60,63,0,,,,,0.0,1000.0,0.0
bear_high,2021-01-21 20:00:00+07:00,2021-01-24 17:00:00+07:00,61,62,0,,,,,0.0,1000.0,0.0
bear_high,2021-01-21 20:00:00+07:00,2021-01-24 17:00:00+07:00,59,64,0,,,,,0.0,1000.0,0.0
bear_high,2021-01-21 20:00:00+07:00,2021-01-24 17:00:00+07:00,58,65,0,,,,,0.0,1000.0,0.0
bear_high,2021-01-21 20:00:00+07:00,2021-01-24 17:00:00+07:00,70,94,0,,,,,0.0,1000.0,0.0
sideways_high,2021-01-25 04:00:00+07:00,2021-01-27 20:00:00+07:00,60,63,1,0.0,,-7.1587,0.0,0.7159,992.8413,-0.7159
sideways_high,2021-01-25 04:00:00+07:00,2021-01-27 20:00:00+07:00,61,62,1,0.0,,-7.1587,0.0,0.7159,992.8413,-0.7159
sideways_high,2021-01-25 04:00:00+07:00,2021-01-27 20:00:00+07:00,59,64,1,0.0,,-7.1587,0.0,0.7159,992.8413,-0.7159
sideways_high,2021-01-25 04:00:00+07:00,2021-01-27 20:00:00+07:00,58,65,1,0.0,,-7.1587,0.0,0.7159,992.8413,-0.7159
sideways_high,2021-01-25 04:00:00+07:00,2021-01-27 20:00:00+07:00,70,94,0,,,,,0.0,1000.0,0.0
sideways_high,2021-01-30 15:00:00+07:00,2021-02-02 13:00:00+07:00,60,63,0,,,,,0.0,1000.0,0.0
sideways_high,2021-01-30 15:00:00+07:00,2021-02-02 13:00:00+07:00,61,62,0,,,,,0.0,1000.0,0.0
sideways_high,2021-01-30 15:00:00+07:00,2021-02-02 13:00:00+07:00,59,64,0,,,,,0.0,1000.0,0.0
sideways_high,2021-01-30 15:00:00+07:00,2021-02-02 13:00:00+07:00,58,65,0,,,,,0.0,1000.0,0.0
sideways_high,2021-01-30 15:00:00+07:00,2021-02-02 13:00:00+07:00,70,94,0,,,,,0.0,1000.0,0.0
bull_high,2021-02-08 21:00:00+07:00,2021-02-13 09:00:00+07:00,60,63,0,,,,,0.0,1000.0,0.0
bull_high,2021-02-08 21:00:00+07:00,2021-02-13 09:00:00+07:00,61,62,0,,,,,0.0,1000.0,0.0
bull_high,2021-02-08 21:00:00+07:00,2021-02-13 09:00:00+07:00,59,64,0,,,,,0.0,1000.0,0.0
bull_high,2021-02-08 21:00:00+07:00,2021-02-13 09:00:00+07:00,58,65,0,,,,,0.0,1000.0,0.0
bull_high,2021-02-08 21:00:00+07:00,2021-02-13 09:00:00+07:00,70,94,0,,,,,0.0,1000.0,0.0
bull_low,2021-02-18 00:00:00+07:00,2021-02-20 06:00:00+07:00,60,63,0,,,,,0.0,1000.0,0.0
bull_low,2021-02-18 00:00:00+07:00,2021-02-20 06:00:00+07:00,61,62,0,,,,,0.0,1000.0,0.0
bull_low,2021-02-18 00:00:00+07:00,2021-02-20 06:00:00+07:00,59,64,0,,,,,0.0,1000.0,0.0
bull_low,2021-02-18 00:00:00+07:00,2021-02-20 06:00:00+07:00,58,65,0,,,,,0.0,1000.0,0.0
bull_low,2021-02-18 00:00:00+07:00,2021-02-20 06:00:00+07:00,70,94,0,,,,,0.0,1000.0,0.0
bear_high,2021-02-26 13:00:00+07:00,2021-03-01 18:00:00+07:00,60,63,0,,,,,0.0,1000.0,0.0
bear_high,2021-02-26 13:00:00+07:00,2021-03-01 18:00:00+07:00,61,62,0,,,,,0.0,1000.0,0.0
bear_high,2021-02-26 13:00:00+07:00,2021-03-01 18:00:00+07:00,59,64,0,,,,,0.0,1000.0,0.0
bear_high,2021-02-26 13:00:00+07:00,2021-03-01 18:00:00+07:00,58,65,0,,,,,0.0,1000.0,0.0
bear_high,2021-02-26 13:00:00+07:00,2021-03-01 18:00:00+07:00,70,94,0,,,,,0.0,1000.0,0.0
sideways_high,2021-03-03 19:00:00+07:00,2021-03-06 17:00:00+07:00,60,63,0,,,,,0.0,1000.0,0.0
sideways_high,2021-03-03 19:00:00+07:00,2021-03-06 17:00:00+07:00,61,62,0,,,,,0.0,1000.0,0.0
sideways_high,2021-03-03 19:00:00+07:00,2021-03-06 17:00:00+07:00,59,64,0,,,,,0.0,1000.0,0.0
sideways_high,2021-03-03 19:00:00+07:00,2021-03-06 17:00:00+07:00,58,65,0,,,,,0.0,1000.0,0.0
sideways_high,2021-03-03 19:00:00+07:00,2021-03-06 17:00:00+07:00,70,94,1,0.0,,-1.812354,0.0,0.1812,998.1876,-0.1812
bull_high,2021-03-11 03:00:00+07:00,2021-03-13 09:00:00+07:00,60,63,0,,,,,0.0,1000.0,0.0
bull_high,2021-03-11 03:00:00+07:00,2021-03-13 09:00:00+07:00,61,62,0,,,,,0.0,1000.0,0.0
bull_high,2021-03-11 03:00:00+07:00,2021-03-13 09:00:00+07:00,59,64,0,,,,,0.0,1000.0,0.0
bull_high,2021-03-11 03:00:00+07:00,2021-03-13 09:00:00+07:00,58,65,0,,,,,0.0,1000.0,0.0
bull_high,2021-03-11 03:00:00+07:00,2021-03-13 09:00:00+07:00,70,94,0,,,,,0.0,1000.0,0.0
sideways_low,2021-03-19 17:00:00+07:00,2021-03-23 02:00:00+07:00,60,63,0,,,,,0.0,1000.0,0.0
sideways_low,2021-03-19 17:00:00+07:00,2021-03-23 02:00:00+07:00,61,62,0,,,,,0.0,1000.0,0.0
sideways_low,2021-03-19 17:00:00+07:00,2021-03-23 02:00:00+07:00,59,64,0,,,,,0.0,1000.0,0.0
sideways_low,2021-03-19 17:00:00+07:00,2021-03-23 02:00:00+07:00,58,65,0,,,,,0.0,1000.0,0.0
sideways_low,2021-03-19 17:00:00+07:00,2021-03-23 02:00:00+07:00,70,94,0,,,,,0.0,1000.0,0.0
sideways_low,2021-03-27 01:00:00+07:00,2021-04-14 06:00:00+07:00,60,63,2,50.0,1.363779,-1.597585,0.8537,0.1595,999.7662,-0.0234
sideways_low,2021-03-27 01:00:00+07:00,2021-04-14 06:00:00+07:00,61,62,2,50.0,1.363779,-1.597585,0.8537,0.1595,999.7662,-0.0234
sideways_low,2021-03-27 01:00:00+07:00,2021-04-14 06:00:00+07:00,59,64,2,50.0,1.363779,-1.597585,0.8537,0.1595,999.7662,-0.0234
sideways_low,2021-03-27 01:00:00+07:00,2021-04-14 06:00:00+07:00,58,65,2,50.0,1.363779,-1.597585,0.8537,0.1595,999.7662,-0.0234
sideways_low,2021-03-27 01:00:00+07:00,2021-04-14 06:00:00+07:00,70,94,2,50.0,3.362251,-2.521056,1.3337,0.2513,1000.8412,0.0841
sideways_low,2021-04-15 05:00:00+07:00,2021-04-18 09:00:00+07:00,60,63,0,,,,,0.0,1000.0,0.0
sideways_low,2021-04-15 05:00:00+07:00,2021-04-18 09:00:00+07:00,61,62,0,,,,,0.0,1000.0,0.0
sideways_low,2021-04-15 05:00:00+07:00,2021-04-18 09:00:00+07:00,59,64,0,,,,,0.0,1000.0,0.0
sideways_low,2021-04-15 05:00:00+07:00,2021-04-18 09:00:00+07:00,58,65,0,,,,,0.0,1000.0,0.0
sideways_low,2021-04-15 05:00:00+07:00,2021-04-18 09:00:00+07:00,70,94,0,,,,,0.0,1000.0,0.0
bear_high,2021-04-18 18:00:00+07:00,2021-04-21 07:00:00+07:00,60,63,0,,,,,0.0,1000.0,0.0
bear_high,2021-04-18 18:00:00+07:00,2021-04-21 07:00:00+07:00,61,62,0,,,,,0.0,1000.0,0.0
bear_high,2021-04-18 18:00:00+07:00,2021-04-21 07:00:00+07:00,59,64,0,,,,,0.0,1000.0,0.0
bear_high,2021-04-18 18:00:00+07:00,2021-04-21 07:00:00+07:00,58,65,0,,,,,0.0,1000.0,0.0
bear_high,2021-04-18 18:00:00+07:00,2021-04-21 07:00:00+07:00,70,94,0,,,,,0.0,1000.0,0.0
bear_high,2021-04-22 07:00:00+07:00,2021-04-25 08:00:00+07:00,60,63,0,,,,,0.0,1000.0,0.0
bear_high,2021-04-22 07:00:00+07:00,2021-04-25 08:00:00+07:00,61,62,0,,,,,0.0,1000.0,0.0
bear_high,2021-04-22 07:00:00+07:00,2021-04-25 08:00:00+07:00,59,64,0,,,,,0.0,1000.0,0.0
bear_high,2021-04-22 07:00:00+07:00,2021-04-25 08:00:00+07:00,58,65,0,,,,,0.0,1000.0,0.0
bear_high,2021-04-22 07:00:00+07:00,2021-04-25 08:00:00+07:00,70,94,0,,,,,0.0,1000.0,0.0
sideways_low,2021-04-27 09:00:00+07:00,2021-05-01 13:00:00+07:00,60,63,0,,,,,0.0,1000.0,0.0
sideways_low,2021-04-27 09:00:00+07:00,2021-05-01 13:00:00+07:00,61,62,0,,,,,0.0,1000.0,0.0
sideways_low,2021-04-27 09:00:00+07:00,2021-05-01 13:00:00+07:00,59,64,0,,,,,0.0,1000.0,0.0
sideways_low,2021-04-27 09:00:00+07:00,2021-05-01 13:00:00+07:00,58,65,0,,,,,0.0,1000.0,0.0
sideways_low,2021-04-27 09:00:00+07:00,2021-05-01 13:00:00+07:00,70,94,0,,,,,0.0,1000.0,0.0
sideways_low,2021-05-07 11:00:00+07:00,2021-05-09 18:00:00+07:00,60,63,0,,,,,0.0,1000.0,0.0
sideways_low,2021-05-07 11:00:00+07:00,2021-05-09 18:00:00+07:00,61,62,0,,,,,0.0,1000.0,0.0
sideways_low,2021-05-07 11:00:00+07:00,2021-05-09 18:00:00+07:00,59,64,0,,,,,0.0,1000.0,0.0
sideways_low,2021-05-07 11:00:00+07:00,2021-05-09 18:00:00+07:00,58,65,0,,,,,0.0,1000.0,0.0
sideways_low,2021-05-07 11:00:00+07:00,2021-05-09 18:00:00+07:00,70,94,0,,,,,0.0,1000.0,0.0
bear_high,2021-05-13 11:00:00+07:00,2021-05-25 11:00:00+07:00,60,63,0,,,,,0.0,1000.0,0.0
bear_high,2021-05-13 11:00:00+07:00,2021-05-25 11:00:00+07:00,61,62,0,,,,,0.0,1000.0,0.0
bear_high,2021-05-13 11:00:00+07:00,2021-05-25 11:00:00+07:00,59,64,0,,,,,0.0,1000.0,0.0
bear_high,2021-05-13 11:00:00+07:00,2021-05-25 11:00:00+07:00,58,65,0,,,,,0.0,1000.0,0.0
bear_high,2021-05-13 11:00:00+07:00,2021-05-25 11:00:00+07:00,70,94,0,,,,,0.0,1000.0,0.0
sideways_high,2021-05-25 12:00:00+07:00,2021-05-28 21:00:00+07:00,60,63,1,0.0,,-5.157333,0.0,0.5157,994.8427,-0.5157
sideways_high,2021-05-25 12:00:00+07:00,2021-05-28 21:00:00+07:00,61,62,1,0.0,,-5.157333,0.0,0.5157,994.8427,-0.5157
sideways_high,2021-05-25 12:00:00+07:00,2021-05-28 21:00:00+07:00,59,64,1,0.0,,-5.157333,0.0,0.5157,994.8427,-0.5157
sideways_high,2021-05-25 12:00:00+07:00,2021-05-28 21:00:00+07:00,58,65,1,0.0,,-5.157333,0.0,0.5157,994.8427,-0.5157
sideways_high,2021-05-25 12:00:00+07:00,2021-05-28 21:00:00+07:00,70,94,1,0.0,,-9.290781,0.0,0.9291,990.7092,-0.9291
bear_high,2021-05-28 22:00:00+07:00,2021-05-31 16:00:00+07:00,60,63,0,,,,,0.0,1000.0,0.0
bear_high,2021-05-28 22:00:00+07:00,2021-05-31 16:00:00+07:00,61,62,0,,,,,0.0,1000.0,0.0
bear_high,2021-05-28 22:00:00+07:00,2021-05-31 16:00:00+07:00,59,64,0,,,,,0.0,1000.0,0.0
bear_high,2021-05-28 22:00:00+07:00,2021-05-31 16:00:00+07:00,58,65,0,,,,,0.0,1000.0,0.0
bear_high,2021-05-28 22:00:00+07:00,2021-05-31 16:00:00+07:00,70,94,0,,,,,0.0,1000.0,0.0
sideways_high,2021-05-31 17:00:00+07:00,2021-06-02 18:00:00+07:00,60,63,0,,,,,0.0,1000.0,0.0
sideways_high,2021-05-31 17:00:00+07:00,2021-06-02 18:00:00+07:00,61,62,0,,,,,0.0,1000.0,0.0
sideways_high,2021-05-31 17:00:00+07:00,2021-06-02 18:00:00+07:00,59,64,0,,,,,0.0,1000.0,0.0
sideways_high,2021-05-31 17:00:00+07:00,2021-06-02 18:00:00+07:00,58,65,0,,,,,0.0,1000.0,0.0
sideways_high,2021-05-31 17:00:00+07:00,2021-06-02 18:00:00+07:00,70,94,0,,,,,0.0,1000.0,0.0
sideways_high,2021-06-09 22:00:00+07:00,2021-06-13 07:00:00+07:00,60,63,1,0.0,,-3.828295,0.0,0.3828,996.1717,-0.3828
sideways_high,2021-06-09 22:00:00+07:00,2021-06-13 07:00:00+07:00,61,62,1,0.0,,-3.828295,0.0,0.3828,996.1717,-0.3828
sideways_high,2021-06-09 22:00:00+07:00,2021-06-13 07:00:00+07:00,59,64,1,0.0,,-2.958981,0.0,0.2959,997.041,-0.2959
sideways_high,2021-06-09 22:00:00+07:00,2021-06-13 07:00:00+07:00,58,65,1,0.0,,-2.958981,0.0,0.2959,997.041,-0.2959
sideways_high,2021-06-09 22:00:00+07:00,2021-06-13 07:00:00+07:00,70,94,1,0.0,,-6.503952,0.0,0.6504,993.496,-0.6504
bear_high,2021-06-20 17:00:00+07:00,2021-06-23 18:00:00+07:00,60,63,0,,,,,0.0,1000.0,0.0
bear_high,2021-06-20 17:00:00+07:00,2021-06-23 18:00:00+07:00,61,62,0,,,,,0.0,1000.0,0.0
bear_high,2021-06-20 17:00:00+07:00,2021-06-23 18:00:00+07:00,59,64,0,,,,,0.0,1000.0,0.0
bear_high,2021-06-20 17:00:00+07:00,2021-06-23 18:00:00+07:00,58,65,0,,,,,0.0,1000.0,0.0
bear_high,2021-06-20 17:00:00+07:00,2021-06-23 18:00:00+07:00,70,94,0,,,,,0.0,1000.0,0.0
sideways_high,2021-06-23 19:00:00+07:00,2021-06-26 06:00:00+07:00,60,63,1,0.0,,-8.080312,0.0,0.808,991.9197,-0.808
sideways_high,2021-06-23 19:00:00+07:00,2021-06-26 06:00:00+07:00,61,62,1,0.0,,-8.080312,0.0,0.808,991.9197,-0.808
sideways_high,2021-06-23 19:00:00+07:00,2021-06-26 06:00:00+07:00,59,64,1,0.0,,-8.080312,0.0,0.808,991.9197,-0.808
sideways_high,2021-06-23 19:00:00+07:00,2021-06-26 06:00:00+07:00,58,65,1,0.0,,-8.080312,0.0,0.808,991.9197,-0.808
sideways_high,2021-06-23 19:00:00+07:00,2021-06-26 06:00:00+07:00,70,94,0,,,,,0.0,1000.0,0.0
sideways_high,2021-06-27 14:00:00+07:00,2021-06-30 02:00:00+07:00,60,63,0,,,,,0.0,1000.0,0.0
sideways_high,2021-06-27 14:00:00+07:00,2021-06-30 02:00:00+07:00,61,62,0,,,,,0.0,1000.0,0.0
sideways_high,2021-06-27 14:00:00+07:00,2021-06-30 02:00:00+07:00,59,64,0,,,,,0.0,1000.0,0.0
sideways_high,2021-06-27 14:00:00+07:00,2021-06-30 02:00:00+07:00,58,65,0,,,,,0.0,1000.0,0.0
sideways_high,2021-06-27 14:00:00+07:00,2021-06-30 02:00:00+07:00,70,94,0,,,,,0.0,1000.0,0.0
sideways_low,2021-07-02 22:00:00+07:00,2021-07-06 19:00:00+07:00,60,63,1,0.0,,-1.860419,0.0,0.186,998.1396,-0.186
sideways_low,2021-07-02 22:00:00+07:00,2021-07-06 19:00:00+07:00,61,62,1,0.0,,-1.860419,0.0,0.186,998.1396,-0.186
sideways_low,2021-07-02 22:00:00+07:00,2021-07-06 19:00:00+07:00,59,64,1,0.0,,-1.860419,0.0,0.186,998.1396,-0.186
sideways_low,2021-07-02 22:00:00+07:00,2021-07-06 19:00:00+07:00,58,65,1,0.0,,-1.860419,0.0,0.186,998.1396,-0.186
sideways_low,2021-07-02 22:00:00+07:00,2021-07-06 19:00:00+07:00,70,94,2,0.0,,-2.039525,0.0,0.4079,995.921,-0.4079
sideways_low,2021-07-06 21:00:00+07:00,2021-07-20 12:00:00+07:00,60,63,2,0.0,,-3.491186,0.0,0.6982,993.0176,-0.6982
sideways_low,2021-07-06 21:00:00+07:00,2021-07-20 12:00:00+07:00,61,62,2,0.0,,-3.491186,0.0,0.6982,993.0176,-0.6982
sideways_low,2021-07-06 21:00:00+07:00,2021-07-20 12:00:00+07:00,59,64,2,0.0,,-3.491186,0.0,0.6982,993.0176,-0.6982
sideways_low,2021-07-06 21:00:00+07:00,2021-07-20 12:00:00+07:00,58,65,2,0.0,,-3.491186,0.0,0.6982,993.0176,-0.6982
sideways_low,2021-07-06 21:00:00+07:00,2021-07-20 12:00:00+07:00,70,94,2,0.0,,-4.310833,0.0,0.8622,991.3783,-0.8622
sideways_low,2021-07-21 16:00:00+07:00,2021-07-25 00:00:00+07:00,60,63,0,,,,,0.0,1000.0,0.0
sideways_low,2021-07-21 16:00:00+07:00,2021-07-25 00:00:00+07:00,61,62,0,,,,,0.0,1000.0,0.0
sideways_low,2021-07-21 16:00:00+07:00,2021-07-25 00:00:00+07:00,59,64,0,,,,,0.0,1000.0,0.0
sideways_low,2021-07-21 16:00:00+07:00,2021-07-25 00:00:00+07:00,58,65,0,,,,,0.0,1000.0,0.0
sideways_low,2021-07-21 16:00:00+07:00,2021-07-25 00:00:00+07:00,70,94,0,,,,,0.0,1000.0,0.0
bull_high,2021-07-26 08:00:00+07:00,2021-07-30 01:00:00+07:00,60,63,0,,,,,0.0,1000.0,0.0
bull_high,2021-07-26 08:00:00+07:00,2021-07-30 01:00:00+07:00,61,62,0,,,,,0.0,1000.0,0.0
bull_high,2021-07-26 08:00:00+07:00,2021-07-30 01:00:00+07:00,59,64,0,,,,,0.0,1000.0,0.0
bull_high,2021-07-26 08:00:00+07:00,2021-07-30 01:00:00+07:00,58,65,0,,,,,0.0,1000.0,0.0
bull_high,2021-07-26 08:00:00+07:00,2021-07-30 01:00:00+07:00,70,94,0,,,,,0.0,1000.0,0.0
sideways_low,2021-08-03 12:00:00+07:00,2021-08-05 22:00:00+07:00,60,63,0,,,,,0.0,1000.0,0.0
sideways_low,2021-08-03 12:00:00+07:00,2021-08-05 22:00:00+07:00,61,62,0,,,,,0.0,1000.0,0.0
sideways_low,2021-08-03 12:00:00+07:00,2021-08-05 22:00:00+07:00,59,64,0,,,,,0.0,1000.0,0.0
sideways_low,2021-08-03 12:00:00+07:00,2021-08-05 22:00:00+07:00,58,65,0,,,,,0.0,1000.0,0.0
sideways_low,2021-08-03 12:00:00+07:00,2021-08-05 22:00:00+07:00,70,94,0,,,,,0.0,1000.0,0.0
sideways_low,2021-08-15 04:00:00+07:00,2021-08-21 10:00:00+07:00,60,63,0,,,,,0.0,1000.0,0.0
sideways_low,2021-08-15 04:00:00+07:00,2021-08-21 10:00:00+07:00,61,62,0,,,,,0.0,1000.0,0.0
sideways_low,2021-08-15 04:00:00+07:00,2021-08-21 10:00:00+07:00,59,64,0,,,,,0.0,1000.0,0.0
sideways_low,2021-08-15 04:00:00+07:00,2021-08-21 10:00:00+07:00,58,65,0,,,,,0.0,1000.0,0.0
sideways_low,2021-08-15 04:00:00+07:00,2021-08-21 10:00:00+07:00,70,94,0,,,,,0.0,1000.0,0.0
sideways_low,2021-08-22 11:00:00+07:00,2021-09-07 20:00:00+07:00,60,63,2,0.0,,-4.431163,0.0,0.8862,991.1377,-0.8862
sideways_low,2021-08-22 11:00:00+07:00,2021-09-07 20:00:00+07:00,61,62,2,0.0,,-4.431163,0.0,0.8862,991.1377,-0.8862
sideways_low,2021-08-22 11:00:00+07:00,2021-09-07 20:00:00+07:00,59,64,2,0.0,,-4.431163,0.0,0.8862,991.1377,-0.8862
sideways_low,2021-08-22 11:00:00+07:00,2021-09-07 20:00:00+07:00,58,65,2,0.0,,-4.431163,0.0,0.8862,991.1377,-0.8862
sideways_low,2021-08-22 11:00:00+07:00,2021-09-07 20:00:00+07:00,70,94,2,0.0,,-2.28768,0.0,0.4575,995.4246,-0.4575
sideways_low,2021-09-14 08:00:00+07:00,2021-09-20 17:00:00+07:00,60,63,1,0.0,,-1.224588,0.0,0.1225,998.7754,-0.1225
sideways_low,2021-09-14 08:00:00+07:00,2021-09-20 17:00:00+07:00,61,62,1,0.0,,-1.224588,0.0,0.1225,998.7754,-0.1225
sideways_low,2021-09-14 08:00:00+07:00,2021-09-20 17:00:00+07:00,59,64,1,0.0,,-1.224588,0.0,0.1225,998.7754,-0.1225
sideways_low,2021-09-14 08:00:00+07:00,2021-09-20 17:00:00+07:00,58,65,1,0.0,,-1.224588,0.0,0.1225,998.7754,-0.1225
sideways_low,2021-09-14 08:00:00+07:00,2021-09-20 17:00:00+07:00,70,94,1,0.0,,-2.67509,0.0,0.2675,997.3249,-0.2675
bear_high,2021-09-21 02:00:00+07:00,2021-09-23 09:00:00+07:00,60,63,0,,,,,0.0,1000.0,0.0
bear_high,2021-09-21 02:00:00+07:00,2021-09-23 09:00:00+07:00,61,62,0,,,,,0.0,1000.0,0.0
bear_high,2021-09-21 02:00:00+07:00,2021-09-23 09:00:00+07:00,59,64,0,,,,,0.0,1000.0,0.0
bear_high,2021-09-21 02:00:00+07:00,2021-09-23 09:00:00+07:00,58,65,0,,,,,0.0,1000.0,0.0
bear_high,2021-09-21 02:00:00+07:00,2021-09-23 09:00:00+07:00,70,94,0,,,,,0.0,1000.0,0.0
sideways_low,2021-09-26 20:00:00+07:00,2021-10-01 16:00:00+07:00,60,63,1,0.0,,-3.528883,0.0,0.3529,996.4711,-0.3529
sideways_low,2021-09-26 20:00:00+07:00,2021-10-01 16:00:00+07:00,61,62,1,0.0,,-3.528883,0.0,0.3529,996.4711,-0.3529
sideways_low,2021-09-26 20:00:00+07:00,2021-10-01 16:00:00+07:00,59,64,1,0.0,,-3.528883,0.0,0.3529,996.4711,-0.3529
sideways_low,2021-09-26 20:00:00+07:00,2021-10-01 16:00:00+07:00,58,65,1,0.0,,-3.528883,0.0,0.3529,996.4711,-0.3529
sideways_low,2021-09-26 20:00:00+07:00,2021-10-01 16:00:00+07:00,70,94,0,,,,,0.0,1000.0,0.0
bull_low,2021-10-02 03:00:00+07:00,2021-10-04 18:00:00+07:00,60,63,0,,,,,0.0,1000.0,0.0
bull_low,2021-10-02 03:00:00+07:00,2021-10-04 18:00:00+07:00,61,62,0,,,,,0.0,1000.0,0.0
bull_low,2021-10-02 03:00:00+07:00,2021-10-04 18:00:00+07:00,59,64,0,,,,,0.0,1000.0,0.0
bull_low,2021-10-02 03:00:00+07:00,2021-10-04 18:00:00+07:00,58,65,0,,,,,0.0,1000.0,0.0
bull_low,2021-10-02 03:00:00+07:00,2021-10-04 18:00:00+07:00,70,94,0,,,,,0.0,1000.0,0.0
bull_low,2021-10-07 03:00:00+07:00,2021-10-13 03:00:00+07:00,60,63,0,,,,,0.0,1000.0,0.0
bull_low,2021-10-07 03:00:00+07:00,2021-10-13 03:00:00+07:00,61,62,0,,,,,0.0,1000.0,0.0
bull_low,2021-10-07 03:00:00+07:00,2021-10-13 03:00:00+07:00,59,64,0,,,,,0.0,1000.0,0.0
bull_low,2021-10-07 03:00:00+07:00,2021-10-13 03:00:00+07:00,58,65,0,,,,,0.0,1000.0,0.0
bull_low,2021-10-07 03:00:00+07:00,2021-10-13 03:00:00+07:00,70,94,0,,,,,0.0,1000.0,0.0
sideways_low,2021-10-23 05:00:00+07:00,2021-10-29 00:00:00+07:00,60,63,1,0.0,,-4.605679,0.0,0.4606,995.3943,-0.4606
sideways_low,2021-10-23 05:00:00+07:00,2021-10-29 00:00:00+07:00,61,62,1,0.0,,-4.605679,0.0,0.4606,995.3943,-0.4606
sideways_low,2021-10-23 05:00:00+07:00,2021-10-29 00:00:00+07:00,59,64,1,0.0,,-4.605679,0.0,0.4606,995.3943,-0.4606
sideways_low,2021-10-23 05:00:00+07:00,2021-10-29 00:00:00+07:00,58,65,1,0.0,,-4.605679,0.0,0.4606,995.3943,-0.4606
sideways_low,2021-10-23 05:00:00+07:00,2021-10-29 00:00:00+07:00,70,94,1,0.0,,-3.695623,0.0,0.3696,996.3044,-0.3696
sideways_low,2021-10-29 15:00:00+07:00,2021-11-09 00:00:00+07:00,60,63,3,0.0,,-2.085879,0.0,0.6258,993.7424,-0.6258
sideways_low,2021-10-29 15:00:00+07:00,2021-11-09 00:00:00+07:00,61,62,3,0.0,,-2.085879,0.0,0.6258,993.7424,-0.6258
sideways_low,2021-10-29 15:00:00+07:00,2021-11-09 00:00:00+07:00,59,64,3,0.0,,-2.085879,0.0,0.6258,993.7424,-0.6258
sideways_low,2021-10-29 15:00:00+07:00,2021-11-09 00:00:00+07:00,58,65,3,0.0,,-2.123762,0.0,0.6371,993.6287,-0.6371
sideways_low,2021-10-29 15:00:00+07:00,2021-11-09 00:00:00+07:00,70,94,3,0.0,,-1.734076,0.0,0.5202,994.7978,-0.5202
sideways_low,2021-11-11 13:00:00+07:00,2021-11-16 16:00:00+07:00,60,63,1,0.0,,-3.28385,0.0,0.3284,996.7162,-0.3284
sideways_low,2021-11-11 13:00:00+07:00,2021-11-16 16:00:00+07:00,61,62,1,0.0,,-3.28385,0.0,0.3284,996.7162,-0.3284
sideways_low,2021-11-11 13:00:00+07:00,2021-11-16 16:00:00+07:00,59,64,1,0.0,,-3.28385,0.0,0.3284,996.7162,-0.3284
sideways_low,2021-11-11 13:00:00+07:00,2021-11-16 16:00:00+07:00,58,65,1,0.0,,-3.28385,0.0,0.3284,996.7162,-0.3284
sideways_low,2021-11-11 13:00:00+07:00,2021-11-16 16:00:00+07:00,70,94,1,0.0,,-2.553467,0.0,0.2553,997.4465,-0.2553
sideways_low,2021-11-20 13:00:00+07:00,2021-11-23 01:00:00+07:00,60,63,0,,,,,0.0,1000.0,0.0
sideways_low,2021-11-20 13:00:00+07:00,2021-11-23 01:00:00+07:00,61,62,0,,,,,0.0,1000.0,0.0
sideways_low,2021-11-20 13:00:00+07:00,2021-11-23 01:00:00+07:00,59,64,0,,,,,0.0,1000.0,0.0
sideways_low,2021-11-20 13:00:00+07:00,2021-11-23 01:00:00+07:00,58,65,0,,,,,0.0,1000.0,0.0
sideways_low,2021-11-20 13:00:00+07:00,2021-11-23 01:00:00+07:00,70,94,0,,,,,0.0,1000.0,0.0
sideways_low,2021-11-24 01:00:00+07:00,2021-11-27 03:00:00+07:00,60,63,1,0.0,,-7.882859,0.0,0.7883,992.1171,-0.7883
sideways_low,2021-11-24 01:00:00+07:00,2021-11-27 03:00:00+07:00,61,62,1,0.0,,-7.882859,0.0,0.7883,992.1171,-0.7883
sideways_low,2021-11-24 01:00:00+07:00,2021-11-27 03:00:00+07:00,59,64,1,0.0,,-7.882859,0.0,0.7883,992.1171,-0.7883
sideways_low,2021-11-24 01:00:00+07:00,2021-11-27 03:00:00+07:00,58,65,1,0.0,,-7.882859,0.0,0.7883,992.1171,-0.7883
sideways_low,2021-11-24 01:00:00+07:00,2021-11-27 03:00:00+07:00,70,94,1,0.0,,-5.941421,0.0,0.5941,994.0586,-0.5941
sideways_low,2021-11-28 02:00:00+07:00,2021-11-30 22:00:00+07:00,60,63,0,,,,,0.0,1000.0,0.0
sideways_low,2021-11-28 02:00:00+07:00,2021-11-30 22:00:00+07:00,61,62,0,,,,,0.0,1000.0,0.0
sideways_low,2021-11-28 02:00:00+07:00,2021-11-30 22:00:00+07:00,59,64,0,,,,,0.0,1000.0,0.0
sideways_low,2021-11-28 02:00:00+07:00,2021-11-30 22:00:00+07:00,58,65,0,,,,,0.0,1000.0,0.0
sideways_low,2021-11-28 02:00:00+07:00,2021-11-30 22:00:00+07:00,70,94,0,,,,,0.0,1000.0,0.0
sideways_low,2021-12-01 11:00:00+07:00,2021-12-04 02:00:00+07:00,60,63,0,,,,,0.0,1000.0,0.0
sideways_low,2021-12-01 11:00:00+07:00,2021-12-04 02:00:00+07:00,61,62,0,,,,,0.0,1000.0,0.0
sideways_low,2021-12-01 11:00:00+07:00,2021-12-04 02:00:00+07:00,59,64,0,,,,,0.0,1000.0,0.0
sideways_low,2021-12-01 11:00:00+07:00,2021-12-04 02:00:00+07:00,58,65,0,,,,,0.0,1000.0,0.0
sideways_low,2021-12-01 11:00:00+07:00,2021-12-04 02:00:00+07:00,70,94,0,,,,,0.0,1000.0,0.0
sideways_low,2021-12-07 16:00:00+07:00,2021-12-10 00:00:00+07:00,60,63,0,,,,,0.0,1000.0,0.0
sideways_low,2021-12-07 16:00:00+07:00,2021-12-10 00:00:00+07:00,61,62,0,,,,,0.0,1000.0,0.0
sideways_low,2021-12-07 16:00:00+07:00,2021-12-10 00:00:00+07:00,59,64,0,,,,,0.0,1000.0,0.0
sideways_low,2021-12-07 16:00:00+07:00,2021-12-10 00:00:00+07:00,58,65,0,,,,,0.0,1000.0,0.0
sideways_low,2021-12-07 16:00:00+07:00,2021-12-10 00:00:00+07:00,70,94,0,,,,,0.0,1000.0,0.0
sideways_low,2021-12-11 18:00:00+07:00,2021-12-14 01:00:00+07:00,60,63,1,0.0,,-5.96976,0.0,0.597,994.0302,-0.597
sideways_low,2021-12-11 18:00:00+07:00,2021-12-14 01:00:00+07:00,61,62,1,0.0,,-5.96976,0.0,0.597,994.0302,-0.597
sideways_low,2021-12-11 18:00:00+07:00,2021-12-14 01:00:00+07:00,59,64,1,0.0,,-5.96976,0.0,0.597,994.0302,-0.597
sideways_low,2021-12-11 18:00:00+07:00,2021-12-14 01:00:00+07:00,58,65,1,0.0,,-5.96976,0.0,0.597,994.0302,-0.597
sideways_low,2021-12-11 18:00:00+07:00,2021-12-14 01:00:00+07:00,70,94,0,,,,,0.0,1000.0,0.0
sideways_low,2021-12-18 14:00:00+07:00,2022-01-06 02:00:00+07:00,60,63,1,100.0,0.949215,,inf,0.0,1000.9492,0.0949
sideways_low,2021-12-18 14:00:00+07:00,2022-01-06 02:00:00+07:00,61,62,1,100.0,0.949215,,inf,0.0,1000.9492,0.0949
sideways_low,2021-12-18 14:00:00+07:00,2022-01-06 02:00:00+07:00,59,64,1,100.0,0.949215,,inf,0.0,1000.9492,0.0949
sideways_low,2021-12-18 14:00:00+07:00,2022-01-06 02:00:00+07:00,58,65,1,100.0,0.949215,,inf,0.0,1000.9492,0.0949
sideways_low,2021-12-18 14:00:00+07:00,2022-01-06 02:00:00+07:00,70,94,1,0.0,,-1.446708,0.0,0.1447,998.5533,-0.1447
sideways_low,2022-01-11 07:00:00+07:00,2022-01-21 07:00:00+07:00,60,63,1,100.0,0.227212,,inf,0.0,1000.2272,0.0227
sideways_low,2022-01-11 07:00:00+07:00,2022-01-21 07:00:00+07:00,61,62,1,100.0,0.227212,,inf,0.0,1000.2272,0.0227
sideways_low,2022-01-11 07:00:00+07:00,2022-01-21 07:00:00+07:00,59,64,1,100.0,0.227212,,inf,0.0,1000.2272,0.0227
sideways_low,2022-01-11 07:00:00+07:00,2022-01-21 07:00:00+07:00,58,65,1,100.0,0.227212,,inf,0.0,1000.2272,0.0227
sideways_low,2022-01-11 07:00:00+07:00,2022-01-21 07:00:00+07:00,70,94,1,0.0,,-2.69119,0.0,0.2691,997.3088,-0.2691
bear_high,2022-01-21 19:00:00+07:00,2022-01-25 21:00:00+07:00,60,63,0,,,,,0.0,1000.0,0.0
bear_high,2022-01-21 19:00:00+07:00,2022-01-25 21:00:00+07:00,61,62,0,,,,,0.0,1000.0,0.0
bear_high,2022-01-21 19:00:00+07:00,2022-01-25 21:00:00+07:00,59,64,0,,,,,0.0,1000.0,0.0
bear_high,2022-01-21 19:00:00+07:00,2022-01-25 21:00:00+07:00,58,65,0,,,,,0.0,1000.0,0.0
bear_high,2022-01-21 19:00:00+07:00,2022-01-25 21:00:00+07:00,70,94,0,,,,,0.0,1000.0,0.0
sideways_low,2022-01-29 04:00:00+07:00,2022-02-04 22:00:00+07:00,60,63,0,,,,,0.0,1000.0,0.0
sideways_low,2022-01-29 04:00:00+07:00,2022-02-04 22:00:00+07:00,61,62,0,,,,,0.0,1000.0,0.0
sideways_low,2022-01-29 04:00:00+07:00,2022-02-04 22:00:00+07:00,59,64,0,,,,,0.0,1000.0,0.0
sideways_low,2022-01-29 04:00:00+07:00,2022-02-04 22:00:00+07:00,58,65,0,,,,,0.0,1000.0,0.0
sideways_low,2022-01-29 04:00:00+07:00,2022-02-04 22:00:00+07:00,70,94,0,,,,,0.0,1000.0,0.0
bull_low,2022-02-05 12:00:00+07:00,2022-02-09 02:00:00+07:00,60,63,0,,,,,0.0,1000.0,0.0
bull_low,2022-02-05 12:00:00+07:00,2022-02-09 02:00:00+07:00,61,62,0,,,,,0.0,1000.0,0.0
bull_low,2022-02-05 12:00:00+07:00,2022-02-09 02:00:00+07:00,59,64,0,,,,,0.0,1000.0,0.0
bull_low,2022-02-05 12:00:00+07:00,2022-02-09 02:00:00+07:00,58,65,0,,,,,0.0,1000.0,0.0
bull_low,2022-02-05 12:00:00+07:00,2022-02-09 02:00:00+07:00,70,94,0,,,,,0.0,1000.0,0.0
sideways_low,2022-02-12 07:00:00+07:00,2022-02-18 21:00:00+07:00,60,63,1,0.0,,-4.452484,0.0,0.4452,995.5475,-0.4452
sideways_low,2022-02-12 07:00:00+07:00,2022-02-18 21:00:00+07:00,61,62,1,0.0,,-4.452484,0.0,0.4452,995.5475,-0.4452
sideways_low,2022-02-12 07:00:00+07:00,2022-02-18 21:00:00+07:00,59,64,1,0.0,,-4.452484,0.0,0.4452,995.5475,-0.4452
sideways_low,2022-02-12 07:00:00+07:00,2022-02-18 21:00:00+07:00,58,65,1,0.0,,-4.452484,0.0,0.4452,995.5475,-0.4452
sideways_low,2022-02-12 07:00:00+07:00,2022-02-18 21:00:00+07:00,70,94,1,0.0,,-7.20258,0.0,0.7203,992.7974,-0.7203
sideways_low,2022-03-05 12:00:00+07:00,2022-03-08 01:00:00+07:00,60,63,0,,,,,0.0,1000.0,0.0
sideways_low,2022-03-05 12:00:00+07:00,2022-03-08 01:00:00+07:00,61,62,0,,,,,0.0,1000.0,0.0
sideways_low,2022-03-05 12:00:00+07:00,2022-03-08 01:00:00+07:00,59,64,0,,,,,0.0,1000.0,0.0
sideways_low,2022-03-05 12:00:00+07:00,2022-03-08 01:00:00+07:00,58,65,0,,,,,0.0,1000.0,0.0
sideways_low,2022-03-05 12:00:00+07:00,2022-03-08 01:00:00+07:00,70,94,0,,,,,0.0,1000.0,0.0
sideways_low,2022-03-11 21:00:00+07:00,2022-03-16 09:00:00+07:00,60,63,0,,,,,0.0,1000.0,0.0
sideways_low,2022-03-11 21:00:00+07:00,2022-03-16 09:00:00+07:00,61,62,0,,,,,0.0,1000.0,0.0
sideways_low,2022-03-11 21:00:00+07:00,2022-03-16 09:00:00+07:00,59,64,0,,,,,0.0,1000.0,0.0
sideways_low,2022-03-11 21:00:00+07:00,2022-03-16 09:00:00+07:00,58,65,0,,,,,0.0,1000.0,0.0
sideways_low,2022-03-11 21:00:00+07:00,2022-03-16 09:00:00+07:00,70,94,0,,,,,0.0,1000.0,0.0
sideways_low,2022-03-17 14:00:00+07:00,2022-03-28 11:00:00+07:00,60,63,0,,,,,0.0,1000.0,0.0
sideways_low,2022-03-17 14:00:00+07:00,2022-03-28 11:00:00+07:00,61,62,0,,,,,0.0,1000.0,0.0
sideways_low,2022-03-17 14:00:00+07:00,2022-03-28 11:00:00+07:00,59,64,0,,,,,0.0,1000.0,0.0
sideways_low,2022-03-17 14:00:00+07:00,2022-03-28 11:00:00+07:00,58,65,0,,,,,0.0,1000.0,0.0
sideways_low,2022-03-17 14:00:00+07:00,2022-03-28 11:00:00+07:00,70,94,0,,,,,0.0,1000.0,0.0
bull_low,2022-03-28 12:00:00+07:00,2022-03-30 16:00:00+07:00,60,63,0,,,,,0.0,1000.0,0.0
bull_low,2022-03-28 12:00:00+07:00,2022-03-30 16:00:00+07:00,61,62,0,,,,,0.0,1000.0,0.0
bull_low,2022-03-28 12:00:00+07:00,2022-03-30 16:00:00+07:00,59,64,0,,,,,0.0,1000.0,0.0
bull_low,2022-03-28 12:00:00+07:00,2022-03-30 16:00:00+07:00,58,65,0,,,,,0.0,1000.0,0.0
bull_low,2022-03-28 12:00:00+07:00,2022-03-30 16:00:00+07:00,70,94,0,,,,,0.0,1000.0,0.0
sideways_low,2022-03-30 17:00:00+07:00,2022-04-11 23:00:00+07:00,60,63,2,0.0,,-1.755961,0.0,0.3512,996.4881,-0.3512
sideways_low,2022-03-30 17:00:00+07:00,2022-04-11 23:00:00+07:00,61,62,2,0.0,,-1.755961,0.0,0.3512,996.4881,-0.3512
sideways_low,2022-03-30 17:00:00+07:00,2022-04-11 23:00:00+07:00,59,64,2,0.0,,-1.755961,0.0,0.3512,996.4881,-0.3512
sideways_low,2022-03-30 17:00:00+07:00,2022-04-11 23:00:00+07:00,58,65,2,0.0,,-1.755961,0.0,0.3512,996.4881,-0.3512
sideways_low,2022-03-30 17:00:00+07:00,2022-04-11 23:00:00+07:00,70,94,3,0.0,,-1.437262,0.0,0.4312,995.6882,-0.4312
sideways_low,2022-04-14 01:00:00+07:00,2022-05-06 14:00:00+07:00,60,63,4,0.0,,-3.629426,0.0,1.4518,985.4823,-1.4518
sideways_low,2022-04-14 01:00:00+07:00,2022-05-06 14:00:00+07:00,61,62,4,0.0,,-3.629426,0.0,1.4518,985.4823,-1.4518
sideways_low,2022-04-14 01:00:00+07:00,2022-05-06 14:00:00+07:00,59,64,4,0.0,,-3.629426,0.0,1.4518,985.4823,-1.4518
sideways_low,2022-04-14 01:00:00+07:00,2022-05-06 14:00:00+07:00,58,65,4,0.0,,-3.629426,0.0,1.4518,985.4823,-1.4518
sideways_low,2022-04-14 01:00:00+07:00,2022-05-06 14:00:00+07:00,70,94,2,0.0,,-6.798117,0.0,1.3596,986.4038,-1.3596
bear_low,2022-05-06 15:00:00+07:00,2022-05-09 20:00:00+07:00,60,63,0,,,,,0.0,1000.0,0.0
bear_low,2022-05-06 15:00:00+07:00,2022-05-09 20:00:00+07:00,61,62,0,,,,,0.0,1000.0,0.0
bear_low,2022-05-06 15:00:00+07:00,2022-05-09 20:00:00+07:00,59,64,0,,,,,0.0,1000.0,0.0
bear_low,2022-05-06 15:00:00+07:00,2022-05-09 20:00:00+07:00,58,65,0,,,,,0.0,1000.0,0.0
bear_low,2022-05-06 15:00:00+07:00,2022-05-09 20:00:00+07:00,70,94,0,,,,,0.0,1000.0,0.0
bear_high,2022-05-09 21:00:00+07:00,2022-05-15 14:00:00+07:00,60,63,0,,,,,0.0,1000.0,0.0
bear_high,2022-05-09 21:00:00+07:00,2022-05-15 14:00:00+07:00,61,62,0,,,,,0.0,1000.0,0.0
bear_high,2022-05-09 21:00:00+07:00,2022-05-15 14:00:00+07:00,59,64,0,,,,,0.0,1000.0,0.0
bear_high,2022-05-09 21:00:00+07:00,2022-05-15 14:00:00+07:00,58,65,0,,,,,0.0,1000.0,0.0
bear_high,2022-05-09 21:00:00+07:00,2022-05-15 14:00:00+07:00,70,94,0,,,,,0.0,1000.0,0.0
sideways_low,2022-05-17 12:00:00+07:00,2022-05-31 16:00:00+07:00,60,63,3,0.0,,-2.939327,0.0,0.8818,991.182,-0.8818
sideways_low,2022-05-17 12:00:00+07:00,2022-05-31 16:00:00+07:00,61,62,3,0.0,,-2.939327,0.0,0.8818,991.182,-0.8818
sideways_low,2022-05-17 12:00:00+07:00,2022-05-31 16:00:00+07:00,59,64,3,0.0,,-2.939327,0.0,0.8818,991.182,-0.8818
sideways_low,2022-05-17 12:00:00+07:00,2022-05-31 16:00:00+07:00,58,65,3,0.0,,-2.939327,0.0,0.8818,991.182,-0.8818
sideways_low,2022-05-17 12:00:00+07:00,2022-05-31 16:00:00+07:00,70,94,1,0.0,,-3.044103,0.0,0.3044,996.9559,-0.3044
sideways_low,2022-06-01 16:00:00+07:00,2022-06-08 04:00:00+07:00,60,63,1,0.0,,-5.311581,0.0,0.5312,994.6884,-0.5312
sideways_low,2022-06-01 16:00:00+07:00,2022-06-08 04:00:00+07:00,61,62,1,0.0,,-5.311581,0.0,0.5312,994.6884,-0.5312
sideways_low,2022-06-01 16:00:00+07:00,2022-06-08 04:00:00+07:00,59,64,1,0.0,,-5.311581,0.0,0.5312,994.6884,-0.5312
sideways_low,2022-06-01 16:00:00+07:00,2022-06-08 04:00:00+07:00,58,65,1,0.0,,-5.311581,0.0,0.5312,994.6884,-0.5312
sideways_low,2022-06-01 16:00:00+07:00,2022-06-08 04:00:00+07:00,70,94,1,0.0,,-4.335582,0.0,0.4336,995.6644,-0.4336
sideways_low,2022-06-08 23:00:00+07:00,2022-06-12 10:00:00+07:00,60,63,0,,,,,0.0,1000.0,0.0
sideways_low,2022-06-08 23:00:00+07:00,2022-06-12 10:00:00+07:00,61,62,0,,,,,0.0,1000.0,0.0
sideways_low,2022-06-08 23:00:00+07:00,2022-06-12 10:00:00+07:00,59,64,0,,,,,0.0,1000.0,0.0
sideways_low,2022-06-08 23:00:00+07:00,2022-06-12 10:00:00+07:00,58,65,0,,,,,0.0,1000.0,0.0
sideways_low,2022-06-08 23:00:00+07:00,2022-06-12 10:00:00+07:00,70,94,0,,,,,0.0,1000.0,0.0
bear_high,2022-06-13 06:00:00+07:00,2022-06-18 10:00:00+07:00,60,63,0,,,,,0.0,1000.0,0.0
bear_high,2022-06-13 06:00:00+07:00,2022-06-18 10:00:00+07:00,61,62,0,,,,,0.0,1000.0,0.0
bear_high,2022-06-13 06:00:00+07:00,2022-06-18 10:00:00+07:00,59,64,0,,,,,0.0,1000.0,0.0
bear_high,2022-06-13 06:00:00+07:00,2022-06-18 10:00:00+07:00,58,65,0,,,,,0.0,1000.0,0.0
bear_high,2022-06-13 06:00:00+07:00,2022-06-18 10:00:00+07:00,70,94,0,,,,,0.0,1000.0,0.0
bear_high,2022-06-18 13:00:00+07:00,2022-06-21 16:00:00+07:00,60,63,0,,,,,0.0,1000.0,0.0
bear_high,2022-06-18 13:00:00+07:00,2022-06-21 16:00:00+07:00,61,62,0,,,,,0.0,1000.0,0.0
bear_high,2022-06-18 13:00:00+07:00,2022-06-21 16:00:00+07:00,59,64,0,,,,,0.0,1000.0,0.0
bear_high,2022-06-18 13:00:00+07:00,2022-06-21 16:00:00+07:00,58,65,0,,,,,0.0,1000.0,0.0
bear_high,2022-06-18 13:00:00+07:00,2022-06-21 16:00:00+07:00,70,94,0,,,,,0.0,1000.0,0.0
sideways_low,2022-06-25 03:00:00+07:00,2022-06-30 18:00:00+07:00,60,63,0,,,,,0.0,1000.0,0.0
sideways_low,2022-06-25 03:00:00+07:00,2022-06-30 18:00:00+07:00,61,62,0,,,,,0.0,1000.0,0.0
sideways_low,2022-06-25 03:00:00+07:00,2022-06-30 18:00:00+07:00,59,64,0,,,,,0.0,1000.0,0.0
sideways_low,2022-06-25 03:00:00+07:00,2022-06-30 18:00:00+07:00,58,65,0,,,,,0.0,1000.0,0.0
sideways_low,2022-06-25 03:00:00+07:00,2022-06-30 18:00:00+07:00,70,94,0,,,,,0.0,1000.0,0.0
sideways_low,2022-07-02 23:00:00+07:00,2022-07-06 03:00:00+07:00,60,63,0,,,,,0.0,1000.0,0.0
sideways_low,2022-07-02 23:00:00+07:00,2022-07-06 03:00:00+07:00,61,62,0,,,,,0.0,1000.0,0.0
sideways_low,2022-07-02 23:00:00+07:00,2022-07-06 03:00:00+07:00,59,64,0,,,,,0.0,1000.0,0.0
sideways_low,2022-07-02 23:00:00+07:00,2022-07-06 03:00:00+07:00,58,65,0,,,,,0.0,1000.0,0.0
sideways_low,2022-07-02 23:00:00+07:00,2022-07-06 03:00:00+07:00,70,94,0,,,,,0.0,1000.0,0.0
sideways_low,2022-07-09 19:00:00+07:00,2022-07-13 18:00:00+07:00,60,63,0,,,,,0.0,1000.0,0.0
sideways_low,2022-07-09 19:00:00+07:00,2022-07-13 18:00:00+07:00,61,62,0,,,,,0.0,1000.0,0.0
sideways_low,2022-07-09 19:00:00+07:00,2022-07-13 18:00:00+07:00,59,64,0,,,,,0.0,1000.0,0.0
sideways_low,2022-07-09 19:00:00+07:00,2022-07-13 18:00:00+07:00,58,65,0,,,,,0.0,1000.0,0.0
sideways_low,2022-07-09 19:00:00+07:00,2022-07-13 18:00:00+07:00,70,94,0,,,,,0.0,1000.0,0.0
sideways_low,2022-07-15 05:00:00+07:00,2022-07-18 21:00:00+07:00,60,63,0,,,,,0.0,1000.0,0.0
sideways_low,2022-07-15 05:00:00+07:00,2022-07-18 21:00:00+07:00,61,62,0,,,,,0.0,1000.0,0.0
sideways_low,2022-07-15 05:00:00+07:00,2022-07-18 21:00:00+07:00,59,64,0,,,,,0.0,1000.0,0.0
sideways_low,2022-07-15 05:00:00+07:00,2022-07-18 21:00:00+07:00,58,65,0,,,,,0.0,1000.0,0.0
sideways_low,2022-07-15 05:00:00+07:00,2022-07-18 21:00:00+07:00,70,94,0,,,,,0.0,1000.0,0.0
