regime_block,regime,start,end,count
1,sideways_low,2017-08-26 15:00:00+07:00,2017-08-28 10:00:00+07:00,44
2,sideways_high,2017-08-28 11:00:00+07:00,2017-08-29 12:00:00+07:00,26
3,sideways_low,2017-08-29 13:00:00+07:00,2017-08-29 13:00:00+07:00,1
4,sideways_high,2017-08-29 14:00:00+07:00,2017-08-30 08:00:00+07:00,19
5,bull_high,2017-08-30 09:00:00+07:00,2017-08-31 04:00:00+07:00,20
6,sideways_high,2017-08-31 05:00:00+07:00,2017-08-31 06:00:00+07:00,2
7,sideways_low,2017-08-31 07:00:00+07:00,2017-08-31 21:00:00+07:00,15
8,bull_low,2017-08-31 22:00:00+07:00,2017-09-02 06:00:00+07:00,33
9,bull_high,2017-09-02 07:00:00+07:00,2017-09-02 19:00:00+07:00,13
10,sideways_high,2017-09-02 20:00:00+07:00,2017-09-05 00:00:00+07:00,53
11,bear_high,2017-09-05 01:00:00+07:00,2017-09-06 03:00:00+07:00,27
12,sideways_high,2017-09-06 04:00:00+07:00,2017-09-10 12:00:00+07:00,98
13,bear_high,2017-09-10 13:00:00+07:00,2017-09-11 08:00:00+07:00,20
14,sideways_high,2017-09-11 09:00:00+07:00,2017-09-13 15:00:00+07:00,55
15,bear_high,2017-09-13 16:00:00+07:00,2017-09-18 08:00:00+07:00,113
16,sideways_high,2017-09-18 09:00:00+07:00,2017-09-22 15:00:00+07:00,103
17,bear_high,2017-09-22 16:00:00+07:00,2017-09-23 15:00:00+07:00,24
18,sideways_high,2017-09-23 16:00:00+07:00,2017-09-24 09:00:00+07:00,18
19,sideways_low,2017-09-24 10:00:00+07:00,2017-09-24 10:00:00+07:00,1
20,sideways_high,2017-09-24 11:00:00+07:00,2017-09-25 03:00:00+07:00,17
21,sideways_low,2017-09-25 04:00:00+07:00,2017-09-25 21:00:00+07:00,18
22,sideways_high,2017-09-25 22:00:00+07:00,2017-09-26 01:00:00+07:00,4
23,sideways_low,2017-09-26 02:00:00+07:00,2017-09-28 04:00:00+07:00,51
24,bull_low,2017-09-28 05:00:00+07:00,2017-09-28 10:00:00+07:00,6
25,bull_high,2017-09-28 11:00:00+07:00,2017-09-28 13:00:00+07:00,3
26,bull_low,2017-09-28 14:00:00+07:00,2017-09-28 16:00:00+07:00,3
27,bull_high,2017-09-28 17:00:00+07:00,2017-09-29 12:00:00+07:00,20
28,sideways_high,2017-09-29 13:00:00+07:00,2017-09-30 16:00:00+07:00,28
29,bull_high,2017-09-30 17:00:00+07:00,2017-10-01 07:00:00+07:00,15
30,bull_low,2017-10-01 08:00:00+07:00,2017-10-02 07:00:00+07:00,24
31,bull_high,2017-10-02 08:00:00+07:00,2017-10-02 12:00:00+07:00,5
32,bull_low,2017-10-02 13:00:00+07:00,2017-10-02 20:00:00+07:00,8
33,bull_high,2017-10-02 21:00:00+07:00,2017-10-03 00:00:00+07:00,4
34,bull_low,2017-10-03 01:00:00+07:00,2017-10-03 11:00:00+07:00,11
35,bull_high,2017-10-03 12:00:00+07:00,2017-10-03 13:00:00+07:00,2
36,sideways_high,2017-10-03 14:00:00+07:00,2017-10-04 07:00:00+07:00,18
37,sideways_low,2017-10-04 08:00:00+07:00,2017-10-04 08:00:00+07:00,1
38,sideways_high,2017-10-04 09:00:00+07:00,2017-10-04 10:00:00+07:00,2
39,sideways_low,2017-10-04 11:00:00+07:00,2017-10-04 11:00:00+07:00,1
40,sideways_high,2017-10-04 12:00:00+07:00,2017-10-05 03:00:00+07:00,16
41,sideways_low,2017-10-05 04:00:00+07:00,2017-10-09 07:00:00+07:00,100
42,bull_low,2017-10-09 08:00:00+07:00,2017-10-10 05:00:00+07:00,22
43,bull_high,2017-10-10 06:00:00+07:00,2017-10-10 10:00:00+07:00,5
44,bull_low,2017-10-10 11:00:00+07:00,2017-10-10 14:00:00+07:00,4
45,bull_high,2017-10-10 15:00:00+07:00,2017-10-10 15:00:00+07:00,1
46,bull_low,2017-10-10 16:00:00+07:00,2017-10-10 17:00:00+07:00,2
47,bull_high,2017-10-10 18:00:00+07:00,2017-10-10 18:00:00+07:00,1
48,bull_low,2017-10-10 19:00:00+07:00,2017-10-10 19:00:00+07:00,1
49,bull_high,2017-10-10 20:00:00+07:00,2017-10-11 01:00:00+07:00,6
50,bull_low,2017-10-11 02:00:00+07:00,2017-10-11 04:00:00+07:00,3
51,bull_high,2017-10-11 05:00:00+07:00,2017-10-11 20:00:00+07:00,16
52,bull_low,2017-10-11 21:00:00+07:00,2017-10-12 22:00:00+07:00,26
53,bull_high,2017-10-12 23:00:00+07:00,2017-10-14 20:00:00+07:00,46
54,bull_low,2017-10-14 21:00:00+07:00,2017-10-15 14:00:00+07:00,18
55,bull_high,2017-10-15 15:00:00+07:00,2017-10-16 17:00:00+07:00,27
56,bull_low,2017-10-16 18:00:00+07:00,2017-10-18 01:00:00+07:00,32
57,sideways_low,2017-10-18 02:00:00+07:00,2017-10-18 13:00:00+07:00,12
58,sideways_high,2017-10-18 14:00:00+07:00,2017-10-19 23:00:00+07:00,34
59,sideways_low,2017-10-20 00:00:00+07:00,2017-10-21 02:00:00+07:00,27
60,sideways_high,2017-10-21 03:00:00+07:00,2017-10-21 04:00:00+07:00,2
61,bull_low,2017-10-21 05:00:00+07:00,2017-10-21 07:00:00+07:00,3
62,bull_high,2017-10-21 08:00:00+07:00,2017-10-21 08:00:00+07:00,1
63,bull_low,2017-10-21 09:00:00+07:00,2017-10-21 10:00:00+07:00,2
64,bull_high,2017-10-21 11:00:00+07:00,2017-10-21 13:00:00+07:00,3
65,bull_low,2017-10-21 14:00:00+07:00,2017-10-22 10:00:00+07:00,21
66,bull_high,2017-10-22 11:00:00+07:00,2017-10-22 19:00:00+07:00,9
67,sideways_high,2017-10-22 20:00:00+07:00,2017-10-23 08:00:00+07:00,13
68,sideways_low,2017-10-23 09:00:00+07:00,2017-10-23 09:00:00+07:00,1
69,sideways_high,2017-10-23 10:00:00+07:00,2017-10-23 10:00:00+07:00,1
70,sideways_low,2017-10-23 11:00:00+07:00,2017-10-23 11:00:00+07:00,1
71,sideways_high,2017-10-23 12:00:00+07:00,2017-10-26 08:00:00+07:00,69
72,sideways_low,2017-10-26 09:00:00+07:00,2017-10-30 16:00:00+07:00,104
73,bull_low,2017-10-30 17:00:00+07:00,2017-10-31 05:00:00+07:00,13
74,sideways_low,2017-10-31 06:00:00+07:00,2017-10-31 23:00:00+07:00,18
75,bull_low,2017-11-01 00:00:00+07:00,2017-11-02 12:00:00+07:00,37
76,bull_high,2017-11-02 13:00:00+07:00,2017-11-02 15:00:00+07:00,3
77,bull_low,2017-11-02 16:00:00+07:00,2017-11-02 16:00:00+07:00,1
78,bull_high,2017-11-02 17:00:00+07:00,2017-11-04 18:00:00+07:00,50
79,bull_low,2017-11-04 19:00:00+07:00,2017-11-04 19:00:00+07:00,1
80,bull_high,2017-11-04 20:00:00+07:00,2017-11-04 20:00:00+07:00,1
81,bull_low,2017-11-04 21:00:00+07:00,2017-11-06 23:00:00+07:00,51
82,bull_high,2017-11-07 00:00:00+07:00,2017-11-07 04:00:00+07:00,5
83,sideways_high,2017-11-07 05:00:00+07:00,2017-11-07 17:00:00+07:00,13
84,sideways_low,2017-11-07 18:00:00+07:00,2017-11-07 19:00:00+07:00,2
85,sideways_high,2017-11-07 20:00:00+07:00,2017-11-08 03:00:00+07:00,8
86,sideways_low,2017-11-08 04:00:00+07:00,2017-11-08 23:00:00+07:00,20
87,sideways_high,2017-11-09 00:00:00+07:00,2017-11-10 08:00:00+07:00,33
88,sideways_low,2017-11-10 09:00:00+07:00,2017-11-10 15:00:00+07:00,7
89,sideways_high,2017-11-10 16:00:00+07:00,2017-11-10 16:00:00+07:00,1
90,sideways_low,2017-11-10 17:00:00+07:00,2017-11-10 17:00:00+07:00,1
91,sideways_high,2017-11-10 18:00:00+07:00,2017-11-11 12:00:00+07:00,19
92,bear_high,2017-11-11 13:00:00+07:00,2017-11-14 03:00:00+07:00,63
93,sideways_high,2017-11-14 04:00:00+07:00,2017-11-16 04:00:00+07:00,49
94,bull_high,2017-11-16 05:00:00+07:00,2017-11-16 15:00:00+07:00,11
95,bull_low,2017-11-16 16:00:00+07:00,2017-11-16 16:00:00+07:00,1
96,bull_high,2017-11-16 17:00:00+07:00,2017-11-19 05:00:00+07:00,61
97,bull_low,2017-11-19 06:00:00+07:00,2017-11-21 10:00:00+07:00,53
98,bull_high,2017-11-21 11:00:00+07:00,2017-11-21 17:00:00+07:00,7
99,bull_low,2017-11-21 18:00:00+07:00,2017-11-21 20:00:00+07:00,3
100,bull_high,2017-11-21 21:00:00+07:00,2017-11-21 21:00:00+07:00,1
101,bull_low,2017-11-21 22:00:00+07:00,2017-11-21 22:00:00+07:00,1
102,bull_high,2017-11-21 23:00:00+07:00,2017-11-21 23:00:00+07:00,1
103,bull_low,2017-11-22 00:00:00+07:00,2017-11-22 01:00:00+07:00,2
104,bull_high,2017-11-22 02:00:00+07:00,2017-11-22 09:00:00+07:00,8
105,bull_low,2017-11-22 10:00:00+07:00,2017-11-23 14:00:00+07:00,29
106,sideways_low,2017-11-23 15:00:00+07:00,2017-11-24 15:00:00+07:00,25
107,sideways_high,2017-11-24 16:00:00+07:00,2017-11-24 20:00:00+07:00,5
108,sideways_low,2017-11-24 21:00:00+07:00,2017-11-26 03:00:00+07:00,31
109,bull_low,2017-11-26 04:00:00+07:00,2017-11-27 00:00:00+07:00,21
110,bull_high,2017-11-27 01:00:00+07:00,2017-11-28 08:00:00+07:00,32
111,bull_low,2017-11-28 09:00:00+07:00,2017-11-29 11:00:00+07:00,27
112,bull_high,2017-11-29 12:00:00+07:00,2017-12-01 04:00:00+07:00,41
113,sideways_high,2017-12-01 05:00:00+07:00,2017-12-01 21:00:00+07:00,17
114,bull_high,2017-12-01 22:00:00+07:00,2017-12-06 03:00:00+07:00,102
115,bull_low,2017-12-06 04:00:00+07:00,2017-12-06 09:00:00+07:00,6
116,bull_high,2017-12-06 10:00:00+07:00,2017-12-06 10:00:00+07:00,1
117,bull_low,2017-12-06 11:00:00+07:00,2017-12-06 13:00:00+07:00,3
118,bull_high,2017-12-06 14:00:00+07:00,2017-12-10 16:00:00+07:00,99
119,sideways_high,2017-12-10 17:00:00+07:00,2017-12-10 22:00:00+07:00,6
120,bull_high,2017-12-10 23:00:00+07:00,2017-12-19 22:00:00+07:00,216
121,sideways_high,2017-12-19 23:00:00+07:00,2017-12-21 23:00:00+07:00,49
122,bear_high,2017-12-22 00:00:00+07:00,2017-12-26 15:00:00+07:00,112
123,sideways_high,2017-12-26 16:00:00+07:00,2017-12-27 12:00:00+07:00,21
124,bull_high,2017-12-27 13:00:00+07:00,2017-12-27 23:00:00+07:00,11
125,sideways_high,2017-12-28 00:00:00+07:00,2017-12-28 23:00:00+07:00,24
126,bear_high,2017-12-29 00:00:00+07:00,2017-12-29 12:00:00+07:00,13
127,sideways_high,2017-12-29 13:00:00+07:00,2017-12-30 15:00:00+07:00,27
128,bear_high,2017-12-30 16:00:00+07:00,2018-01-01 10:00:00+07:00,43
129,sideways_high,2018-01-01 11:00:00+07:00,2018-01-03 18:00:00+07:00,56
130,bull_high,2018-01-03 19:00:00+07:00,2018-01-04 07:00:00+07:00,13
131,sideways_high,2018-01-04 08:00:00+07:00,2018-01-05 18:00:00+07:00,34
132,bull_high,2018-01-05 19:00:00+07:00,2018-01-08 12:00:00+07:00,66
133,sideways_high,2018-01-08 13:00:00+07:00,2018-01-10 11:00:00+07:00,47
134,bear_high,2018-01-10 12:00:00+07:00,2018-01-13 09:00:00+07:00,70
135,sideways_high,2018-01-13 10:00:00+07:00,2018-01-14 23:00:00+07:00,38
136,bear_high,2018-01-15 00:00:00+07:00,2018-01-15 18:00:00+07:00,19
137,sideways_high,2018-01-15 19:00:00+07:00,2018-01-16 14:00:00+07:00,20
138,bear_high,2018-01-16 15:00:00+07:00,2018-01-20 13:00:00+07:00,95
139,sideways_high,2018-01-20 14:00:00+07:00,2018-01-22 04:00:00+07:00,39
140,bear_high,2018-01-22 05:00:00+07:00,2018-01-25 02:00:00+07:00,70
141,sideways_high,2018-01-25 03:00:00+07:00,2018-01-31 00:00:00+07:00,142
142,bear_high,2018-01-31 01:00:00+07:00,2018-02-12 03:00:00+07:00,216
143,sideways_high,2018-02-12 04:00:00+07:00,2018-02-14 14:00:00+07:00,59
144,sideways_low,2018-02-14 15:00:00+07:00,2018-02-14 15:00:00+07:00,1
145,sideways_high,2018-02-14 16:00:00+07:00,2018-02-14 16:00:00+07:00,1
146,sideways_low,2018-02-14 17:00:00+07:00,2018-02-14 18:00:00+07:00,2
147,sideways_high,2018-02-14 19:00:00+07:00,2018-02-15 05:00:00+07:00,11
148,bull_high,2018-02-15 06:00:00+07:00,2018-02-22 00:00:00+07:00,163
149,sideways_high,2018-02-22 01:00:00+07:00,2018-02-25 08:00:00+07:00,80
150,bear_high,2018-02-25 09:00:00+07:00,2018-02-26 17:00:00+07:00,33
151,sideways_high,2018-02-26 18:00:00+07:00,2018-02-28 04:00:00+07:00,35
152,sideways_low,2018-02-28 05:00:00+07:00,2018-02-28 05:00:00+07:00,1
153,sideways_high,2018-02-28 06:00:00+07:00,2018-02-28 08:00:00+07:00,3
154,bull_high,2018-02-28 09:00:00+07:00,2018-02-28 09:00:00+07:00,1
155,sideways_high,2018-02-28 10:00:00+07:00,2018-02-28 10:00:00+07:00,1
156,bull_high,2018-02-28 11:00:00+07:00,2018-02-28 15:00:00+07:00,5
157,sideways_high,2018-02-28 16:00:00+07:00,2018-03-01 16:00:00+07:00,25
158,sideways_low,2018-03-01 17:00:00+07:00,2018-03-02 07:00:00+07:00,15
159,sideways_high,2018-03-02 08:00:00+07:00,2018-03-02 11:00:00+07:00,4
160,bull_high,2018-03-02 12:00:00+07:00,2018-03-02 23:00:00+07:00,12
161,bull_low,2018-03-03 00:00:00+07:00,2018-03-03 01:00:00+07:00,2
162,sideways_low,2018-03-03 02:00:00+07:00,2018-03-03 12:00:00+07:00,11
163,bull_low,2018-03-03 13:00:00+07:00,2018-03-04 20:00:00+07:00,32
164,sideways_low,2018-03-04 21:00:00+07:00,2018-03-05 14:00:00+07:00,18
165,bull_low,2018-03-05 15:00:00+07:00,2018-03-06 08:00:00+07:00,18
166,sideways_low,2018-03-06 09:00:00+07:00,2018-03-07 05:00:00+07:00,21
167,sideways_high,2018-03-07 06:00:00+07:00,2018-03-08 03:00:00+07:00,22
168,bear_high,2018-03-08 04:00:00+07:00,2018-03-12 10:00:00+07:00,103
169,sideways_high,2018-03-12 11:00:00+07:00,2018-03-13 13:00:00+07:00,27
170,bear_high,2018-03-13 14:00:00+07:00,2018-03-14 12:00:00+07:00,23
171,sideways_high,2018-03-14 13:00:00+07:00,2018-03-14 16:00:00+07:00,4
172,bear_high,2018-03-14 17:00:00+07:00,2018-03-19 18:00:00+07:00,122
173,sideways_high,2018-03-19 19:00:00+07:00,2018-03-22 12:00:00+07:00,66
174,sideways_low,2018-03-22 13:00:00+07:00,2018-03-22 15:00:00+07:00,3
175,sideways_high,2018-03-22 16:00:00+07:00,2018-03-24 15:00:00+07:00,48
176,sideways_low,2018-03-24 16:00:00+07:00,2018-03-24 16:00:00+07:00,1
177,sideways_high,2018-03-24 17:00:00+07:00,2018-03-25 01:00:00+07:00,9
178,sideways_low,2018-03-25 02:00:00+07:00,2018-03-25 03:00:00+07:00,2
179,sideways_high,2018-03-25 04:00:00+07:00,2018-03-26 03:00:00+07:00,24
180,sideways_low,2018-03-26 04:00:00+07:00,2018-03-26 04:00:00+07:00,1
181,sideways_high,2018-03-26 05:00:00+07:00,2018-03-26 10:00:00+07:00,6
182,sideways_low,2018-03-26 11:00:00+07:00,2018-03-26 17:00:00+07:00,7
183,sideways_high,2018-03-26 18:00:00+07:00,2018-03-27 03:00:00+07:00,10
184,bear_high,2018-03-27 04:00:00+07:00,2018-03-29 02:00:00+07:00,47
185,bear_low,2018-03-29 03:00:00+07:00,2018-03-29 04:00:00+07:00,2
186,bear_high,2018-03-29 05:00:00+07:00,2018-03-29 05:00:00+07:00,1
187,sideways_low,2018-03-29 06:00:00+07:00,2018-03-29 10:00:00+07:00,5
188,bear_high,2018-03-29 11:00:00+07:00,2018-04-03 10:00:00+07:00,120
189,sideways_high,2018-04-03 11:00:00+07:00,2018-04-03 23:00:00+07:00,13
190,sideways_low,2018-04-04 00:00:00+07:00,2018-04-04 08:00:00+07:00,9
191,sideways_high,2018-04-04 09:00:00+07:00,2018-04-04 09:00:00+07:00,1
192,sideways_low,2018-04-04 10:00:00+07:00,2018-04-04 15:00:00+07:00,6
193,sideways_high,2018-04-04 16:00:00+07:00,2018-04-05 06:00:00+07:00,15
194,bear_high,2018-04-05 07:00:00+07:00,2018-04-07 00:00:00+07:00,42
195,bear_low,2018-04-07 01:00:00+07:00,2018-04-07 07:00:00+07:00,7
196,bear_high,2018-04-07 08:00:00+07:00,2018-04-07 10:00:00+07:00,3
197,bear_low,2018-04-07 11:00:00+07:00,2018-04-07 16:00:00+07:00,6
198,sideways_low,2018-04-07 17:00:00+07:00,2018-04-12 17:00:00+07:00,121
199,sideways_high,2018-04-12 18:00:00+07:00,2018-04-13 04:00:00+07:00,11
200,bull_high,2018-04-13 05:00:00+07:00,2018-04-15 02:00:00+07:00,46
201,bull_low,2018-04-15 03:00:00+07:00,2018-04-17 03:00:00+07:00,49
202,sideways_low,2018-04-17 04:00:00+07:00,2018-04-21 01:00:00+07:00,94
203,bull_low,2018-04-21 02:00:00+07:00,2018-04-25 09:00:00+07:00,104
204,bull_high,2018-04-25 10:00:00+07:00,2018-04-26 02:00:00+07:00,17
205,sideways_high,2018-04-26 03:00:00+07:00,2018-04-27 12:00:00+07:00,34
206,sideways_low,2018-04-27 13:00:00+07:00,2018-04-28 03:00:00+07:00,15
207,sideways_high,2018-04-28 04:00:00+07:00,2018-04-28 04:00:00+07:00,1
208,sideways_low,2018-04-28 05:00:00+07:00,2018-04-28 05:00:00+07:00,1
209,sideways_high,2018-04-28 06:00:00+07:00,2018-04-28 11:00:00+07:00,6
210,sideways_low,2018-04-28 12:00:00+07:00,2018-04-28 22:00:00+07:00,11
211,sideways_high,2018-04-28 23:00:00+07:00,2018-04-28 23:00:00+07:00,1
212,sideways_low,2018-04-29 00:00:00+07:00,2018-05-05 21:00:00+07:00,166
213,bull_low,2018-05-05 22:00:00+07:00,2018-05-06 06:00:00+07:00,9
214,sideways_low,2018-05-06 07:00:00+07:00,2018-05-06 08:00:00+07:00,2
215,bull_low,2018-05-06 09:00:00+07:00,2018-05-06 10:00:00+07:00,2
216,sideways_low,2018-05-06 11:00:00+07:00,2018-05-11 20:00:00+07:00,130
217,bear_low,2018-05-11 21:00:00+07:00,2018-05-12 02:00:00+07:00,6
218,bear_high,2018-05-12 03:00:00+07:00,2018-05-13 20:00:00+07:00,42
219,bear_low,2018-05-13 21:00:00+07:00,2018-05-14 02:00:00+07:00,6
220,sideways_low,2018-05-14 03:00:00+07:00,2018-05-14 09:00:00+07:00,7
221,sideways_high,2018-05-14 10:00:00+07:00,2018-05-14 18:00:00+07:00,9
222,sideways_low,2018-05-14 19:00:00+07:00,2018-05-14 19:00:00+07:00,1
223,sideways_high,2018-05-14 20:00:00+07:00,2018-05-15 11:00:00+07:00,16
224,sideways_low,2018-05-15 12:00:00+07:00,2018-05-15 20:00:00+07:00,9
225,sideways_high,2018-05-15 21:00:00+07:00,2018-05-15 21:00:00+07:00,1
226,sideways_low,2018-05-15 22:00:00+07:00,2018-05-16 01:00:00+07:00,4
227,sideways_high,2018-05-16 02:00:00+07:00,2018-05-16 02:00:00+07:00,1
228,sideways_low,2018-05-16 03:00:00+07:00,2018-05-16 04:00:00+07:00,2
229,sideways_high,2018-05-16 05:00:00+07:00,2018-05-16 05:00:00+07:00,1
230,sideways_low,2018-05-16 06:00:00+07:00,2018-05-16 07:00:00+07:00,2
231,sideways_high,2018-05-16 08:00:00+07:00,2018-05-16 15:00:00+07:00,8
232,sideways_low,2018-05-16 16:00:00+07:00,2018-05-16 16:00:00+07:00,1
233,sideways_high,2018-05-16 17:00:00+07:00,2018-05-16 18:00:00+07:00,2
234,bear_low,2018-05-16 19:00:00+07:00,2018-05-16 19:00:00+07:00,1
235,bear_high,2018-05-16 20:00:00+07:00,2018-05-17 05:00:00+07:00,10
236,bear_low,2018-05-17 06:00:00+07:00,2018-05-17 08:00:00+07:00,3
237,sideways_low,2018-05-17 09:00:00+07:00,2018-05-18 07:00:00+07:00,23
238,bear_low,2018-05-18 08:00:00+07:00,2018-05-19 03:00:00+07:00,20
239,sideways_low,2018-05-19 04:00:00+07:00,2018-05-23 20:00:00+07:00,113
240,bear_low,2018-05-23 21:00:00+07:00,2018-05-23 23:00:00+07:00,3
241,bear_high,2018-05-24 00:00:00+07:00,2018-05-25 11:00:00+07:00,36
242,bear_low,2018-05-25 12:00:00+07:00,2018-05-25 12:00:00+07:00,1
243,bear_high,2018-05-25 13:00:00+07:00,2018-05-26 00:00:00+07:00,12
244,bear_low,2018-05-26 01:00:00+07:00,2018-05-29 22:00:00+07:00,94
245,sideways_low,2018-05-29 23:00:00+07:00,2018-06-10 23:00:00+07:00,289
246,sideways_high,2018-06-11 00:00:00+07:00,2018-06-11 00:00:00+07:00,1
247,bear_high,2018-06-11 01:00:00+07:00,2018-06-11 19:00:00+07:00,19
248,bear_low,2018-06-11 20:00:00+07:00,2018-06-13 22:00:00+07:00,51
249,bear_high,2018-06-13 23:00:00+07:00,2018-06-14 12:00:00+07:00,14
250,bear_low,2018-06-14 13:00:00+07:00,2018-06-14 22:00:00+07:00,10
251,bear_high,2018-06-14 23:00:00+07:00,2018-06-15 08:00:00+07:00,10
252,bear_low,2018-06-15 09:00:00+07:00,2018-06-15 15:00:00+07:00,7
253,sideways_low,2018-06-15 16:00:00+07:00,2018-06-16 04:00:00+07:00,13
254,bear_low,2018-06-16 05:00:00+07:00,2018-06-17 03:00:00+07:00,23
255,sideways_low,2018-06-17 04:00:00+07:00,2018-06-23 02:00:00+07:00,143
256,sideways_high,2018-06-23 03:00:00+07:00,2018-06-23 03:00:00+07:00,1
257,bear_high,2018-06-23 04:00:00+07:00,2018-06-23 15:00:00+07:00,12
258,bear_low,2018-06-23 16:00:00+07:00,2018-06-24 10:00:00+07:00,19
259,bear_high,2018-06-24 11:00:00+07:00,2018-06-24 15:00:00+07:00,5
260,bear_low,2018-06-24 16:00:00+07:00,2018-06-24 22:00:00+07:00,7
261,bear_high,2018-06-24 23:00:00+07:00,2018-06-25 09:00:00+07:00,11
262,bear_low,2018-06-25 10:00:00+07:00,2018-06-25 12:00:00+07:00,3
263,sideways_low,2018-06-25 13:00:00+07:00,2018-06-25 20:00:00+07:00,8
264,sideways_high,2018-06-25 21:00:00+07:00,2018-06-25 23:00:00+07:00,3
265,sideways_low,2018-06-26 00:00:00+07:00,2018-06-26 00:00:00+07:00,1
266,sideways_high,2018-06-26 01:00:00+07:00,2018-06-26 01:00:00+07:00,1
267,sideways_low,2018-06-26 02:00:00+07:00,2018-06-29 20:00:00+07:00,80
268,bear_low,2018-06-29 21:00:00+07:00,2018-06-30 03:00:00+07:00,7
269,sideways_low,2018-06-30 04:00:00+07:00,2018-06-30 07:00:00+07:00,4
270,sideways_high,2018-06-30 08:00:00+07:00,2018-06-30 11:00:00+07:00,4
271,sideways_low,2018-06-30 12:00:00+07:00,2018-07-18 01:00:00+07:00,415
272,sideways_high,2018-07-18 02:00:00+07:00,2018-07-18 02:00:00+07:00,1
273,bull_low,2018-07-18 03:00:00+07:00,2018-07-21 14:00:00+07:00,84
274,sideways_low,2018-07-21 15:00:00+07:00,2018-07-23 14:00:00+07:00,48
275,bull_low,2018-07-23 15:00:00+07:00,2018-07-27 09:00:00+07:00,91
276,sideways_low,2018-07-27 10:00:00+07:00,2018-08-05 00:00:00+07:00,207
277,bear_low,2018-08-05 01:00:00+07:00,2018-08-07 21:00:00+07:00,69
278,sideways_low,2018-08-07 22:00:00+07:00,2018-08-08 07:00:00+07:00,10
279,bear_low,2018-08-08 08:00:00+07:00,2018-08-08 11:00:00+07:00,4
280,bear_high,2018-08-08 12:00:00+07:00,2018-08-08 17:00:00+07:00,6
281,bear_low,2018-08-08 18:00:00+07:00,2018-08-08 22:00:00+07:00,5
282,bear_high,2018-08-08 23:00:00+07:00,2018-08-09 09:00:00+07:00,11
283,bear_low,2018-08-09 10:00:00+07:00,2018-08-09 19:00:00+07:00,10
284,bear_high,2018-08-09 20:00:00+07:00,2018-08-10 00:00:00+07:00,5
285,bear_low,2018-08-10 01:00:00+07:00,2018-08-10 08:00:00+07:00,8
286,bear_high,2018-08-10 09:00:00+07:00,2018-08-10 09:00:00+07:00,1
287,bear_low,2018-08-10 10:00:00+07:00,2018-08-10 18:00:00+07:00,9
288,bear_high,2018-08-10 19:00:00+07:00,2018-08-10 19:00:00+07:00,1
289,bear_low,2018-08-10 20:00:00+07:00,2018-08-10 20:00:00+07:00,1
290,bear_high,2018-08-10 21:00:00+07:00,2018-08-10 21:00:00+07:00,1
291,bear_low,2018-08-10 22:00:00+07:00,2018-08-10 22:00:00+07:00,1
292,bear_high,2018-08-10 23:00:00+07:00,2018-08-11 00:00:00+07:00,2
293,bear_low,2018-08-11 01:00:00+07:00,2018-08-11 02:00:00+07:00,2
294,bear_high,2018-08-11 03:00:00+07:00,2018-08-11 20:00:00+07:00,18
295,bear_low,2018-08-11 21:00:00+07:00,2018-08-11 23:00:00+07:00,3
296,bear_high,2018-08-12 00:00:00+07:00,2018-08-12 04:00:00+07:00,5
297,bear_low,2018-08-12 05:00:00+07:00,2018-08-12 05:00:00+07:00,1
298,bear_high,2018-08-12 06:00:00+07:00,2018-08-12 13:00:00+07:00,8
299,bear_low,2018-08-12 14:00:00+07:00,2018-08-12 18:00:00+07:00,5
300,bear_high,2018-08-12 19:00:00+07:00,2018-08-12 19:00:00+07:00,1
301,bear_low,2018-08-12 20:00:00+07:00,2018-08-13 01:00:00+07:00,6
302,bear_high,2018-08-13 02:00:00+07:00,2018-08-13 05:00:00+07:00,4
303,sideways_high,2018-08-13 06:00:00+07:00,2018-08-13 06:00:00+07:00,1
304,sideways_low,2018-08-13 07:00:00+07:00,2018-08-14 07:00:00+07:00,25
305,sideways_high,2018-08-14 08:00:00+07:00,2018-08-14 10:00:00+07:00,3
306,bear_high,2018-08-14 11:00:00+07:00,2018-08-15 02:00:00+07:00,16
307,bear_low,2018-08-15 03:00:00+07:00,2018-08-15 05:00:00+07:00,3
308,bear_high,2018-08-15 06:00:00+07:00,2018-08-15 07:00:00+07:00,2
309,bear_low,2018-08-15 08:00:00+07:00,2018-08-15 10:00:00+07:00,3
310,bear_high,2018-08-15 11:00:00+07:00,2018-08-15 12:00:00+07:00,2
311,sideways_low,2018-08-15 13:00:00+07:00,2018-08-15 13:00:00+07:00,1
312,sideways_high,2018-08-15 14:00:00+07:00,2018-08-15 14:00:00+07:00,1
313,sideways_low,2018-08-15 15:00:00+07:00,2018-08-15 15:00:00+07:00,1
314,sideways_high,2018-08-15 16:00:00+07:00,2018-08-16 17:00:00+07:00,26
315,sideways_low,2018-08-16 18:00:00+07:00,2018-08-16 18:00:00+07:00,1
316,sideways_high,2018-08-16 19:00:00+07:00,2018-08-17 07:00:00+07:00,13
317,sideways_low,2018-08-17 08:00:00+07:00,2018-08-17 16:00:00+07:00,9
318,sideways_high,2018-08-17 17:00:00+07:00,2018-08-17 17:00:00+07:00,1
319,sideways_low,2018-08-17 18:00:00+07:00,2018-08-23 04:00:00+07:00,131
320,sideways_high,2018-08-23 05:00:00+07:00,2018-08-23 07:00:00+07:00,3
321,sideways_low,2018-08-23 08:00:00+07:00,2018-08-29 06:00:00+07:00,143
322,bull_low,2018-08-29 07:00:00+07:00,2018-08-29 21:00:00+07:00,15
323,sideways_low,2018-08-29 22:00:00+07:00,2018-09-06 06:00:00+07:00,177
324,sideways_high,2018-09-06 07:00:00+07:00,2018-09-06 13:00:00+07:00,7
325,bear_high,2018-09-06 14:00:00+07:00,2018-09-07 02:00:00+07:00,13
326,bear_low,2018-09-07 03:00:00+07:00,2018-09-10 08:00:00+07:00,78
327,sideways_low,2018-09-10 09:00:00+07:00,2018-10-15 12:00:00+07:00,844
328,sideways_high,2018-10-15 13:00:00+07:00,2018-10-16 05:00:00+07:00,17
329,bull_high,2018-10-16 06:00:00+07:00,2018-10-16 08:00:00+07:00,3
330,sideways_high,2018-10-16 09:00:00+07:00,2018-10-16 13:00:00+07:00,5
331,sideways_low,2018-10-16 14:00:00+07:00,2018-10-16 14:00:00+07:00,1
332,sideways_high,2018-10-16 15:00:00+07:00,2018-10-16 15:00:00+07:00,1
333,sideways_low,2018-10-16 16:00:00+07:00,2018-11-14 23:00:00+07:00,694
334,sideways_high,2018-11-15 00:00:00+07:00,2018-11-15 07:00:00+07:00,8
335,bear_high,2018-11-15 08:00:00+07:00,2018-11-16 19:00:00+07:00,36
336,bear_low,2018-11-16 20:00:00+07:00,2018-11-19 16:00:00+07:00,69
337,bear_high,2018-11-19 17:00:00+07:00,2018-11-24 21:00:00+07:00,125
338,bear_low,2018-11-24 22:00:00+07:00,2018-11-25 03:00:00+07:00,6
339,bear_high,2018-11-25 04:00:00+07:00,2018-11-29 01:00:00+07:00,94
340,sideways_high,2018-11-29 02:00:00+07:00,2018-12-01 08:00:00+07:00,55
341,bear_high,2018-12-01 09:00:00+07:00,2018-12-01 18:00:00+07:00,10
342,sideways_high,2018-12-01 19:00:00+07:00,2018-12-04 02:00:00+07:00,56
343,bear_high,2018-12-04 03:00:00+07:00,2018-12-04 22:00:00+07:00,20
344,sideways_high,2018-12-04 23:00:00+07:00,2018-12-05 10:00:00+07:00,12
345,sideways_low,2018-12-05 11:00:00+07:00,2018-12-05 13:00:00+07:00,3
346,sideways_high,2018-12-05 14:00:00+07:00,2018-12-05 15:00:00+07:00,2
347,sideways_low,2018-12-05 16:00:00+07:00,2018-12-05 18:00:00+07:00,3
348,bear_low,2018-12-05 19:00:00+07:00,2018-12-05 22:00:00+07:00,4
349,bear_high,2018-12-05 23:00:00+07:00,2018-12-06 03:00:00+07:00,5
350,bear_low,2018-12-06 04:00:00+07:00,2018-12-06 08:00:00+07:00,5
351,bear_high,2018-12-06 09:00:00+07:00,2018-12-10 10:00:00+07:00,98
352,sideways_high,2018-12-10 11:00:00+07:00,2018-12-10 23:00:00+07:00,13
353,bear_high,2018-12-11 00:00:00+07:00,2018-12-11 09:00:00+07:00,10
354,bear_low,2018-12-11 10:00:00+07:00,2018-12-12 23:00:00+07:00,38
355,sideways_low,2018-12-13 00:00:00+07:00,2018-12-14 09:00:00+07:00,34
356,bear_low,2018-12-14 10:00:00+07:00,2018-12-16 18:00:00+07:00,57
357,sideways_low,2018-12-16 19:00:00+07:00,2018-12-18 03:00:00+07:00,33
358,sideways_high,2018-12-18 04:00:00+07:00,2018-12-18 07:00:00+07:00,4
359,sideways_low,2018-12-18 08:00:00+07:00,2018-12-18 21:00:00+07:00,14
360,sideways_high,2018-12-18 22:00:00+07:00,2018-12-18 22:00:00+07:00,1
361,sideways_low,2018-12-18 23:00:00+07:00,2018-12-19 05:00:00+07:00,7
362,sideways_high,2018-12-19 06:00:00+07:00,2018-12-19 14:00:00+07:00,9
363,bull_high,2018-12-19 15:00:00+07:00,2018-12-22 16:00:00+07:00,74
364,sideways_high,2018-12-22 17:00:00+07:00,2018-12-23 13:00:00+07:00,21
365,sideways_low,2018-12-23 14:00:00+07:00,2018-12-23 14:00:00+07:00,1
366,bull_low,2018-12-23 15:00:00+07:00,2018-12-24 06:00:00+07:00,16
367,bull_high,2018-12-24 07:00:00+07:00,2018-12-25 10:00:00+07:00,28
368,sideways_high,2018-12-25 11:00:00+07:00,2018-12-26 18:00:00+07:00,32
369,sideways_low,2018-12-26 19:00:00+07:00,2018-12-26 20:00:00+07:00,2
370,sideways_high,2018-12-26 21:00:00+07:00,2018-12-27 00:00:00+07:00,4
371,sideways_low,2018-12-27 01:00:00+07:00,2018-12-27 07:00:00+07:00,7
372,sideways_high,2018-12-27 08:00:00+07:00,2018-12-27 10:00:00+07:00,3
373,sideways_low,2018-12-27 11:00:00+07:00,2018-12-29 01:00:00+07:00,39
374,sideways_high,2018-12-29 02:00:00+07:00,2018-12-29 03:00:00+07:00,2
375,sideways_low,2018-12-29 04:00:00+07:00,2018-12-30 05:00:00+07:00,26
376,sideways_high,2018-12-30 06:00:00+07:00,2018-12-30 09:00:00+07:00,4
377,sideways_low,2018-12-30 10:00:00+07:00,2018-12-30 18:00:00+07:00,9
378,sideways_high,2018-12-30 19:00:00+07:00,2018-12-30 23:00:00+07:00,5
379,sideways_low,2018-12-31 00:00:00+07:00,2018-12-31 03:00:00+07:00,4
380,sideways_high,2018-12-31 04:00:00+07:00,2018-12-31 04:00:00+07:00,1
381,sideways_low,2018-12-31 05:00:00+07:00,2019-01-11 07:00:00+07:00,267
382,bear_low,2019-01-11 08:00:00+07:00,2019-01-13 02:00:00+07:00,43
383,sideways_low,2019-01-13 03:00:00+07:00,2019-01-14 04:00:00+07:00,26
384,bear_low,2019-01-14 05:00:00+07:00,2019-01-14 22:00:00+07:00,18
385,sideways_low,2019-01-14 23:00:00+07:00,2019-02-19 08:00:00+07:00,850
386,bull_low,2019-02-19 09:00:00+07:00,2019-02-20 22:00:00+07:00,38
387,sideways_low,2019-02-20 23:00:00+07:00,2019-02-20 23:00:00+07:00,1
388,bull_low,2019-02-21 00:00:00+07:00,2019-02-21 00:00:00+07:00,1
389,sideways_low,2019-02-21 01:00:00+07:00,2019-02-21 03:00:00+07:00,3
390,bull_low,2019-02-21 04:00:00+07:00,2019-02-21 04:00:00+07:00,1
391,sideways_low,2019-02-21 05:00:00+07:00,2019-02-21 06:00:00+07:00,2
392,bull_low,2019-02-21 07:00:00+07:00,2019-02-21 12:00:00+07:00,6
393,sideways_low,2019-02-21 13:00:00+07:00,2019-02-24 13:00:00+07:00,73
394,bull_low,2019-02-24 14:00:00+07:00,2019-02-24 20:00:00+07:00,7
395,bull_high,2019-02-24 21:00:00+07:00,2019-02-24 23:00:00+07:00,3
396,sideways_high,2019-02-25 00:00:00+07:00,2019-02-25 03:00:00+07:00,4
397,sideways_low,2019-02-25 04:00:00+07:00,2019-04-02 11:00:00+07:00,866
398,sideways_high,2019-04-02 12:00:00+07:00,2019-04-02 16:00:00+07:00,5
399,bull_high,2019-04-02 17:00:00+07:00,2019-04-03 04:00:00+07:00,12
400,bull_low,2019-04-03 05:00:00+07:00,2019-04-03 05:00:00+07:00,1
401,bull_high,2019-04-03 06:00:00+07:00,2019-04-05 12:00:00+07:00,55
402,bull_low,2019-04-05 13:00:00+07:00,2019-04-10 00:00:00+07:00,108
403,sideways_low,2019-04-10 01:00:00+07:00,2019-04-11 05:00:00+07:00,29
404,bull_low,2019-04-11 06:00:00+07:00,2019-04-11 10:00:00+07:00,5
405,sideways_low,2019-04-11 11:00:00+07:00,2019-04-11 17:00:00+07:00,7
406,sideways_high,2019-04-11 18:00:00+07:00,2019-04-11 20:00:00+07:00,3
407,sideways_low,2019-04-11 21:00:00+07:00,2019-04-26 08:00:00+07:00,348
408,sideways_high,2019-04-26 09:00:00+07:00,2019-04-26 13:00:00+07:00,5
409,sideways_low,2019-04-26 14:00:00+07:00,2019-05-03 23:00:00+07:00,178
410,bull_low,2019-05-04 00:00:00+07:00,2019-05-05 02:00:00+07:00,27
411,sideways_low,2019-05-05 03:00:00+07:00,2019-05-09 22:00:00+07:00,116
412,bull_low,2019-05-09 23:00:00+07:00,2019-05-11 12:00:00+07:00,38
413,bull_high,2019-05-11 13:00:00+07:00,2019-05-17 17:00:00+07:00,139
414,sideways_high,2019-05-17 18:00:00+07:00,2019-05-19 02:00:00+07:00,33
415,sideways_low,2019-05-19 03:00:00+07:00,2019-05-19 07:00:00+07:00,5
416,sideways_high,2019-05-19 08:00:00+07:00,2019-05-19 20:00:00+07:00,13
417,bull_high,2019-05-19 21:00:00+07:00,2019-05-21 02:00:00+07:00,30
418,sideways_high,2019-05-21 03:00:00+07:00,2019-05-21 22:00:00+07:00,20
419,sideways_low,2019-05-21 23:00:00+07:00,2019-05-23 03:00:00+07:00,29
420,sideways_high,2019-05-23 04:00:00+07:00,2019-05-23 16:00:00+07:00,13
421,sideways_low,2019-05-23 17:00:00+07:00,2019-05-27 04:00:00+07:00,84
422,sideways_high,2019-05-27 05:00:00+07:00,2019-05-27 10:00:00+07:00,6
423,bull_high,2019-05-27 11:00:00+07:00,2019-05-27 12:00:00+07:00,2
424,bull_low,2019-05-27 13:00:00+07:00,2019-05-29 18:00:00+07:00,54
425,sideways_low,2019-05-29 19:00:00+07:00,2019-05-31 02:00:00+07:00,32
426,sideways_high,2019-05-31 03:00:00+07:00,2019-05-31 18:00:00+07:00,16
427,sideways_low,2019-05-31 19:00:00+07:00,2019-05-31 21:00:00+07:00,3
428,sideways_high,2019-05-31 22:00:00+07:00,2019-06-01 00:00:00+07:00,3
429,sideways_low,2019-06-01 01:00:00+07:00,2019-06-04 05:00:00+07:00,77
430,sideways_high,2019-06-04 06:00:00+07:00,2019-06-04 23:00:00+07:00,18
431,bear_high,2019-06-05 00:00:00+07:00,2019-06-06 10:00:00+07:00,35
432,bear_low,2019-06-06 11:00:00+07:00,2019-06-07 10:00:00+07:00,24
433,sideways_low,2019-06-07 11:00:00+07:00,2019-06-15 14:00:00+07:00,196
434,bull_low,2019-06-15 15:00:00+07:00,2019-06-16 15:00:00+07:00,25
435,bull_high,2019-06-16 16:00:00+07:00,2019-06-16 17:00:00+07:00,2
436,bull_low,2019-06-16 18:00:00+07:00,2019-06-16 19:00:00+07:00,2
437,bull_high,2019-06-16 20:00:00+07:00,2019-06-16 20:00:00+07:00,1
438,bull_low,2019-06-16 21:00:00+07:00,2019-06-16 23:00:00+07:00,3
439,bull_high,2019-06-17 00:00:00+07:00,2019-06-17 11:00:00+07:00,12
440,bull_low,2019-06-17 12:00:00+07:00,2019-06-17 21:00:00+07:00,10
441,bull_high,2019-06-17 22:00:00+07:00,2019-06-17 23:00:00+07:00,2
442,bull_low,2019-06-18 00:00:00+07:00,2019-06-19 05:00:00+07:00,30
443,sideways_low,2019-06-19 06:00:00+07:00,2019-06-21 06:00:00+07:00,49
444,bull_low,2019-06-21 07:00:00+07:00,2019-06-22 07:00:00+07:00,25
445,bull_high,2019-06-22 08:00:00+07:00,2019-06-24 23:00:00+07:00,64
446,bull_low,2019-06-25 00:00:00+07:00,2019-06-25 01:00:00+07:00,2
447,bull_high,2019-06-25 02:00:00+07:00,2019-06-25 03:00:00+07:00,2
448,bull_low,2019-06-25 04:00:00+07:00,2019-06-26 09:00:00+07:00,30
449,bull_high,2019-06-26 10:00:00+07:00,2019-06-28 07:00:00+07:00,46
450,sideways_high,2019-06-28 08:00:00+07:00,2019-06-29 02:00:00+07:00,19
451,bull_high,2019-06-29 03:00:00+07:00,2019-06-30 00:00:00+07:00,22
452,sideways_high,2019-06-30 01:00:00+07:00,2019-06-30 09:00:00+07:00,9
453,bull_high,2019-06-30 10:00:00+07:00,2019-06-30 14:00:00+07:00,5
454,sideways_high,2019-06-30 15:00:00+07:00,2019-07-02 00:00:00+07:00,34
455,bear_high,2019-07-02 01:00:00+07:00,2019-07-03 08:00:00+07:00,32
456,sideways_high,2019-07-03 09:00:00+07:00,2019-07-07 13:00:00+07:00,101
457,sideways_low,2019-07-07 14:00:00+07:00,2019-07-08 04:00:00+07:00,15
458,sideways_high,2019-07-08 05:00:00+07:00,2019-07-08 05:00:00+07:00,1
459,sideways_low,2019-07-08 06:00:00+07:00,2019-07-09 09:00:00+07:00,28
460,bull_low,2019-07-09 10:00:00+07:00,2019-07-09 13:00:00+07:00,4
461,bull_high,2019-07-09 14:00:00+07:00,2019-07-11 08:00:00+07:00,43
462,sideways_high,2019-07-11 09:00:00+07:00,2019-07-13 13:00:00+07:00,53
463,sideways_low,2019-07-13 14:00:00+07:00,2019-07-13 16:00:00+07:00,3
464,sideways_high,2019-07-13 17:00:00+07:00,2019-07-14 20:00:00+07:00,28
465,bear_high,2019-07-14 21:00:00+07:00,2019-07-16 13:00:00+07:00,41
466,sideways_high,2019-07-16 14:00:00+07:00,2019-07-16 22:00:00+07:00,9
467,bear_high,2019-07-16 23:00:00+07:00,2019-07-19 04:00:00+07:00,54
468,sideways_high,2019-07-19 05:00:00+07:00,2019-07-20 16:00:00+07:00,36
469,sideways_low,2019-07-20 17:00:00+07:00,2019-07-20 19:00:00+07:00,3
470,sideways_high,2019-07-20 20:00:00+07:00,2019-07-20 21:00:00+07:00,2
471,sideways_low,2019-07-20 22:00:00+07:00,2019-07-20 22:00:00+07:00,1
472,sideways_high,2019-07-20 23:00:00+07:00,2019-07-21 01:00:00+07:00,3
473,sideways_low,2019-07-21 02:00:00+07:00,2019-07-21 05:00:00+07:00,4
474,sideways_high,2019-07-21 06:00:00+07:00,2019-07-21 12:00:00+07:00,7
475,sideways_low,2019-07-21 13:00:00+07:00,2019-07-21 20:00:00+07:00,8
476,sideways_high,2019-07-21 21:00:00+07:00,2019-07-21 21:00:00+07:00,1
477,sideways_low,2019-07-21 22:00:00+07:00,2019-07-21 22:00:00+07:00,1
478,sideways_high,2019-07-21 23:00:00+07:00,2019-07-22 00:00:00+07:00,2
479,sideways_low,2019-07-22 01:00:00+07:00,2019-07-22 01:00:00+07:00,1
480,sideways_high,2019-07-22 02:00:00+07:00,2019-07-22 03:00:00+07:00,2
481,sideways_low,2019-07-22 04:00:00+07:00,2019-07-22 21:00:00+07:00,18
482,sideways_high,2019-07-22 22:00:00+07:00,2019-07-23 09:00:00+07:00,12
483,sideways_low,2019-07-23 10:00:00+07:00,2019-07-23 12:00:00+07:00,3
484,sideways_high,2019-07-23 13:00:00+07:00,2019-07-23 23:00:00+07:00,11
485,sideways_low,2019-07-24 00:00:00+07:00,2019-07-24 00:00:00+07:00,1
486,sideways_high,2019-07-24 01:00:00+07:00,2019-07-24 01:00:00+07:00,1
487,sideways_low,2019-07-24 02:00:00+07:00,2019-07-24 05:00:00+07:00,4
488,sideways_high,2019-07-24 06:00:00+07:00,2019-07-24 09:00:00+07:00,4
489,bear_high,2019-07-24 10:00:00+07:00,2019-07-24 10:00:00+07:00,1
490,bear_low,2019-07-24 11:00:00+07:00,2019-07-24 22:00:00+07:00,12
491,bear_high,2019-07-24 23:00:00+07:00,2019-07-25 09:00:00+07:00,11
492,sideways_high,2019-07-25 10:00:00+07:00,2019-07-25 12:00:00+07:00,3
493,sideways_low,2019-07-25 13:00:00+07:00,2019-07-28 07:00:00+07:00,67
494,bear_low,2019-07-28 08:00:00+07:00,2019-07-28 22:00:00+07:00,15
495,sideways_low,2019-07-28 23:00:00+07:00,2019-08-02 22:00:00+07:00,120
496,bull_low,2019-08-02 23:00:00+07:00,2019-08-02 23:00:00+07:00,1
497,sideways_low,2019-08-03 00:00:00+07:00,2019-08-03 10:00:00+07:00,11
498,bull_low,2019-08-03 11:00:00+07:00,2019-08-04 20:00:00+07:00,34
499,sideways_low,2019-08-04 21:00:00+07:00,2019-08-05 07:00:00+07:00,11
500,bull_low,2019-08-05 08:00:00+07:00,2019-08-06 16:00:00+07:00,33
501,bull_high,2019-08-06 17:00:00+07:00,2019-08-07 16:00:00+07:00,24
502,bull_low,2019-08-07 17:00:00+07:00,2019-08-07 19:00:00+07:00,3
503,bull_high,2019-08-07 20:00:00+07:00,2019-08-07 20:00:00+07:00,1
504,bull_low,2019-08-07 21:00:00+07:00,2019-08-07 21:00:00+07:00,1
505,bull_high,2019-08-07 22:00:00+07:00,2019-08-08 13:00:00+07:00,16
506,bull_low,2019-08-08 14:00:00+07:00,2019-08-09 09:00:00+07:00,20
507,sideways_low,2019-08-09 10:00:00+07:00,2019-08-14 15:00:00+07:00,126
508,bear_low,2019-08-14 16:00:00+07:00,2019-08-15 05:00:00+07:00,14
509,bear_high,2019-08-15 06:00:00+07:00,2019-08-17 12:00:00+07:00,47
510,sideways_high,2019-08-17 13:00:00+07:00,2019-08-17 16:00:00+07:00,4
511,sideways_low,2019-08-17 17:00:00+07:00,2019-08-18 00:00:00+07:00,8
512,sideways_high,2019-08-18 01:00:00+07:00,2019-08-18 01:00:00+07:00,1
513,sideways_low,2019-08-18 02:00:00+07:00,2019-08-18 14:00:00+07:00,13
514,bear_low,2019-08-18 15:00:00+07:00,2019-08-18 16:00:00+07:00,2
515,sideways_low,2019-08-18 17:00:00+07:00,2019-08-21 18:00:00+07:00,74
516,sideways_high,2019-08-21 19:00:00+07:00,2019-08-21 19:00:00+07:00,1
517,sideways_low,2019-08-21 20:00:00+07:00,2019-08-21 22:00:00+07:00,3
518,sideways_high,2019-08-21 23:00:00+07:00,2019-08-22 00:00:00+07:00,2
519,sideways_low,2019-08-22 01:00:00+07:00,2019-08-22 07:00:00+07:00,7
520,sideways_high,2019-08-22 08:00:00+07:00,2019-08-22 11:00:00+07:00,4
521,bear_high,2019-08-22 12:00:00+07:00,2019-08-22 14:00:00+07:00,3
522,bear_low,2019-08-22 15:00:00+07:00,2019-08-22 16:00:00+07:00,2
523,sideways_low,2019-08-22 17:00:00+07:00,2019-08-26 09:00:00+07:00,89
524,sideways_high,2019-08-26 10:00:00+07:00,2019-08-26 11:00:00+07:00,2
525,sideways_low,2019-08-26 12:00:00+07:00,2019-08-29 16:00:00+07:00,77
526,bear_low,2019-08-29 17:00:00+07:00,2019-08-31 00:00:00+07:00,32
527,sideways_low,2019-08-31 01:00:00+07:00,2019-09-04 01:00:00+07:00,97
528,bull_low,2019-09-04 02:00:00+07:00,2019-09-04 20:00:00+07:00,19
529,sideways_low,2019-09-04 21:00:00+07:00,2019-09-25 00:00:00+07:00,484
530,sideways_high,2019-09-25 01:00:00+07:00,2019-09-25 01:00:00+07:00,1
531,bear_high,2019-09-25 02:00:00+07:00,2019-09-26 13:00:00+07:00,36
532,bear_low,2019-09-26 14:00:00+07:00,2019-09-26 19:00:00+07:00,6
533,bear_high,2019-09-26 20:00:00+07:00,2019-09-27 16:00:00+07:00,21
534,bear_low,2019-09-27 17:00:00+07:00,2019-09-27 21:00:00+07:00,5
535,bear_high,2019-09-27 22:00:00+07:00,2019-09-27 23:00:00+07:00,2
536,bear_low,2019-09-28 00:00:00+07:00,2019-09-28 03:00:00+07:00,4
537,bear_high,2019-09-28 04:00:00+07:00,2019-09-28 05:00:00+07:00,2
538,bear_low,2019-09-28 06:00:00+07:00,2019-10-01 08:00:00+07:00,75
539,sideways_low,2019-10-01 09:00:00+07:00,2019-10-24 04:00:00+07:00,548
540,bear_low,2019-10-24 05:00:00+07:00,2019-10-25 20:00:00+07:00,40
541,sideways_low,2019-10-25 21:00:00+07:00,2019-10-25 22:00:00+07:00,2
542,sideways_high,2019-10-25 23:00:00+07:00,2019-10-26 09:00:00+07:00,11
543,bull_high,2019-10-26 10:00:00+07:00,2019-10-29 04:00:00+07:00,67
544,bull_low,2019-10-29 05:00:00+07:00,2019-10-29 05:00:00+07:00,1
545,bull_high,2019-10-29 06:00:00+07:00,2019-10-29 09:00:00+07:00,4
546,bull_low,2019-10-29 10:00:00+07:00,2019-10-29 10:00:00+07:00,1
547,bull_high,2019-10-29 11:00:00+07:00,2019-10-29 13:00:00+07:00,3
548,bull_low,2019-10-29 14:00:00+07:00,2019-10-30 02:00:00+07:00,13
549,bull_high,2019-10-30 03:00:00+07:00,2019-10-30 04:00:00+07:00,2
550,bull_low,2019-10-30 05:00:00+07:00,2019-10-30 08:00:00+07:00,4
551,bull_high,2019-10-30 09:00:00+07:00,2019-10-30 09:00:00+07:00,1
552,bull_low,2019-10-30 10:00:00+07:00,2019-10-30 16:00:00+07:00,7
553,sideways_low,2019-10-30 17:00:00+07:00,2019-11-19 18:00:00+07:00,480
554,bear_low,2019-11-19 19:00:00+07:00,2019-11-20 08:00:00+07:00,14
555,sideways_low,2019-11-20 09:00:00+07:00,2019-11-21 22:00:00+07:00,38
556,bear_low,2019-11-21 23:00:00+07:00,2019-11-22 16:00:00+07:00,18
557,bear_high,2019-11-22 17:00:00+07:00,2019-11-23 19:00:00+07:00,27
558,bear_low,2019-11-23 20:00:00+07:00,2019-11-23 21:00:00+07:00,2
559,bear_high,2019-11-23 22:00:00+07:00,2019-11-23 23:00:00+07:00,2
560,bear_low,2019-11-24 00:00:00+07:00,2019-11-24 21:00:00+07:00,22
561,bear_high,2019-11-24 22:00:00+07:00,2019-11-25 01:00:00+07:00,4
562,bear_low,2019-11-25 02:00:00+07:00,2019-11-25 05:00:00+07:00,4
563,bear_high,2019-11-25 06:00:00+07:00,2019-11-27 02:00:00+07:00,43
564,bear_low,2019-11-27 03:00:00+07:00,2019-11-27 17:00:00+07:00,15
565,bear_high,2019-11-27 18:00:00+07:00,2019-11-27 19:00:00+07:00,2
566,sideways_high,2019-11-27 20:00:00+07:00,2019-11-28 10:00:00+07:00,15
567,sideways_low,2019-11-28 11:00:00+07:00,2019-12-05 02:00:00+07:00,160
568,sideways_high,2019-12-05 03:00:00+07:00,2019-12-05 07:00:00+07:00,5
569,sideways_low,2019-12-05 08:00:00+07:00,2019-12-05 10:00:00+07:00,3
570,sideways_high,2019-12-05 11:00:00+07:00,2019-12-05 13:00:00+07:00,3
571,sideways_low,2019-12-05 14:00:00+07:00,2019-12-18 03:00:00+07:00,302
572,bear_low,2019-12-18 04:00:00+07:00,2019-12-19 01:00:00+07:00,22
573,sideways_low,2019-12-19 02:00:00+07:00,2019-12-19 02:00:00+07:00,1
574,sideways_high,2019-12-19 03:00:00+07:00,2019-12-19 17:00:00+07:00,15
575,sideways_low,2019-12-19 18:00:00+07:00,2019-12-19 19:00:00+07:00,2
576,sideways_high,2019-12-19 20:00:00+07:00,2019-12-19 21:00:00+07:00,2
577,sideways_low,2019-12-19 22:00:00+07:00,2020-01-07 18:00:00+07:00,453
578,bull_low,2020-01-07 19:00:00+07:00,2020-01-08 06:00:00+07:00,12
579,bull_high,2020-01-08 07:00:00+07:00,2020-01-08 13:00:00+07:00,7
580,bull_low,2020-01-08 14:00:00+07:00,2020-01-08 21:00:00+07:00,8
581,bull_high,2020-01-08 22:00:00+07:00,2020-01-09 10:00:00+07:00,13
582,bull_low,2020-01-09 11:00:00+07:00,2020-01-09 15:00:00+07:00,5
583,sideways_low,2020-01-09 16:00:00+07:00,2020-01-14 21:00:00+07:00,126
584,bull_low,2020-01-14 22:00:00+07:00,2020-01-16 22:00:00+07:00,49
585,sideways_low,2020-01-16 23:00:00+07:00,2020-01-17 20:00:00+07:00,22
586,bull_low,2020-01-17 21:00:00+07:00,2020-01-18 12:00:00+07:00,16
587,sideways_low,2020-01-18 13:00:00+07:00,2020-01-29 11:00:00+07:00,263
588,bull_low,2020-01-29 12:00:00+07:00,2020-01-30 22:00:00+07:00,35
589,sideways_low,2020-01-30 23:00:00+07:00,2020-01-31 02:00:00+07:00,4
590,bull_low,2020-01-31 03:00:00+07:00,2020-01-31 18:00:00+07:00,16
591,sideways_low,2020-01-31 19:00:00+07:00,2020-02-20 03:00:00+07:00,459
592,sideways_high,2020-02-20 04:00:00+07:00,2020-02-20 09:00:00+07:00,6
593,sideways_low,2020-02-20 10:00:00+07:00,2020-02-26 21:00:00+07:00,156
594,bear_low,2020-02-26 22:00:00+07:00,2020-02-26 22:00:00+07:00,1
595,bear_high,2020-02-26 23:00:00+07:00,2020-02-27 13:00:00+07:00,15
596,bear_low,2020-02-27 14:00:00+07:00,2020-03-02 12:00:00+07:00,95
597,sideways_low,2020-03-02 13:00:00+07:00,2020-03-09 05:00:00+07:00,160
598,bear_low,2020-03-09 06:00:00+07:00,2020-03-09 10:00:00+07:00,5
599,bear_high,2020-03-09 11:00:00+07:00,2020-03-10 10:00:00+07:00,24
600,bear_low,2020-03-10 11:00:00+07:00,2020-03-10 21:00:00+07:00,11
601,bear_high,2020-03-10 22:00:00+07:00,2020-03-11 07:00:00+07:00,10
602,bear_low,2020-03-11 08:00:00+07:00,2020-03-12 07:00:00+07:00,24
603,bear_high,2020-03-12 08:00:00+07:00,2020-03-19 23:00:00+07:00,184
604,sideways_high,2020-03-20 00:00:00+07:00,2020-03-20 16:00:00+07:00,17
605,bull_high,2020-03-20 17:00:00+07:00,2020-03-21 13:00:00+07:00,21
606,sideways_high,2020-03-21 14:00:00+07:00,2020-03-24 13:00:00+07:00,72
607,bull_high,2020-03-24 14:00:00+07:00,2020-03-26 20:00:00+07:00,55
608,sideways_high,2020-03-26 21:00:00+07:00,2020-03-27 00:00:00+07:00,4
609,sideways_low,2020-03-27 01:00:00+07:00,2020-03-28 05:00:00+07:00,29
610,sideways_high,2020-03-28 06:00:00+07:00,2020-03-28 18:00:00+07:00,13
611,sideways_low,2020-03-28 19:00:00+07:00,2020-03-28 19:00:00+07:00,1
612,sideways_high,2020-03-28 20:00:00+07:00,2020-03-28 20:00:00+07:00,1
613,sideways_low,2020-03-28 21:00:00+07:00,2020-03-28 23:00:00+07:00,3
614,sideways_high,2020-03-29 00:00:00+07:00,2020-03-29 09:00:00+07:00,10
615,sideways_low,2020-03-29 10:00:00+07:00,2020-03-30 02:00:00+07:00,17
616,sideways_high,2020-03-30 03:00:00+07:00,2020-03-30 03:00:00+07:00,1
617,sideways_low,2020-03-30 04:00:00+07:00,2020-03-30 13:00:00+07:00,10
618,sideways_high,2020-03-30 14:00:00+07:00,2020-03-30 14:00:00+07:00,1
619,sideways_low,2020-03-30 15:00:00+07:00,2020-03-30 18:00:00+07:00,4
620,sideways_high,2020-03-30 19:00:00+07:00,2020-03-30 19:00:00+07:00,1
621,sideways_low,2020-03-30 20:00:00+07:00,2020-03-31 04:00:00+07:00,9
622,sideways_high,2020-03-31 05:00:00+07:00,2020-03-31 13:00:00+07:00,9
623,sideways_low,2020-03-31 14:00:00+07:00,2020-03-31 18:00:00+07:00,5
624,sideways_high,2020-03-31 19:00:00+07:00,2020-03-31 20:00:00+07:00,2
625,sideways_low,2020-03-31 21:00:00+07:00,2020-04-02 05:00:00+07:00,33
626,sideways_high,2020-04-02 06:00:00+07:00,2020-04-02 10:00:00+07:00,5
627,sideways_low,2020-04-02 11:00:00+07:00,2020-04-02 23:00:00+07:00,13
628,sideways_high,2020-04-03 00:00:00+07:00,2020-04-03 05:00:00+07:00,6
629,bull_high,2020-04-03 06:00:00+07:00,2020-04-04 04:00:00+07:00,23
630,sideways_high,2020-04-04 05:00:00+07:00,2020-04-04 12:00:00+07:00,8
631,sideways_low,2020-04-04 13:00:00+07:00,2020-04-04 17:00:00+07:00,5
632,sideways_high,2020-04-04 18:00:00+07:00,2020-04-04 20:00:00+07:00,3
633,sideways_low,2020-04-04 21:00:00+07:00,2020-04-05 02:00:00+07:00,6
634,sideways_high,2020-04-05 03:00:00+07:00,2020-04-05 05:00:00+07:00,3
635,sideways_low,2020-04-05 06:00:00+07:00,2020-04-07 00:00:00+07:00,43
636,bull_low,2020-04-07 01:00:00+07:00,2020-04-09 11:00:00+07:00,59
637,sideways_low,2020-04-09 12:00:00+07:00,2020-04-13 06:00:00+07:00,91
638,sideways_high,2020-04-13 07:00:00+07:00,2020-04-13 11:00:00+07:00,5
639,sideways_low,2020-04-13 12:00:00+07:00,2020-04-13 20:00:00+07:00,9
640,sideways_high,2020-04-13 21:00:00+07:00,2020-04-13 23:00:00+07:00,3
641,sideways_low,2020-04-14 00:00:00+07:00,2020-04-16 14:00:00+07:00,63
642,sideways_high,2020-04-16 15:00:00+07:00,2020-04-17 03:00:00+07:00,13
643,sideways_low,2020-04-17 04:00:00+07:00,2020-04-17 05:00:00+07:00,2
644,sideways_high,2020-04-17 06:00:00+07:00,2020-04-17 08:00:00+07:00,3
645,sideways_low,2020-04-17 09:00:00+07:00,2020-04-24 11:00:00+07:00,171
646,bull_low,2020-04-24 12:00:00+07:00,2020-04-25 06:00:00+07:00,19
647,sideways_low,2020-04-25 07:00:00+07:00,2020-04-29 21:00:00+07:00,109
648,bull_low,2020-04-29 22:00:00+07:00,2020-04-29 23:00:00+07:00,2
649,bull_high,2020-04-30 00:00:00+07:00,2020-05-02 06:00:00+07:00,55
650,bull_low,2020-05-02 07:00:00+07:00,2020-05-04 11:00:00+07:00,53
651,sideways_high,2020-05-04 12:00:00+07:00,2020-05-04 12:00:00+07:00,1
652,sideways_low,2020-05-04 13:00:00+07:00,2020-05-07 00:00:00+07:00,60
653,bull_low,2020-05-07 01:00:00+07:00,2020-05-08 01:00:00+07:00,25
654,bull_high,2020-05-08 02:00:00+07:00,2020-05-08 15:00:00+07:00,14
655,bull_low,2020-05-08 16:00:00+07:00,2020-05-10 06:00:00+07:00,39
656,sideways_high,2020-05-10 07:00:00+07:00,2020-05-11 00:00:00+07:00,18
657,bear_high,2020-05-11 01:00:00+07:00,2020-05-11 08:00:00+07:00,8
658,sideways_high,2020-05-11 09:00:00+07:00,2020-05-11 10:00:00+07:00,2
659,bear_high,2020-05-11 11:00:00+07:00,2020-05-11 16:00:00+07:00,6
660,sideways_high,2020-05-11 17:00:00+07:00,2020-05-13 10:00:00+07:00,42
661,sideways_low,2020-05-13 11:00:00+07:00,2020-05-14 16:00:00+07:00,30
662,sideways_high,2020-05-14 17:00:00+07:00,2020-05-15 01:00:00+07:00,9
663,bull_high,2020-05-15 02:00:00+07:00,2020-05-15 18:00:00+07:00,17
664,sideways_high,2020-05-15 19:00:00+07:00,2020-05-15 23:00:00+07:00,5
665,sideways_low,2020-05-16 00:00:00+07:00,2020-05-16 02:00:00+07:00,3
666,sideways_high,2020-05-16 03:00:00+07:00,2020-05-16 16:00:00+07:00,14
667,sideways_low,2020-05-16 17:00:00+07:00,2020-05-22 00:00:00+07:00,128
668,sideways_high,2020-05-22 01:00:00+07:00,2020-05-22 08:00:00+07:00,8
669,sideways_low,2020-05-22 09:00:00+07:00,2020-06-02 18:00:00+07:00,274
670,bull_low,2020-06-02 19:00:00+07:00,2020-06-02 21:00:00+07:00,3
671,bull_high,2020-06-02 22:00:00+07:00,2020-06-03 01:00:00+07:00,4
672,sideways_low,2020-06-03 02:00:00+07:00,2020-07-27 17:00:00+07:00,1309
673,bull_low,2020-07-27 18:00:00+07:00,2020-07-27 23:00:00+07:00,6
674,bull_high,2020-07-28 00:00:00+07:00,2020-07-28 02:00:00+07:00,3
675,bull_low,2020-07-28 03:00:00+07:00,2020-07-28 03:00:00+07:00,1
676,bull_high,2020-07-28 04:00:00+07:00,2020-07-29 09:00:00+07:00,30
677,bull_low,2020-07-29 10:00:00+07:00,2020-08-02 10:00:00+07:00,97
678,bull_high,2020-08-02 11:00:00+07:00,2020-08-02 22:00:00+07:00,12
679,sideways_high,2020-08-02 23:00:00+07:00,2020-08-03 10:00:00+07:00,12
680,sideways_low,2020-08-03 11:00:00+07:00,2020-09-03 21:00:00+07:00,755
681,sideways_high,2020-09-03 22:00:00+07:00,2020-09-04 04:00:00+07:00,7
682,bear_high,2020-09-04 05:00:00+07:00,2020-09-05 10:00:00+07:00,30
683,bear_low,2020-09-05 11:00:00+07:00,2020-09-05 18:00:00+07:00,8
684,bear_high,2020-09-05 19:00:00+07:00,2020-09-06 20:00:00+07:00,26
685,bear_low,2020-09-06 21:00:00+07:00,2020-09-08 12:00:00+07:00,40
686,sideways_low,2020-09-08 13:00:00+07:00,2020-09-09 03:00:00+07:00,15
687,bear_low,2020-09-09 04:00:00+07:00,2020-09-09 13:00:00+07:00,10
688,sideways_low,2020-09-09 14:00:00+07:00,2020-10-21 21:00:00+07:00,1016
689,bull_low,2020-10-21 22:00:00+07:00,2020-10-22 05:00:00+07:00,8
690,bull_high,2020-10-22 06:00:00+07:00,2020-10-22 11:00:00+07:00,6
691,bull_low,2020-10-22 12:00:00+07:00,2020-10-25 20:00:00+07:00,81
692,sideways_low,2020-10-25 21:00:00+07:00,2020-10-28 05:00:00+07:00,57
693,bull_low,2020-10-28 06:00:00+07:00,2020-10-28 23:00:00+07:00,18
694,sideways_low,2020-10-29 00:00:00+07:00,2020-11-05 20:00:00+07:00,189
695,bull_low,2020-11-05 21:00:00+07:00,2020-11-05 23:00:00+07:00,3
696,bull_high,2020-11-06 00:00:00+07:00,2020-11-07 07:00:00+07:00,32
697,bull_low,2020-11-07 08:00:00+07:00,2020-11-08 00:00:00+07:00,17
698,bull_high,2020-11-08 01:00:00+07:00,2020-11-08 09:00:00+07:00,9
699,sideways_high,2020-11-08 10:00:00+07:00,2020-11-08 13:00:00+07:00,4
700,sideways_low,2020-11-08 14:00:00+07:00,2020-11-09 10:00:00+07:00,21
701,bull_low,2020-11-09 11:00:00+07:00,2020-11-09 19:00:00+07:00,9
702,bull_high,2020-11-09 20:00:00+07:00,2020-11-09 20:00:00+07:00,1
703,sideways_high,2020-11-09 21:00:00+07:00,2020-11-10 07:00:00+07:00,11
704,sideways_low,2020-11-10 08:00:00+07:00,2020-11-13 06:00:00+07:00,71
705,bull_low,2020-11-13 07:00:00+07:00,2020-11-14 08:00:00+07:00,26
706,sideways_low,2020-11-14 09:00:00+07:00,2020-11-17 19:00:00+07:00,83
707,bull_low,2020-11-17 20:00:00+07:00,2020-11-18 11:00:00+07:00,16
708,bull_high,2020-11-18 12:00:00+07:00,2020-11-20 00:00:00+07:00,37
709,bull_low,2020-11-20 01:00:00+07:00,2020-11-22 17:00:00+07:00,65
710,bull_high,2020-11-22 18:00:00+07:00,2020-11-22 20:00:00+07:00,3
711,sideways_low,2020-11-22 21:00:00+07:00,2020-11-25 05:00:00+07:00,57
712,bull_low,2020-11-25 06:00:00+07:00,2020-11-25 17:00:00+07:00,12
713,sideways_low,2020-11-25 18:00:00+07:00,2020-11-26 08:00:00+07:00,15
714,sideways_high,2020-11-26 09:00:00+07:00,2020-11-27 03:00:00+07:00,19
715,bear_high,2020-11-27 04:00:00+07:00,2020-11-28 13:00:00+07:00,34
716,bear_low,2020-11-28 14:00:00+07:00,2020-11-28 16:00:00+07:00,3
717,sideways_low,2020-11-28 17:00:00+07:00,2020-11-30 21:00:00+07:00,52
718,sideways_high,2020-11-30 22:00:00+07:00,2020-12-01 04:00:00+07:00,7
719,bull_high,2020-12-01 05:00:00+07:00,2020-12-01 14:00:00+07:00,10
720,bull_low,2020-12-01 15:00:00+07:00,2020-12-01 17:00:00+07:00,3
721,bull_high,2020-12-01 18:00:00+07:00,2020-12-02 05:00:00+07:00,12
722,sideways_high,2020-12-02 06:00:00+07:00,2020-12-03 05:00:00+07:00,24
723,sideways_low,2020-12-03 06:00:00+07:00,2020-12-17 04:00:00+07:00,335
724,bull_low,2020-12-17 05:00:00+07:00,2020-12-17 12:00:00+07:00,8
725,bull_high,2020-12-17 13:00:00+07:00,2020-12-19 05:00:00+07:00,41
726,bull_low,2020-12-19 06:00:00+07:00,2020-12-21 03:00:00+07:00,46
727,bull_high,2020-12-21 04:00:00+07:00,2020-12-21 08:00:00+07:00,5
728,bull_low,2020-12-21 09:00:00+07:00,2020-12-21 16:00:00+07:00,8
729,bull_high,2020-12-21 17:00:00+07:00,2020-12-22 08:00:00+07:00,13
730,sideways_high,2020-12-22 09:00:00+07:00,2020-12-23 01:00:00+07:00,17
731,sideways_low,2020-12-23 02:00:00+07:00,2020-12-23 10:00:00+07:00,9
732,bull_low,2020-12-23 11:00:00+07:00,2020-12-23 18:00:00+07:00,8
733,bull_high,2020-12-23 19:00:00+07:00,2020-12-24 01:00:00+07:00,7
734,sideways_high,2020-12-24 02:00:00+07:00,2020-12-24 22:00:00+07:00,21
735,sideways_low,2020-12-24 23:00:00+07:00,2020-12-26 05:00:00+07:00,30
736,bull_low,2020-12-26 06:00:00+07:00,2020-12-27 04:00:00+07:00,23
737,bull_high,2020-12-27 05:00:00+07:00,2020-12-27 11:00:00+07:00,7
738,bull_low,2020-12-27 12:00:00+07:00,2020-12-27 12:00:00+07:00,1
739,bull_high,2020-12-27 13:00:00+07:00,2020-12-29 18:00:00+07:00,54
740,bull_low,2020-12-29 19:00:00+07:00,2020-12-30 10:00:00+07:00,16
741,bull_high,2020-12-30 11:00:00+07:00,2020-12-30 11:00:00+07:00,1
742,bull_low,2020-12-30 12:00:00+07:00,2020-12-30 12:00:00+07:00,1
743,bull_high,2020-12-30 13:00:00+07:00,2021-01-01 09:00:00+07:00,45
744,bull_low,2021-01-01 10:00:00+07:00,2021-01-02 22:00:00+07:00,37
745,bull_high,2021-01-02 23:00:00+07:00,2021-01-11 11:00:00+07:00,205
746,sideways_high,2021-01-11 12:00:00+07:00,2021-01-12 01:00:00+07:00,14
747,bear_high,2021-01-12 02:00:00+07:00,2021-01-12 14:00:00+07:00,13
748,sideways_high,2021-01-12 15:00:00+07:00,2021-01-14 20:00:00+07:00,54
749,bull_high,2021-01-14 21:00:00+07:00,2021-01-15 22:00:00+07:00,26
750,sideways_high,2021-01-15 23:00:00+07:00,2021-01-21 19:00:00+07:00,141
751,bear_high,2021-01-21 20:00:00+07:00,2021-01-24 17:00:00+07:00,70
752,sideways_high,2021-01-24 18:00:00+07:00,2021-01-25 01:00:00+07:00,8
753,bear_high,2021-01-25 02:00:00+07:00,2021-01-25 03:00:00+07:00,2
754,sideways_high,2021-01-25 04:00:00+07:00,2021-01-27 20:00:00+07:00,65
755,bear_high,2021-01-27 21:00:00+07:00,2021-01-28 19:00:00+07:00,23
756,sideways_high,2021-01-28 20:00:00+07:00,2021-01-29 21:00:00+07:00,26
757,bull_high,2021-01-29 22:00:00+07:00,2021-01-30 14:00:00+07:00,17
758,sideways_high,2021-01-30 15:00:00+07:00,2021-02-02 13:00:00+07:00,71
759,sideways_low,2021-02-02 14:00:00+07:00,2021-02-02 15:00:00+07:00,2
760,sideways_high,2021-02-02 16:00:00+07:00,2021-02-03 12:00:00+07:00,21
761,sideways_low,2021-02-03 13:00:00+07:00,2021-02-03 13:00:00+07:00,1
762,bull_low,2021-02-03 14:00:00+07:00,2021-02-03 14:00:00+07:00,1
763,bull_high,2021-02-03 15:00:00+07:00,2021-02-03 17:00:00+07:00,3
764,bull_low,2021-02-03 18:00:00+07:00,2021-02-03 19:00:00+07:00,2
765,bull_high,2021-02-03 20:00:00+07:00,2021-02-03 21:00:00+07:00,2
766,bull_low,2021-02-03 22:00:00+07:00,2021-02-03 22:00:00+07:00,1
767,bull_high,2021-02-03 23:00:00+07:00,2021-02-03 23:00:00+07:00,1
768,bull_low,2021-02-04 00:00:00+07:00,2021-02-04 14:00:00+07:00,15
769,bull_high,2021-02-04 15:00:00+07:00,2021-02-05 23:00:00+07:00,33
770,bull_low,2021-02-06 00:00:00+07:00,2021-02-06 00:00:00+07:00,1
771,bull_high,2021-02-06 01:00:00+07:00,2021-02-06 01:00:00+07:00,1
772,bull_low,2021-02-06 02:00:00+07:00,2021-02-06 07:00:00+07:00,6
773,bull_high,2021-02-06 08:00:00+07:00,2021-02-06 15:00:00+07:00,8
774,bull_low,2021-02-06 16:00:00+07:00,2021-02-07 05:00:00+07:00,14
775,bull_high,2021-02-07 06:00:00+07:00,2021-02-08 01:00:00+07:00,20
776,sideways_high,2021-02-08 02:00:00+07:00,2021-02-08 20:00:00+07:00,19
777,bull_high,2021-02-08 21:00:00+07:00,2021-02-13 09:00:00+07:00,108
778,bull_low,2021-02-13 10:00:00+07:00,2021-02-13 17:00:00+07:00,8
779,bull_high,2021-02-13 18:00:00+07:00,2021-02-13 22:00:00+07:00,5
780,bull_low,2021-02-13 23:00:00+07:00,2021-02-15 08:00:00+07:00,34
781,bull_high,2021-02-15 09:00:00+07:00,2021-02-15 22:00:00+07:00,14
782,sideways_high,2021-02-15 23:00:00+07:00,2021-02-15 23:00:00+07:00,1
783,sideways_low,2021-02-16 00:00:00+07:00,2021-02-16 08:00:00+07:00,9
784,bull_low,2021-02-16 09:00:00+07:00,2021-02-16 09:00:00+07:00,1
785,bull_high,2021-02-16 10:00:00+07:00,2021-02-16 15:00:00+07:00,6
786,bull_low,2021-02-16 16:00:00+07:00,2021-02-16 18:00:00+07:00,3
787,bull_high,2021-02-16 19:00:00+07:00,2021-02-17 23:00:00+07:00,29
788,bull_low,2021-02-18 00:00:00+07:00,2021-02-20 06:00:00+07:00,55
789,bull_high,2021-02-20 07:00:00+07:00,2021-02-20 07:00:00+07:00,1
790,bull_low,2021-02-20 08:00:00+07:00,2021-02-20 20:00:00+07:00,13
791,bull_high,2021-02-20 21:00:00+07:00,2021-02-21 00:00:00+07:00,4
792,bull_low,2021-02-21 01:00:00+07:00,2021-02-21 04:00:00+07:00,4
793,bull_high,2021-02-21 05:00:00+07:00,2021-02-21 11:00:00+07:00,7
794,bull_low,2021-02-21 12:00:00+07:00,2021-02-22 08:00:00+07:00,21
795,bull_high,2021-02-22 09:00:00+07:00,2021-02-22 23:00:00+07:00,15
796,sideways_high,2021-02-23 00:00:00+07:00,2021-02-23 23:00:00+07:00,24
797,bear_high,2021-02-24 00:00:00+07:00,2021-02-24 18:00:00+07:00,19
798,sideways_high,2021-02-24 19:00:00+07:00,2021-02-26 12:00:00+07:00,42
799,bear_high,2021-02-26 13:00:00+07:00,2021-03-01 18:00:00+07:00,78
800,sideways_high,2021-03-01 19:00:00+07:00,2021-03-03 13:00:00+07:00,43
801,sideways_low,2021-03-03 14:00:00+07:00,2021-03-03 14:00:00+07:00,1
802,sideways_high,2021-03-03 15:00:00+07:00,2021-03-03 17:00:00+07:00,3
803,sideways_low,2021-03-03 18:00:00+07:00,2021-03-03 18:00:00+07:00,1
804,sideways_high,2021-03-03 19:00:00+07:00,2021-03-06 17:00:00+07:00,70
805,sideways_low,2021-03-06 18:00:00+07:00,2021-03-06 19:00:00+07:00,2
806,sideways_high,2021-03-06 20:00:00+07:00,2021-03-06 20:00:00+07:00,1
807,sideways_low,2021-03-06 21:00:00+07:00,2021-03-06 22:00:00+07:00,2
808,sideways_high,2021-03-06 23:00:00+07:00,2021-03-07 00:00:00+07:00,2
809,sideways_low,2021-03-07 01:00:00+07:00,2021-03-08 08:00:00+07:00,32
810,sideways_high,2021-03-08 09:00:00+07:00,2021-03-08 09:00:00+07:00,1
811,sideways_low,2021-03-08 10:00:00+07:00,2021-03-08 13:00:00+07:00,4
812,sideways_high,2021-03-08 14:00:00+07:00,2021-03-08 18:00:00+07:00,5
813,sideways_low,2021-03-08 19:00:00+07:00,2021-03-08 20:00:00+07:00,2
814,sideways_high,2021-03-08 21:00:00+07:00,2021-03-08 23:00:00+07:00,3
815,sideways_low,2021-03-09 00:00:00+07:00,2021-03-09 07:00:00+07:00,8
816,sideways_high,2021-03-09 08:00:00+07:00,2021-03-09 11:00:00+07:00,4
817,sideways_low,2021-03-09 12:00:00+07:00,2021-03-09 12:00:00+07:00,1
818,sideways_high,2021-03-09 13:00:00+07:00,2021-03-09 13:00:00+07:00,1
819,sideways_low,2021-03-09 14:00:00+07:00,2021-03-09 14:00:00+07:00,1
820,bull_low,2021-03-09 15:00:00+07:00,2021-03-10 08:00:00+07:00,18
821,bull_high,2021-03-10 09:00:00+07:00,2021-03-10 14:00:00+07:00,6
822,bull_low,2021-03-10 15:00:00+07:00,2021-03-10 15:00:00+07:00,1
823,bull_high,2021-03-10 16:00:00+07:00,2021-03-10 18:00:00+07:00,3
824,bull_low,2021-03-10 19:00:00+07:00,2021-03-10 19:00:00+07:00,1
825,bull_high,2021-03-10 20:00:00+07:00,2021-03-10 21:00:00+07:00,2
826,bull_low,2021-03-10 22:00:00+07:00,2021-03-10 22:00:00+07:00,1
827,bull_high,2021-03-10 23:00:00+07:00,2021-03-11 00:00:00+07:00,2
828,bull_low,2021-03-11 01:00:00+07:00,2021-03-11 02:00:00+07:00,2
829,bull_high,2021-03-11 03:00:00+07:00,2021-03-13 09:00:00+07:00,55
830,bull_low,2021-03-13 10:00:00+07:00,2021-03-13 16:00:00+07:00,7
831,bull_high,2021-03-13 17:00:00+07:00,2021-03-13 21:00:00+07:00,5
832,bull_low,2021-03-13 22:00:00+07:00,2021-03-15 13:00:00+07:00,40
833,bull_high,2021-03-15 14:00:00+07:00,2021-03-15 18:00:00+07:00,5
834,sideways_high,2021-03-15 19:00:00+07:00,2021-03-17 14:00:00+07:00,44
835,sideways_low,2021-03-17 15:00:00+07:00,2021-03-17 15:00:00+07:00,1
836,sideways_high,2021-03-17 16:00:00+07:00,2021-03-18 10:00:00+07:00,19
837,sideways_low,2021-03-18 11:00:00+07:00,2021-03-19 00:00:00+07:00,14
838,sideways_high,2021-03-19 01:00:00+07:00,2021-03-19 12:00:00+07:00,12
839,sideways_low,2021-03-19 13:00:00+07:00,2021-03-19 14:00:00+07:00,2
840,sideways_high,2021-03-19 15:00:00+07:00,2021-03-19 16:00:00+07:00,2
841,sideways_low,2021-03-19 17:00:00+07:00,2021-03-23 02:00:00+07:00,82
842,sideways_high,2021-03-23 03:00:00+07:00,2021-03-23 23:00:00+07:00,21
843,sideways_low,2021-03-24 00:00:00+07:00,2021-03-24 07:00:00+07:00,8
844,sideways_high,2021-03-24 08:00:00+07:00,2021-03-24 08:00:00+07:00,1
845,sideways_low,2021-03-24 09:00:00+07:00,2021-03-24 12:00:00+07:00,4
846,sideways_high,2021-03-24 13:00:00+07:00,2021-03-24 15:00:00+07:00,3
847,sideways_low,2021-03-24 16:00:00+07:00,2021-03-25 01:00:00+07:00,10
848,sideways_high,2021-03-25 02:00:00+07:00,2021-03-25 17:00:00+07:00,16
849,bear_high,2021-03-25 18:00:00+07:00,2021-03-26 19:00:00+07:00,26
850,sideways_high,2021-03-26 20:00:00+07:00,2021-03-27 00:00:00+07:00,5
851,sideways_low,2021-03-27 01:00:00+07:00,2021-04-14 06:00:00+07:00,438
852,bull_low,2021-04-14 07:00:00+07:00,2021-04-14 23:00:00+07:00,17
853,bull_high,2021-04-15 00:00:00+07:00,2021-04-15 04:00:00+07:00,5
854,sideways_low,2021-04-15 05:00:00+07:00,2021-04-18 09:00:00+07:00,77
855,sideways_high,2021-04-18 10:00:00+07:00,2021-04-18 17:00:00+07:00,8
856,bear_high,2021-04-18 18:00:00+07:00,2021-04-21 07:00:00+07:00,60
857,sideways_high,2021-04-21 08:00:00+07:00,2021-04-22 01:00:00+07:00,18
858,sideways_low,2021-04-22 02:00:00+07:00,2021-04-22 04:00:00+07:00,3
859,sideways_high,2021-04-22 05:00:00+07:00,2021-04-22 06:00:00+07:00,2
860,bear_high,2021-04-22 07:00:00+07:00,2021-04-25 08:00:00+07:00,74
861,bear_low,2021-04-25 09:00:00+07:00,2021-04-26 02:00:00+07:00,15
862,bear_high,2021-04-26 03:00:00+07:00,2021-04-26 15:00:00+07:00,13
863,sideways_high,2021-04-26 16:00:00+07:00,2021-04-27 08:00:00+07:00,17
864,sideways_low,2021-04-27 09:00:00+07:00,2021-05-01 13:00:00+07:00,101
865,bull_low,2021-05-01 14:00:00+07:00,2021-05-02 05:00:00+07:00,16
866,sideways_low,2021-05-02 06:00:00+07:00,2021-05-04 06:00:00+07:00,49
867,sideways_high,2021-05-04 07:00:00+07:00,2021-05-04 11:00:00+07:00,5
868,sideways_low,2021-05-04 12:00:00+07:00,2021-05-04 20:00:00+07:00,9
869,sideways_high,2021-05-04 21:00:00+07:00,2021-05-06 03:00:00+07:00,31
870,sideways_low,2021-05-06 04:00:00+07:00,2021-05-07 01:00:00+07:00,22
871,sideways_high,2021-05-07 02:00:00+07:00,2021-05-07 03:00:00+07:00,2
872,sideways_low,2021-05-07 04:00:00+07:00,2021-05-07 08:00:00+07:00,5
873,sideways_high,2021-05-07 09:00:00+07:00,2021-05-07 10:00:00+07:00,2
874,sideways_low,2021-05-07 11:00:00+07:00,2021-05-09 18:00:00+07:00,56
875,sideways_high,2021-05-09 19:00:00+07:00,2021-05-09 20:00:00+07:00,2
876,sideways_low,2021-05-09 21:00:00+07:00,2021-05-10 23:00:00+07:00,27
877,sideways_high,2021-05-11 00:00:00+07:00,2021-05-12 01:00:00+07:00,26
878,sideways_low,2021-05-12 02:00:00+07:00,2021-05-12 22:00:00+07:00,21
879,sideways_high,2021-05-12 23:00:00+07:00,2021-05-13 10:00:00+07:00,12
880,bear_high,2021-05-13 11:00:00+07:00,2021-05-25 11:00:00+07:00,289
881,sideways_high,2021-05-25 12:00:00+07:00,2021-05-28 21:00:00+07:00,82
882,bear_high,2021-05-28 22:00:00+07:00,2021-05-31 16:00:00+07:00,67
883,sideways_high,2021-05-31 17:00:00+07:00,2021-06-02 18:00:00+07:00,50
884,sideways_low,2021-06-02 19:00:00+07:00,2021-06-02 19:00:00+07:00,1
885,sideways_high,2021-06-02 20:00:00+07:00,2021-06-02 23:00:00+07:00,4
886,sideways_low,2021-06-03 00:00:00+07:00,2021-06-04 07:00:00+07:00,32
887,sideways_high,2021-06-04 08:00:00+07:00,2021-06-05 11:00:00+07:00,28
888,sideways_low,2021-06-05 12:00:00+07:00,2021-06-05 15:00:00+07:00,4
889,sideways_high,2021-06-05 16:00:00+07:00,2021-06-06 18:00:00+07:00,27
890,sideways_low,2021-06-06 19:00:00+07:00,2021-06-06 20:00:00+07:00,2
891,sideways_high,2021-06-06 21:00:00+07:00,2021-06-06 22:00:00+07:00,2
892,sideways_low,2021-06-06 23:00:00+07:00,2021-06-08 02:00:00+07:00,28
893,sideways_high,2021-06-08 03:00:00+07:00,2021-06-08 10:00:00+07:00,8
894,bear_high,2021-06-08 11:00:00+07:00,2021-06-09 21:00:00+07:00,35
895,sideways_high,2021-06-09 22:00:00+07:00,2021-06-13 07:00:00+07:00,82
896,sideways_low,2021-06-13 08:00:00+07:00,2021-06-13 09:00:00+07:00,2
897,sideways_high,2021-06-13 10:00:00+07:00,2021-06-13 13:00:00+07:00,4
898,sideways_low,2021-06-13 14:00:00+07:00,2021-06-13 23:00:00+07:00,10
899,sideways_high,2021-06-14 00:00:00+07:00,2021-06-14 00:00:00+07:00,1
900,sideways_low,2021-06-14 01:00:00+07:00,2021-06-14 02:00:00+07:00,2
901,sideways_high,2021-06-14 03:00:00+07:00,2021-06-14 14:00:00+07:00,12
902,bull_high,2021-06-14 15:00:00+07:00,2021-06-15 10:00:00+07:00,20
903,bull_low,2021-06-15 11:00:00+07:00,2021-06-16 01:00:00+07:00,15
904,bull_high,2021-06-16 02:00:00+07:00,2021-06-16 04:00:00+07:00,3
905,bull_low,2021-06-16 05:00:00+07:00,2021-06-16 21:00:00+07:00,17
906,sideways_low,2021-06-16 22:00:00+07:00,2021-06-16 23:00:00+07:00,2
907,sideways_high,2021-06-17 00:00:00+07:00,2021-06-17 08:00:00+07:00,9
908,sideways_low,2021-06-17 09:00:00+07:00,2021-06-18 19:00:00+07:00,35
909,sideways_high,2021-06-18 20:00:00+07:00,2021-06-19 13:00:00+07:00,18
910,bear_high,2021-06-19 14:00:00+07:00,2021-06-20 02:00:00+07:00,13
911,sideways_high,2021-06-20 03:00:00+07:00,2021-06-20 04:00:00+07:00,2
912,sideways_low,2021-06-20 05:00:00+07:00,2021-06-20 06:00:00+07:00,2
913,sideways_high,2021-06-20 07:00:00+07:00,2021-06-20 08:00:00+07:00,2
914,sideways_low,2021-06-20 09:00:00+07:00,2021-06-20 16:00:00+07:00,8
915,bear_high,2021-06-20 17:00:00+07:00,2021-06-23 18:00:00+07:00,74
916,sideways_high,2021-06-23 19:00:00+07:00,2021-06-26 06:00:00+07:00,60
917,bear_high,2021-06-26 07:00:00+07:00,2021-06-27 13:00:00+07:00,31
918,sideways_high,2021-06-27 14:00:00+07:00,2021-06-30 02:00:00+07:00,61
919,sideways_low,2021-06-30 03:00:00+07:00,2021-06-30 10:00:00+07:00,8
920,sideways_high,2021-06-30 11:00:00+07:00,2021-06-30 11:00:00+07:00,1
921,sideways_low,2021-06-30 12:00:00+07:00,2021-06-30 14:00:00+07:00,3
922,sideways_high,2021-06-30 15:00:00+07:00,2021-06-30 19:00:00+07:00,5
923,sideways_low,2021-06-30 20:00:00+07:00,2021-06-30 23:00:00+07:00,4
924,sideways_high,2021-07-01 00:00:00+07:00,2021-07-01 00:00:00+07:00,1
925,sideways_low,2021-07-01 01:00:00+07:00,2021-07-01 12:00:00+07:00,12
926,sideways_high,2021-07-01 13:00:00+07:00,2021-07-02 21:00:00+07:00,33
927,sideways_low,2021-07-02 22:00:00+07:00,2021-07-06 19:00:00+07:00,94
928,sideways_high,2021-07-06 20:00:00+07:00,2021-07-06 20:00:00+07:00,1
929,sideways_low,2021-07-06 21:00:00+07:00,2021-07-20 12:00:00+07:00,328
930,bear_low,2021-07-20 13:00:00+07:00,2021-07-21 15:00:00+07:00,27
931,sideways_low,2021-07-21 16:00:00+07:00,2021-07-25 00:00:00+07:00,81
932,bull_low,2021-07-25 01:00:00+07:00,2021-07-26 07:00:00+07:00,31
933,bull_high,2021-07-26 08:00:00+07:00,2021-07-30 01:00:00+07:00,90
934,bull_low,2021-07-30 02:00:00+07:00,2021-07-31 03:00:00+07:00,26
935,bull_high,2021-07-31 04:00:00+07:00,2021-07-31 10:00:00+07:00,7
936,bull_low,2021-07-31 11:00:00+07:00,2021-07-31 11:00:00+07:00,1
937,bull_high,2021-07-31 12:00:00+07:00,2021-07-31 12:00:00+07:00,1
938,bull_low,2021-07-31 13:00:00+07:00,2021-08-02 05:00:00+07:00,41
939,bull_high,2021-08-02 06:00:00+07:00,2021-08-02 09:00:00+07:00,4
940,bull_low,2021-08-02 10:00:00+07:00,2021-08-02 10:00:00+07:00,1
941,sideways_low,2021-08-02 11:00:00+07:00,2021-08-03 07:00:00+07:00,21
942,sideways_high,2021-08-03 08:00:00+07:00,2021-08-03 08:00:00+07:00,1
943,sideways_low,2021-08-03 09:00:00+07:00,2021-08-03 10:00:00+07:00,2
944,sideways_high,2021-08-03 11:00:00+07:00,2021-08-03 11:00:00+07:00,1
945,sideways_low,2021-08-03 12:00:00+07:00,2021-08-05 22:00:00+07:00,59
946,sideways_high,2021-08-05 23:00:00+07:00,2021-08-06 20:00:00+07:00,22
947,sideways_low,2021-08-06 21:00:00+07:00,2021-08-06 21:00:00+07:00,1
948,sideways_high,2021-08-06 22:00:00+07:00,2021-08-07 05:00:00+07:00,8
949,bull_high,2021-08-07 06:00:00+07:00,2021-08-07 08:00:00+07:00,3
950,bull_low,2021-08-07 09:00:00+07:00,2021-08-07 10:00:00+07:00,2
951,bull_high,2021-08-07 11:00:00+07:00,2021-08-07 11:00:00+07:00,1
952,bull_low,2021-08-07 12:00:00+07:00,2021-08-07 18:00:00+07:00,7
953,bull_high,2021-08-07 19:00:00+07:00,2021-08-07 21:00:00+07:00,3
954,bull_low,2021-08-07 22:00:00+07:00,2021-08-07 22:00:00+07:00,1
955,bull_high,2021-08-07 23:00:00+07:00,2021-08-09 12:00:00+07:00,38
956,bull_low,2021-08-09 13:00:00+07:00,2021-08-09 15:00:00+07:00,3
957,bull_high,2021-08-09 16:00:00+07:00,2021-08-09 23:00:00+07:00,8
958,bull_low,2021-08-10 00:00:00+07:00,2021-08-10 02:00:00+07:00,3
959,bull_high,2021-08-10 03:00:00+07:00,2021-08-10 11:00:00+07:00,9
960,bull_low,2021-08-10 12:00:00+07:00,2021-08-10 22:00:00+07:00,11
961,bull_high,2021-08-10 23:00:00+07:00,2021-08-10 23:00:00+07:00,1
962,bull_low,2021-08-11 00:00:00+07:00,2021-08-12 16:00:00+07:00,41
963,sideways_low,2021-08-12 17:00:00+07:00,2021-08-14 06:00:00+07:00,34
964,bull_low,2021-08-14 07:00:00+07:00,2021-08-15 03:00:00+07:00,21
965,sideways_low,2021-08-15 04:00:00+07:00,2021-08-21 10:00:00+07:00,151
966,bull_low,2021-08-21 11:00:00+07:00,2021-08-22 10:00:00+07:00,24
967,sideways_low,2021-08-22 11:00:00+07:00,2021-09-07 20:00:00+07:00,394
968,sideways_high,2021-09-07 21:00:00+07:00,2021-09-08 12:00:00+07:00,16
969,bear_high,2021-09-08 13:00:00+07:00,2021-09-09 13:00:00+07:00,25
970,bear_low,2021-09-09 14:00:00+07:00,2021-09-09 22:00:00+07:00,9
971,sideways_low,2021-09-09 23:00:00+07:00,2021-09-11 04:00:00+07:00,30
972,bear_low,2021-09-11 05:00:00+07:00,2021-09-11 22:00:00+07:00,18
973,sideways_low,2021-09-11 23:00:00+07:00,2021-09-13 20:00:00+07:00,46
974,sideways_high,2021-09-13 21:00:00+07:00,2021-09-14 05:00:00+07:00,9
975,sideways_low,2021-09-14 06:00:00+07:00,2021-09-14 06:00:00+07:00,1
976,sideways_high,2021-09-14 07:00:00+07:00,2021-09-14 07:00:00+07:00,1
977,sideways_low,2021-09-14 08:00:00+07:00,2021-09-20 17:00:00+07:00,154
978,sideways_high,2021-09-20 18:00:00+07:00,2021-09-21 01:00:00+07:00,8
979,bear_high,2021-09-21 02:00:00+07:00,2021-09-23 09:00:00+07:00,56
980,sideways_high,2021-09-23 10:00:00+07:00,2021-09-23 10:00:00+07:00,1
981,sideways_low,2021-09-23 11:00:00+07:00,2021-09-24 15:00:00+07:00,29
982,sideways_high,2021-09-24 16:00:00+07:00,2021-09-25 10:00:00+07:00,19
983,bear_high,2021-09-25 11:00:00+07:00,2021-09-25 12:00:00+07:00,2
984,sideways_low,2021-09-25 13:00:00+07:00,2021-09-25 13:00:00+07:00,1
985,sideways_high,2021-09-25 14:00:00+07:00,2021-09-25 18:00:00+07:00,5
986,sideways_low,2021-09-25 19:00:00+07:00,2021-09-26 15:00:00+07:00,21
987,sideways_high,2021-09-26 16:00:00+07:00,2021-09-26 19:00:00+07:00,4
988,sideways_low,2021-09-26 20:00:00+07:00,2021-10-01 16:00:00+07:00,115
989,sideways_high,2021-10-01 17:00:00+07:00,2021-10-01 21:00:00+07:00,5
990,sideways_low,2021-10-01 22:00:00+07:00,2021-10-02 02:00:00+07:00,5
991,bull_low,2021-10-02 03:00:00+07:00,2021-10-04 18:00:00+07:00,64
992,sideways_low,2021-10-04 19:00:00+07:00,2021-10-05 06:00:00+07:00,12
993,bull_low,2021-10-05 07:00:00+07:00,2021-10-06 19:00:00+07:00,37
994,bull_high,2021-10-06 20:00:00+07:00,2021-10-07 02:00:00+07:00,7
995,bull_low,2021-10-07 03:00:00+07:00,2021-10-13 03:00:00+07:00,145
996,sideways_low,2021-10-13 04:00:00+07:00,2021-10-14 17:00:00+07:00,38
997,bull_low,2021-10-14 18:00:00+07:00,2021-10-14 21:00:00+07:00,4
998,sideways_low,2021-10-14 22:00:00+07:00,2021-10-15 16:00:00+07:00,19
999,bull_low,2021-10-15 17:00:00+07:00,2021-10-16 03:00:00+07:00,11
1000,bull_high,2021-10-16 04:00:00+07:00,2021-10-16 04:00:00+07:00,1
1001,bull_low,2021-10-16 05:00:00+07:00,2021-10-18 03:00:00+07:00,47
1002,sideways_low,2021-10-18 04:00:00+07:00,2021-10-18 09:00:00+07:00,6
1003,bull_low,2021-10-18 10:00:00+07:00,2021-10-18 19:00:00+07:00,10
1004,bull_high,2021-10-18 20:00:00+07:00,2021-10-18 20:00:00+07:00,1
1005,bull_low,2021-10-18 21:00:00+07:00,2021-10-19 04:00:00+07:00,8
1006,sideways_low,2021-10-19 05:00:00+07:00,2021-10-20 02:00:00+07:00,22
1007,bull_low,2021-10-20 03:00:00+07:00,2021-10-21 20:00:00+07:00,42
1008,bull_high,2021-10-21 21:00:00+07:00,2021-10-22 01:00:00+07:00,5
1009,sideways_high,2021-10-22 02:00:00+07:00,2021-10-22 10:00:00+07:00,9
1010,sideways_low,2021-10-22 11:00:00+07:00,2021-10-22 21:00:00+07:00,11
1011,sideways_high,2021-10-22 22:00:00+07:00,2021-10-23 04:00:00+07:00,7
1012,sideways_low,2021-10-23 05:00:00+07:00,2021-10-29 00:00:00+07:00,140
1013,sideways_high,2021-10-29 01:00:00+07:00,2021-10-29 10:00:00+07:00,10
1014,sideways_low,2021-10-29 11:00:00+07:00,2021-10-29 13:00:00+07:00,3
1015,sideways_high,2021-10-29 14:00:00+07:00,2021-10-29 14:00:00+07:00,1
1016,sideways_low,2021-10-29 15:00:00+07:00,2021-11-09 00:00:00+07:00,250
1017,bull_low,2021-11-09 01:00:00+07:00,2021-11-10 12:00:00+07:00,36
1018,sideways_low,2021-11-10 13:00:00+07:00,2021-11-11 03:00:00+07:00,15
1019,sideways_high,2021-11-11 04:00:00+07:00,2021-11-11 12:00:00+07:00,9
1020,sideways_low,2021-11-11 13:00:00+07:00,2021-11-16 16:00:00+07:00,124
1021,sideways_high,2021-11-16 17:00:00+07:00,2021-11-16 22:00:00+07:00,6
1022,sideways_low,2021-11-16 23:00:00+07:00,2021-11-17 00:00:00+07:00,2
1023,bear_low,2021-11-17 01:00:00+07:00,2021-11-17 01:00:00+07:00,1
1024,bear_high,2021-11-17 02:00:00+07:00,2021-11-18 00:00:00+07:00,23
1025,bear_low,2021-11-18 01:00:00+07:00,2021-11-18 05:00:00+07:00,5
1026,sideways_low,2021-11-18 06:00:00+07:00,2021-11-18 21:00:00+07:00,16
1027,sideways_high,2021-11-18 22:00:00+07:00,2021-11-18 22:00:00+07:00,1
1028,bear_high,2021-11-18 23:00:00+07:00,2021-11-19 18:00:00+07:00,20
1029,bear_low,2021-11-19 19:00:00+07:00,2021-11-20 12:00:00+07:00,18
1030,sideways_low,2021-11-20 13:00:00+07:00,2021-11-23 01:00:00+07:00,61
1031,sideways_high,2021-11-23 02:00:00+07:00,2021-11-23 07:00:00+07:00,6
1032,sideways_low,2021-11-23 08:00:00+07:00,2021-11-23 15:00:00+07:00,8
1033,sideways_high,2021-11-23 16:00:00+07:00,2021-11-23 18:00:00+07:00,3
1034,bear_high,2021-11-23 19:00:00+07:00,2021-11-23 19:00:00+07:00,1
1035,sideways_high,2021-11-23 20:00:00+07:00,2021-11-24 00:00:00+07:00,5
1036,sideways_low,2021-11-24 01:00:00+07:00,2021-11-27 03:00:00+07:00,75
1037,bear_low,2021-11-27 04:00:00+07:00,2021-11-28 01:00:00+07:00,22
1038,sideways_low,2021-11-28 02:00:00+07:00,2021-11-30 22:00:00+07:00,69
1039,sideways_high,2021-11-30 23:00:00+07:00,2021-12-01 10:00:00+07:00,12
1040,sideways_low,2021-12-01 11:00:00+07:00,2021-12-04 02:00:00+07:00,64
1041,sideways_high,2021-12-04 03:00:00+07:00,2021-12-04 11:00:00+07:00,9
1042,bear_high,2021-12-04 12:00:00+07:00,2021-12-06 11:00:00+07:00,48
1043,bear_low,2021-12-06 12:00:00+07:00,2021-12-06 12:00:00+07:00,1
1044,bear_high,2021-12-06 13:00:00+07:00,2021-12-07 12:00:00+07:00,24
1045,bear_low,2021-12-07 13:00:00+07:00,2021-12-07 15:00:00+07:00,3
1046,sideways_low,2021-12-07 16:00:00+07:00,2021-12-10 00:00:00+07:00,57
1047,sideways_high,2021-12-10 01:00:00+07:00,2021-12-10 01:00:00+07:00,1
1048,sideways_low,2021-12-10 02:00:00+07:00,2021-12-10 02:00:00+07:00,1
1049,bear_low,2021-12-10 03:00:00+07:00,2021-12-10 05:00:00+07:00,3
1050,bear_high,2021-12-10 06:00:00+07:00,2021-12-10 11:00:00+07:00,6
1051,bear_low,2021-12-10 12:00:00+07:00,2021-12-10 20:00:00+07:00,9
1052,bear_high,2021-12-10 21:00:00+07:00,2021-12-11 10:00:00+07:00,14
1053,sideways_high,2021-12-11 11:00:00+07:00,2021-12-11 17:00:00+07:00,7
1054,sideways_low,2021-12-11 18:00:00+07:00,2021-12-14 01:00:00+07:00,56
1055,sideways_high,2021-12-14 02:00:00+07:00,2021-12-14 10:00:00+07:00,9
1056,sideways_low,2021-12-14 11:00:00+07:00,2021-12-14 14:00:00+07:00,4
1057,bear_low,2021-12-14 15:00:00+07:00,2021-12-14 18:00:00+07:00,4
1058,sideways_low,2021-12-14 19:00:00+07:00,2021-12-15 03:00:00+07:00,9
1059,sideways_high,2021-12-15 04:00:00+07:00,2021-12-15 05:00:00+07:00,2
1060,sideways_low,2021-12-15 06:00:00+07:00,2021-12-16 01:00:00+07:00,20
1061,sideways_high,2021-12-16 02:00:00+07:00,2021-12-16 07:00:00+07:00,6
1062,sideways_low,2021-12-16 08:00:00+07:00,2021-12-18 04:00:00+07:00,45
1063,sideways_high,2021-12-18 05:00:00+07:00,2021-12-18 13:00:00+07:00,9
1064,sideways_low,2021-12-18 14:00:00+07:00,2022-01-06 02:00:00+07:00,445
1065,sideways_high,2022-01-06 03:00:00+07:00,2022-01-06 11:00:00+07:00,9
1066,bear_high,2022-01-06 12:00:00+07:00,2022-01-06 13:00:00+07:00,2
1067,bear_low,2022-01-06 14:00:00+07:00,2022-01-07 19:00:00+07:00,30
1068,bear_high,2022-01-07 20:00:00+07:00,2022-01-08 08:00:00+07:00,13
1069,bear_low,2022-01-08 09:00:00+07:00,2022-01-10 08:00:00+07:00,48
1070,sideways_low,2022-01-10 09:00:00+07:00,2022-01-10 23:00:00+07:00,15
1071,sideways_high,2022-01-11 00:00:00+07:00,2022-01-11 06:00:00+07:00,7
1072,sideways_low,2022-01-11 07:00:00+07:00,2022-01-21 07:00:00+07:00,241
1073,sideways_high,2022-01-21 08:00:00+07:00,2022-01-21 18:00:00+07:00,11
1074,bear_high,2022-01-21 19:00:00+07:00,2022-01-25 21:00:00+07:00,99
1075,sideways_high,2022-01-25 22:00:00+07:00,2022-01-26 18:00:00+07:00,21
1076,sideways_low,2022-01-26 19:00:00+07:00,2022-01-26 19:00:00+07:00,1
1077,sideways_high,2022-01-26 20:00:00+07:00,2022-01-26 23:00:00+07:00,4
1078,sideways_low,2022-01-27 00:00:00+07:00,2022-01-27 00:00:00+07:00,1
1079,sideways_high,2022-01-27 01:00:00+07:00,2022-01-29 01:00:00+07:00,49
1080,sideways_low,2022-01-29 02:00:00+07:00,2022-01-29 02:00:00+07:00,1
1081,sideways_high,2022-01-29 03:00:00+07:00,2022-01-29 03:00:00+07:00,1
1082,sideways_low,2022-01-29 04:00:00+07:00,2022-02-04 22:00:00+07:00,163
1083,sideways_high,2022-02-04 23:00:00+07:00,2022-02-05 00:00:00+07:00,2
1084,sideways_low,2022-02-05 01:00:00+07:00,2022-02-05 11:00:00+07:00,11
1085,bull_low,2022-02-05 12:00:00+07:00,2022-02-09 02:00:00+07:00,87
1086,bull_high,2022-02-09 03:00:00+07:00,2022-02-09 05:00:00+07:00,3
1087,bull_low,2022-02-09 06:00:00+07:00,2022-02-10 21:00:00+07:00,40
1088,bull_high,2022-02-10 22:00:00+07:00,2022-02-11 08:00:00+07:00,11
1089,sideways_high,2022-02-11 09:00:00+07:00,2022-02-11 13:00:00+07:00,5
1090,sideways_low,2022-02-11 14:00:00+07:00,2022-02-11 15:00:00+07:00,2
1091,sideways_high,2022-02-11 16:00:00+07:00,2022-02-11 16:00:00+07:00,1
1092,sideways_low,2022-02-11 17:00:00+07:00,2022-02-12 01:00:00+07:00,9
1093,sideways_high,2022-02-12 02:00:00+07:00,2022-02-12 06:00:00+07:00,5
1094,sideways_low,2022-02-12 07:00:00+07:00,2022-02-18 21:00:00+07:00,159
1095,bear_low,2022-02-18 22:00:00+07:00,2022-02-19 23:00:00+07:00,26
1096,sideways_low,2022-02-20 00:00:00+07:00,2022-02-20 13:00:00+07:00,14
1097,bear_low,2022-02-20 14:00:00+07:00,2022-02-21 22:00:00+07:00,33
1098,bear_high,2022-02-21 23:00:00+07:00,2022-02-21 23:00:00+07:00,1
1099,bear_low,2022-02-22 00:00:00+07:00,2022-02-22 00:00:00+07:00,1
1100,bear_high,2022-02-22 01:00:00+07:00,2022-02-23 06:00:00+07:00,30
1101,bear_low,2022-02-23 07:00:00+07:00,2022-02-23 14:00:00+07:00,8
1102,sideways_low,2022-02-23 15:00:00+07:00,2022-02-24 08:00:00+07:00,18
1103,sideways_high,2022-02-24 09:00:00+07:00,2022-02-24 10:00:00+07:00,2
1104,bear_high,2022-02-24 11:00:00+07:00,2022-02-25 10:00:00+07:00,24
1105,sideways_high,2022-02-25 11:00:00+07:00,2022-02-26 12:00:00+07:00,26
1106,sideways_low,2022-02-26 13:00:00+07:00,2022-02-26 14:00:00+07:00,2
1107,sideways_high,2022-02-26 15:00:00+07:00,2022-02-26 15:00:00+07:00,1
1108,sideways_low,2022-02-26 16:00:00+07:00,2022-02-28 01:00:00+07:00,34
1109,sideways_high,2022-02-28 02:00:00+07:00,2022-03-01 11:00:00+07:00,34
1110,bull_high,2022-03-01 12:00:00+07:00,2022-03-01 14:00:00+07:00,3
1111,bull_low,2022-03-01 15:00:00+07:00,2022-03-01 18:00:00+07:00,4
1112,bull_high,2022-03-01 19:00:00+07:00,2022-03-02 10:00:00+07:00,16
1113,bull_low,2022-03-02 11:00:00+07:00,2022-03-02 21:00:00+07:00,11
1114,bull_high,2022-03-02 22:00:00+07:00,2022-03-03 03:00:00+07:00,6
1115,bull_low,2022-03-03 04:00:00+07:00,2022-03-04 00:00:00+07:00,21
1116,sideways_low,2022-03-04 01:00:00+07:00,2022-03-05 02:00:00+07:00,26
1117,sideways_high,2022-03-05 03:00:00+07:00,2022-03-05 09:00:00+07:00,7
1118,sideways_low,2022-03-05 10:00:00+07:00,2022-03-05 10:00:00+07:00,1
1119,sideways_high,2022-03-05 11:00:00+07:00,2022-03-05 11:00:00+07:00,1
1120,sideways_low,2022-03-05 12:00:00+07:00,2022-03-08 01:00:00+07:00,62
1121,sideways_high,2022-03-08 02:00:00+07:00,2022-03-08 17:00:00+07:00,16
1122,sideways_low,2022-03-08 18:00:00+07:00,2022-03-08 18:00:00+07:00,1
1123,sideways_high,2022-03-08 19:00:00+07:00,2022-03-09 04:00:00+07:00,10
1124,sideways_low,2022-03-09 05:00:00+07:00,2022-03-09 09:00:00+07:00,5
1125,sideways_high,2022-03-09 10:00:00+07:00,2022-03-09 13:00:00+07:00,4
1126,sideways_low,2022-03-09 14:00:00+07:00,2022-03-09 14:00:00+07:00,1
1127,sideways_high,2022-03-09 15:00:00+07:00,2022-03-09 15:00:00+07:00,1
1128,sideways_low,2022-03-09 16:00:00+07:00,2022-03-10 10:00:00+07:00,19
1129,sideways_high,2022-03-10 11:00:00+07:00,2022-03-10 16:00:00+07:00,6
1130,sideways_low,2022-03-10 17:00:00+07:00,2022-03-10 19:00:00+07:00,3
1131,sideways_high,2022-03-10 20:00:00+07:00,2022-03-11 02:00:00+07:00,7
1132,sideways_low,2022-03-11 03:00:00+07:00,2022-03-11 19:00:00+07:00,17
1133,sideways_high,2022-03-11 20:00:00+07:00,2022-03-11 20:00:00+07:00,1
1134,sideways_low,2022-03-11 21:00:00+07:00,2022-03-16 09:00:00+07:00,109
1135,sideways_high,2022-03-16 10:00:00+07:00,2022-03-17 13:00:00+07:00,28
1136,sideways_low,2022-03-17 14:00:00+07:00,2022-03-28 11:00:00+07:00,262
1137,bull_low,2022-03-28 12:00:00+07:00,2022-03-30 16:00:00+07:00,53
1138,sideways_low,2022-03-30 17:00:00+07:00,2022-04-11 23:00:00+07:00,295
1139,bear_low,2022-04-12 00:00:00+07:00,2022-04-14 00:00:00+07:00,49
1140,sideways_low,2022-04-14 01:00:00+07:00,2022-05-06 14:00:00+07:00,542
1141,bear_low,2022-05-06 15:00:00+07:00,2022-05-09 20:00:00+07:00,78
1142,bear_high,2022-05-09 21:00:00+07:00,2022-05-15 14:00:00+07:00,138
1143,bear_low,2022-05-15 15:00:00+07:00,2022-05-16 00:00:00+07:00,10
1144,sideways_low,2022-05-16 01:00:00+07:00,2022-05-16 02:00:00+07:00,2
1145,sideways_high,2022-05-16 03:00:00+07:00,2022-05-16 05:00:00+07:00,3
1146,sideways_low,2022-05-16 06:00:00+07:00,2022-05-16 08:00:00+07:00,3
1147,sideways_high,2022-05-16 09:00:00+07:00,2022-05-16 09:00:00+07:00,1
1148,sideways_low,2022-05-16 10:00:00+07:00,2022-05-16 12:00:00+07:00,3
1149,sideways_high,2022-05-16 13:00:00+07:00,2022-05-17 11:00:00+07:00,23
1150,sideways_low,2022-05-17 12:00:00+07:00,2022-05-31 16:00:00+07:00,341
1151,bull_low,2022-05-31 17:00:00+07:00,2022-06-01 15:00:00+07:00,23
1152,sideways_low,2022-06-01 16:00:00+07:00,2022-06-08 04:00:00+07:00,157
1153,sideways_high,2022-06-08 05:00:00+07:00,2022-06-08 17:00:00+07:00,13
1154,sideways_low,2022-06-08 18:00:00+07:00,2022-06-08 19:00:00+07:00,2
1155,sideways_high,2022-06-08 20:00:00+07:00,2022-06-08 22:00:00+07:00,3
1156,sideways_low,2022-06-08 23:00:00+07:00,2022-06-12 10:00:00+07:00,84
1157,bear_low,2022-06-12 11:00:00+07:00,2022-06-13 05:00:00+07:00,19
1158,bear_high,2022-06-13 06:00:00+07:00,2022-06-18 10:00:00+07:00,125
1159,bear_low,2022-06-18 11:00:00+07:00,2022-06-18 12:00:00+07:00,2
1160,bear_high,2022-06-18 13:00:00+07:00,2022-06-21 16:00:00+07:00,76
1161,sideways_high,2022-06-21 17:00:00+07:00,2022-06-22 21:00:00+07:00,29
1162,bear_high,2022-06-22 22:00:00+07:00,2022-06-23 12:00:00+07:00,15
1163,sideways_high,2022-06-23 13:00:00+07:00,2022-06-23 23:00:00+07:00,11
1164,sideways_low,2022-06-24 00:00:00+07:00,2022-06-24 01:00:00+07:00,2
1165,sideways_high,2022-06-24 02:00:00+07:00,2022-06-24 12:00:00+07:00,11
1166,sideways_low,2022-06-24 13:00:00+07:00,2022-06-24 18:00:00+07:00,6
1167,sideways_high,2022-06-24 19:00:00+07:00,2022-06-24 19:00:00+07:00,1
1168,sideways_low,2022-06-24 20:00:00+07:00,2022-06-24 20:00:00+07:00,1
1169,sideways_high,2022-06-24 21:00:00+07:00,2022-06-25 02:00:00+07:00,6
1170,sideways_low,2022-06-25 03:00:00+07:00,2022-06-30 18:00:00+07:00,136
1171,bear_low,2022-06-30 19:00:00+07:00,2022-07-01 05:00:00+07:00,11
1172,bear_high,2022-07-01 06:00:00+07:00,2022-07-01 21:00:00+07:00,16
1173,sideways_high,2022-07-01 22:00:00+07:00,2022-07-02 04:00:00+07:00,7
1174,bear_high,2022-07-02 05:00:00+07:00,2022-07-02 10:00:00+07:00,6
1175,bear_low,2022-07-02 11:00:00+07:00,2022-07-02 18:00:00+07:00,8
1176,sideways_low,2022-07-02 19:00:00+07:00,2022-07-02 19:00:00+07:00,1
1177,bear_low,2022-07-02 20:00:00+07:00,2022-07-02 22:00:00+07:00,3
1178,sideways_low,2022-07-02 23:00:00+07:00,2022-07-06 03:00:00+07:00,77
1179,sideways_high,2022-07-06 04:00:00+07:00,2022-07-06 04:00:00+07:00,1
1180,sideways_low,2022-07-06 05:00:00+07:00,2022-07-06 05:00:00+07:00,1
1181,sideways_high,2022-07-06 06:00:00+07:00,2022-07-06 16:00:00+07:00,11
1182,sideways_low,2022-07-06 17:00:00+07:00,2022-07-08 10:00:00+07:00,42
1183,bull_low,2022-07-08 11:00:00+07:00,2022-07-08 19:00:00+07:00,9
1184,bull_high,2022-07-08 20:00:00+07:00,2022-07-09 08:00:00+07:00,13
1185,bull_low,2022-07-09 09:00:00+07:00,2022-07-09 18:00:00+07:00,10
1186,sideways_low,2022-07-09 19:00:00+07:00,2022-07-13 18:00:00+07:00,96
1187,sideways_high,2022-07-13 19:00:00+07:00,2022-07-14 11:00:00+07:00,17
1188,sideways_low,2022-07-14 12:00:00+07:00,2022-07-14 22:00:00+07:00,11
1189,sideways_high,2022-07-14 23:00:00+07:00,2022-07-15 04:00:00+07:00,6
1190,sideways_low,2022-07-15 05:00:00+07:00,2022-07-18 21:00:00+07:00,89
1191,sideways_high,2022-07-18 22:00:00+07:00,2022-07-19 02:00:00+07:00,5
1192,bull_high,2022-07-19 03:00:00+07:00,2022-07-19 11:00:00+07:00,9
1193,sideways_high,2022-07-19 12:00:00+07:00,2022-07-20 00:00:00+07:00,13
1194,bull_high,2022-07-20 01:00:00+07:00,2022-07-21 20:00:00+07:00,44
1195,sideways_high,2022-07-21 21:00:00+07:00,2022-07-22 06:00:00+07:00,10
1196,sideways_low,2022-07-22 07:00:00+07:00,2022-07-23 21:00:00+07:00,39
