open_time,open,high,low,close,volume,quote_volume,trade_count,taker_buy_base,taker_buy_quote
2017-08-14 00:00:00+00:00,4261.48,4485.39,3850.0,4086.29,2843.431426,12021576.48265154,13134,2240.24924,9482742.92094674
2017-08-21 00:00:00+00:00,4069.13,4453.91,3400.0,4310.01,4599.396629,18978983.50987317,37826,1755.5302649999999,7173180.19744751
2017-08-28 00:00:00+00:00,4310.01,4939.19,4124.54,4509.08,4753.843376,21581679.92866748,35717,1371.034428,6237542.20612072
2017-09-04 00:00:00+00:00,4505.0,4788.59,3603.0,4130.37,6382.7877450000005,27307824.368939288,42372,2821.422739,12120979.77068529
2017-09-11 00:00:00+00:00,4153.62,4394.59,2817.0,3699.99,8106.705127,30026796.42861788,50423,3763.128452,13956149.18844029
2017-09-18 00:00:00+00:00,3690.0,4123.2,3505.55,3660.02,5908.32335,22501242.65454204,56785,2821.4388870000002,10711864.12380805
2017-09-25 00:00:00+00:00,3660.02,4406.52,3653.69,4378.48,5782.305424,23750419.76839855,71484,2482.361367,10200163.49185349
2017-10-02 00:00:00+00:00,4400.0,4658.0,4110.0,4640.0,4708.272956,20366578.25125568,59658,2077.8034900000002,9008752.49455302
2017-10-09 00:00:00+00:00,4640.0,5922.3,4550.0,5709.99,7913.925837000001,42038755.95644524,61638,4280.127269,22483871.99105491
2017-10-16 00:00:00+00:00,5710.0,6171.0,5037.95,5950.02,12157.769447,69446644.86619961,75969,5501.9124,31411073.98003196
2017-10-23 00:00:00+00:00,5975.0,6189.88,5286.98,6169.98,13133.994569999999,75229774.73890872,74778,5845.143252,33499318.444814578
2017-10-30 00:00:00+00:00,6133.01,7590.25,6030.0,7345.01,11663.209648,79517426.5391578,98387,5037.950811,34445720.64501364
2017-11-06 00:00:00+00:00,7345.1,7770.02,5325.01,5811.03,18916.3199,126612916.75463176,132654,8296.83946,55517892.65634026
2017-11-13 00:00:00+00:00,5839.94,8123.15,5699.99,8038.0,19791.101011,146293856.48316985,107207,9966.297735,73714925.58366317
2017-11-20 00:00:00+00:00,8057.11,9350.0,7801.0,9128.02,28921.859792000003,240238717.93883663,129930,14522.913389,120677884.10182005
2017-11-27 00:00:00+00:00,9128.0,11825.0,8520.0,11165.41,48427.949649999995,493261876.5247408,232180,27122.187730999998,276199673.0556042
2017-12-04 00:00:00+00:00,11165.41,17204.99,10802.0,14899.98,72469.977627,1022228203.7964909,393420,42089.109532,596373967.6702242
2017-12-11 00:00:00+00:00,14946.26,19798.68,14666.56,18860.02,67851.486215,1143594375.3765807,539238,33646.705468,566603311.0514766
2017-12-18 00:00:00+00:00,18860.04,19300.0,10961.0,13500.0,135385.440322,1998479799.1145616,1007841,67305.696474,989270027.7844436
2017-12-25 00:00:00+00:00,13500.0,16498.05,11750.0,13716.36,116522.75432100001,1636613418.3316479,1040980,62664.766575,882011540.5347855
2018-01-01 00:00:00+00:00,13715.65,17176.24,12750.0,16150.03,120239.399359,1828148890.8541193,1087900,68117.139059,1037992795.2494293
2018-01-08 00:00:00+00:00,16218.85,16322.3,11400.0,13474.99,137537.904565,1919927016.0206215,1176645,67529.525725,944460208.0227354
2018-01-15 00:00:00+00:00,13477.98,14249.99,9035.0,11530.0,303127.502137,3434833014.703798,2359135,148847.018392,1689262267.4451878
2018-01-22 00:00:00+00:00,11530.0,12244.0,9900.24,11879.95,198030.051117,2184045152.4962206,1961464,95219.664176,1049772766.2931718
2018-01-29 00:00:00+00:00,11879.95,11975.02,7930.0,8184.81,202016.407759,1896352538.670673,2082917,92718.819101,870670207.3273916
2018-02-05 00:00:00+00:00,8179.99,9065.78,6000.01,8063.88,340794.29213099997,2608962030.9285064,3182111,168442.580269,1292031857.3680143
2018-02-12 00:00:00+00:00,8063.82,11274.0,8053.0,10383.43,311863.06813699997,3026660454.854491,3359228,152843.46078700002,1483899407.0070152
2018-02-19 00:00:00+00:00,10375.01,11786.01,9274.8,9590.0,350623.132911,3657589238.5328994,2886657,170833.284427,1784040709.7246327
2018-02-26 00:00:00+00:00,9590.0,11565.0,9350.0,11515.0,183970.997614,1967477246.4270723,1604626,90364.521285,967157347.6870903
2018-03-05 00:00:00+00:00,11515.0,11710.0,8329.0,9533.57,282035.225382,2719942892.647309,2232004,135387.477047,1305861453.0105894
2018-03-12 00:00:00+00:00,9533.57,9888.88,7322.0,8189.99,315835.15160599997,2657745291.1090126,2450216,152466.846927,1282773546.0090988
2018-03-19 00:00:00+00:00,8189.0,9177.01,8088.4,8470.15,285211.539511,2464528929.914906,1993351,140515.572258,1214424116.2342222
2018-03-26 00:00:00+00:00,8470.14,8514.89,6430.0,6813.01,308729.492031,2276980709.5920525,2021451,150619.592562,1110640017.9573672
2018-04-02 00:00:00+00:00,6813.01,7520.0,6500.0,7018.0,232320.070499,1616723766.0660725,1464142,116325.454625,809573460.5723698
2018-04-09 00:00:00+00:00,7011.04,8429.54,6611.0,8355.0,259877.022414,1959208437.5356402,1648802,132620.416417,999880218.1401193
2018-04-16 00:00:00+00:00,8355.07,9035.0,7825.4,8787.02,233025.38619,1952372499.3863933,1643201,119054.126872,998226476.1990867
2018-04-23 00:00:00+00:00,8785.7,9759.82,8651.62,9419.0,306668.07214,2812613536.4815593,2118018,155630.17935,1428135299.5043876
2018-04-30 00:00:00+00:00,9417.04,10020.0,8800.49,9659.01,222274.38854,2089890919.3001027,1677081,113653.80355,1069078899.1806285
2018-05-07 00:00:00+00:00,9661.02,9689.67,8153.0,8679.71,224151.298751,1995981257.434743,1724758,110160.48336,981712737.9152086
2018-05-14 00:00:00+00:00,8679.71,8879.99,7911.9,8526.98,182713.826012,1528659945.0791533,1744095,92219.281361,771701096.806859
2018-05-21 00:00:00+00:00,8526.97,8595.31,7231.11,7338.99,190894.600939,1473706966.3342865,1586528,96911.186832,747911310.861222
2018-05-28 00:00:00+00:00,7338.99,7786.69,7032.95,7714.26,211929.270766,1580400448.7295191,1930065,117482.54749,876505422.238246
2018-06-04 00:00:00+00:00,7714.26,7765.0,6622.81,6764.99,211352.737478,1574558979.8373327,2117420,114201.834413,852642290.78888
2018-06-11 00:00:00+00:00,6765.0,6922.0,6118.68,6449.61,234080.841171,1532387822.7080858,1406168,127373.60965299999,833996575.3197141
2018-06-18 00:00:00+00:00,6444.06,6841.74,5750.0,6136.97,234147.621015,1493387501.4582708,1413795,125738.642241,802333822.6810288
2018-06-25 00:00:00+00:00,6137.95,6528.99,5780.0,6356.81,207746.559006,1282960927.4924057,1214054,112957.360973,697781325.5983217
2018-07-02 00:00:00+00:00,6360.82,6818.16,6271.62,6712.1,211526.019058,1393368254.076007,1322891,113263.789294,746176284.2175087
2018-07-09 00:00:00+00:00,6712.1,6802.06,6070.0,6353.01,192452.84988,1225870847.4731443,1007888,101995.657579,649868285.835319
2018-07-16 00:00:00+00:00,6354.15,7700.0,6330.4,7394.79,294313.222604,2128249956.9973235,1602460,159598.815591,1153467423.2326593
2018-07-23 00:00:00+00:00,7394.78,8491.77,7375.0,8211.0,288666.047141,2332298260.5844717,1575619,154924.100889,1251512994.1975667
2018-07-30 00:00:00+00:00,8210.99,8273.0,6882.29,7024.19,282090.103584,2132225331.2656577,1404398,147829.462036,1117308216.0366144
2018-08-06 00:00:00+00:00,7024.19,7160.0,5971.0,6308.33,334426.550743,2169762287.5202613,1694989,178067.433497,1155504235.7897973
2018-08-13 00:00:00+00:00,6308.56,6620.0,5880.0,6477.53,378189.296487,2401304850.578152,1813570,205461.82925100002,1305711344.951937
2018-08-20 00:00:00+00:00,6477.53,6882.54,6220.0,6700.0,286906.53931100003,1870078552.6344426,1365251,153261.481987,999056900.5077468
2018-08-27 00:00:00+00:00,6700.0,7345.45,6646.5,7302.01,294674.913005,2064905776.219665,1542804,162766.585323,1140746641.753713
2018-09-03 00:00:00+00:00,7302.0,7410.0,6111.0,6250.81,306231.623424,2060238359.3451552,1498673,162645.087167,1094083907.534669
2018-09-10 00:00:00+00:00,6252.26,6584.99,6169.68,6505.0,227428.182854,1455546755.8541198,1205506,124604.749749,797441407.4796011
2018-09-17 00:00:00+00:00,6500.08,6839.03,6123.0,6708.0,244256.490121,1590443498.5932746,1324448,133037.20102500002,867030374.8525664
2018-09-24 00:00:00+00:00,6706.81,6814.8,6325.02,6626.57,242598.872471,1592066012.4053094,1308413,132133.994449,867418937.718121
2018-10-01 00:00:00+00:00,6626.57,6697.0,6430.0,6615.26,141836.476483,931813926.7749727,756048,75129.021229,493650263.5606893
2018-10-08 00:00:00+00:00,6615.26,6715.6,6205.0,6339.34,166310.813544,1068868812.2791338,943296,83637.70495700001,537339332.3062356
2018-10-15 00:00:00+00:00,6339.34,7680.0,6300.0,6590.11,211592.623139,1434684785.8510528,1219900,110449.445938,748403217.794754
2018-10-22 00:00:00+00:00,6590.12,6639.0,6453.0,6489.93,75328.885385,494030438.14773756,591416,37842.154173,248174269.69772995
2018-10-29 00:00:00+00:00,6489.93,6525.0,6245.02,6485.85,71945.400607,459573574.67943704,751373,35995.809099,229999405.96208155
2018-11-05 00:00:00+00:00,6485.85,6615.15,6355.0,6449.81,76161.78188,494186439.10114735,874399,37227.070988,241607389.17125803
2018-11-12 00:00:00+00:00,6450.71,6498.0,5403.42,5662.0,205081.183938,1193362837.9036088,1444633,104591.347428,607459146.8231884
2018-11-19 00:00:00+00:00,5661.94,5664.0,3652.66,4085.78,496323.79998,2227689691.7363706,2388695,252770.919497,1133924485.1757271
2018-11-26 00:00:00+00:00,4088.69,4450.38,3689.12,4161.01,479458.799151,1958210804.8945973,2077032,244698.369165,999023710.4179076
2018-12-03 00:00:00+00:00,4160.55,4179.0,3222.0,3545.37,406435.817854,1482749121.2938979,1782210,200855.63772,731690242.3146307
2018-12-10 00:00:00+00:00,3548.49,3610.0,3156.26,3228.67,249791.790787,836152010.4252874,1117299,128558.200825,430325194.8491405
2018-12-17 00:00:00+00:00,3229.22,4139.99,3216.0,3929.71,489096.276467,1847570818.3619862,2458531,251707.60083,950479898.4100618
2018-12-24 00:00:00+00:00,3929.71,4198.0,3535.0,3801.91,332161.255442,1265644273.2709773,2002072,170607.638623,650229120.269774
2018-12-31 00:00:00+00:00,3803.12,4027.71,3630.33,3987.6,214860.906242,814657329.2561297,1399286,111418.739855,422523453.0118379
2019-01-07 00:00:00+00:00,3987.62,4069.8,3441.3,3476.81,245887.277948,927969289.1543045,1671905,124970.35950800001,471682333.52194893
2019-01-14 00:00:00+00:00,3477.56,3720.0,3467.02,3539.28,199395.792965,716452001.8777007,1441654,103959.69592,373598006.9521006
2019-01-21 00:00:00+00:00,3539.26,3662.94,3434.85,3550.84,154566.450861,549194588.0437918,1163997,81698.386968,290345796.5722132
2019-01-28 00:00:00+00:00,3550.05,3557.75,3349.92,3458.11,186574.105423,642262558.3385054,1288715,97908.231382,337075608.1135758
2019-02-04 00:00:00+00:00,3458.11,3733.58,3373.1,3680.06,198350.673988,696930950.5751894,1313535,105210.165813,369766481.672234
2019-02-11 00:00:00+00:00,3679.75,3700.11,3568.11,3667.58,167995.805139,608476271.5498093,1174687,86820.01403600001,314505971.7625756
2019-02-18 00:00:00+00:00,3667.62,4198.0,3655.0,3743.56,301384.22226,1179944577.9346461,2007272,158582.458938,621066468.496934
2019-02-25 00:00:00+00:00,3743.56,3888.0,3677.17,3807.75,190343.246726,726304516.1142129,1369483,100202.783902,382423582.1504192
2019-03-04 00:00:00+00:00,3807.32,3971.75,3670.69,3916.82,207833.42997,799736773.6725284,1353003,109422.648077,421085582.8356661
2019-03-11 00:00:00+00:00,3915.99,4056.98,3810.43,3981.14,185620.344813,725510328.9612997,1303041,97860.697076,382600175.7253476
2019-03-18 00:00:00+00:00,3981.85,4069.32,3880.01,3992.18,156283.263483,624615988.9141761,1144351,82285.46168000001,328906486.03261286
2019-03-25 00:00:00+00:00,3991.35,4140.0,3888.71,4103.95,178114.875049,715252731.25725,1291861,95038.232634,381686902.03996086
2019-04-01 00:00:00+00:00,4102.44,5275.01,4067.0,5170.27,420989.968738,2046260260.7283068,2752257,218356.595057,1061192535.290974
2019-04-08 00:00:00+00:00,5170.27,5422.0,4861.22,5131.3,247866.407405,1271184321.404522,1730890,125805.460334,645400980.7343467
2019-04-15 00:00:00+00:00,5131.28,5333.42,4950.0,5256.14,168555.911745,875025579.9790536,1265816,87318.997448,453504194.8054004
2019-04-22 00:00:00+00:00,5257.41,5600.0,5102.0,5307.52,247392.82390400002,1329057592.8265839,1770258,122046.098883,655730729.8508625
2019-04-29 00:00:00+00:00,5309.81,5900.0,5178.8,5775.62,191971.589975,1069857115.7025936,1509653,101647.467454,566499085.9991746
2019-05-06 00:00:00+00:00,5773.18,7521.78,5619.14,6967.31,313283.734225,2043227205.838493,2443585,161392.207981,1052056585.0167441
2019-05-13 00:00:00+00:00,6968.24,8366.0,6870.0,8148.48,461287.694139,3556014747.6342974,4024823,239183.088298,1843817300.2739549
2019-05-20 00:00:00+00:00,8147.94,8740.0,7461.0,8614.43,341677.39881,2706217167.1788926,3145385,178794.67382,1416599106.0840998
2019-05-27 00:00:00+00:00,8612.54,9074.26,8005.0,8725.98,292049.043812,2508992950.9444757,2861807,151337.375247,1300617022.723026
2019-06-03 00:00:00+00:00,8726.0,8800.95,7444.58,7628.13,293308.709696,2321265141.037009,2770905,149688.738496,1184496681.3057811
2019-06-10 00:00:00+00:00,7627.57,9333.0,7511.0,8953.33,274072.058371,2290974623.73244,2697695,146184.888553,1222114795.7479959
2019-06-17 00:00:00+00:00,8953.0,11392.64,8950.0,10906.07,378253.003065,3761392791.5937366,3524367,202221.605284,2010341662.0274785
2019-06-24 00:00:00+00:00,10905.95,13970.0,10525.1,10854.1,684152.508772,8152194088.574192,6076896,339606.94079100003,4044614402.44591
2019-07-01 00:00:00+00:00,10854.1,12000.0,9727.0,11406.24,517740.071693,5704614704.935866,4488545,262808.165438,2897941314.5346932
2019-07-08 00:00:00+00:00,11410.0,13147.08,10103.0,10174.18,510462.035678,6013145209.00872,4524490,252017.796293,2963114441.6508718
2019-07-15 00:00:00+00:00,10174.18,11100.0,9060.0,10589.45,487080.97263,4956031258.620161,4446262,248606.100002,2532426320.7492094
2019-07-22 00:00:00+00:00,10590.15,10683.16,9165.0,9541.54,269819.32510899997,2669509015.232091,2603330,137240.620876,1357104450.0544214
2019-07-29 00:00:00+00:00,9541.54,11040.0,9395.0,10929.23,259518.806019,2646182927.6158624,2454639,139171.738752,1419850922.3725567
2019-08-05 00:00:00+00:00,10929.99,12330.7,10927.8,11549.97,371072.857661,4345174154.729532,3431310,187065.5995,2193229174.8168306
2019-08-12 00:00:00+00:00,11539.08,11577.89,9750.0,10306.78,248273.374665,2598294179.2324157,2604915,121805.163712,1273541825.3955398
2019-08-19 00:00:00+00:00,10306.17,10949.96,9762.0,10142.69,232472.053331,2394985938.2837667,2432098,117404.865076,1210303802.1581957
2019-08-26 00:00:00+00:00,10142.69,10604.0,9320.0,9724.98,211243.550288,2087949081.1662169,2073166,107817.760274,1066448383.8674998
2019-09-02 00:00:00+00:00,9723.59,10905.87,9712.5,10381.18,281075.664908,2937882776.0814943,2428631,143868.840953,1503526294.0205579
2019-09-09 00:00:00+00:00,10381.24,10480.0,9880.0,10302.01,207165.654458,2120624279.681872,1997832,105778.040214,1083587407.1258674
2019-09-16 00:00:00+00:00,10303.34,10355.0,9653.0,10028.87,188644.199623,1906343743.6461415,2057228,91497.978088,925209651.663916
2019-09-23 00:00:00+00:00,10028.05,10049.99,7750.0,8043.82,364560.06474400003,3105752375.2290926,3159529,178726.653046,1519444753.894012
2019-09-30 00:00:00+00:00,8043.04,8500.0,7710.0,7854.25,239129.62607,1946744856.5708694,2208522,120838.953949,984515124.9082434
2019-10-07 00:00:00+00:00,7855.3,8779.51,7762.0,8275.01,281416.738734,2342638084.5951705,2895529,145080.333838,1207934231.740098
2019-10-14 00:00:00+00:00,8275.24,8403.0,7816.01,8223.35,219241.792311,1772929260.8662167,2668262,112838.714175,912749801.8500226
2019-10-21 00:00:00+00:00,8223.35,10370.0,7300.0,9529.93,508882.693756,4412131949.683102,4526652,257030.01167799998,2229638017.1147165
2019-10-28 00:00:00+00:00,9528.23,9902.1,8913.0,9194.71,354362.744327,3288114749.75205,3384382,178982.09542199998,1661266556.546168
2019-11-04 00:00:00+00:00,9196.46,9513.68,8696.0,9039.47,294282.771612,2687414282.870266,3021622,148860.351809,1360089028.6781137
2019-11-11 00:00:00+00:00,9040.16,9072.32,8350.68,8502.4,239532.02348,2074354316.3498197,2356345,119014.223517,1030757407.5748811
2019-11-18 00:00:00+00:00,8502.87,8503.52,6790.0,6903.28,422402.004703,3194974913.596575,3120213,206133.470661,1559362692.1678517
2019-11-25 00:00:00+00:00,6900.23,7850.0,6515.0,7390.89,503259.064291,3668731159.5846167,3264670,256209.980709,1869473766.4721527
2019-12-02 00:00:00+00:00,7391.5,7750.0,7067.0,7510.11,331478.231272,2440852073.6477933,2427749,170720.708802,1257554721.8665931
2019-12-09 00:00:00+00:00,7510.11,7650.0,7008.35,7118.59,252294.980408,1829594877.0505178,2190573,127270.300813,923173806.1768168
2019-12-16 00:00:00+00:00,7119.6,7518.54,6435.0,7501.44,339611.461697,2377549933.3807735,2860673,172709.571844,1210313054.0680435
2019-12-23 00:00:00+00:00,7500.71,7695.38,7076.42,7388.24,267312.086935,1960970043.8226128,2396048,135094.550472,991069301.2572511
2019-12-30 00:00:00+00:00,7388.43,7495.0,6871.04,7358.75,241051.79844400001,1751045575.9710774,2156119,121873.00197099999,885720015.2966344
2020-01-06 00:00:00+00:00,7357.64,8455.0,7346.76,8184.98,498017.846898,3978362245.8603864,3870321,251759.16943100002,2010996559.172935
2020-01-13 00:00:00+00:00,8184.97,9198.98,8055.89,8701.7,468235.627496,4075229206.683569,4261834,235414.22295199998,2049350005.8211555
2020-01-20 00:00:00+00:00,8701.72,8818.0,8238.0,8615.0,250977.001765,2139257584.5757425,2555857,126118.759014,1075142271.9489098
2020-01-27 00:00:00+00:00,8614.39,9578.0,8535.0,9331.51,362870.208388,3344610390.0331926,3363066,184662.89981,1701807651.7805812
2020-02-03 00:00:00+00:00,9331.59,10166.0,9093.01,10151.75,364995.864834,3508270140.595099,3998661,186210.537202,1790763589.1079078
2020-02-10 00:00:00+00:00,10151.72,10500.0,9638.12,9917.27,427067.585189,4316211115.182318,5261096,210003.002568,2123331362.9499512
2020-02-17 00:00:00+00:00,9910.7,10250.0,9350.0,9936.4,360700.467719,3518226163.3166637,3990113,180774.725596,1764164267.1888702
2020-02-24 00:00:00+00:00,9936.4,9990.0,8411.0,8531.88,426585.458707,3834682199.6015034,4278048,206135.583663,1852185664.7276723
2020-03-02 00:00:00+00:00,8530.3,9188.0,8000.0,8033.31,379197.13168,3340552932.0353546,3871023,187350.607918,1652268013.472395
2020-03-09 00:00:00+00:00,8034.76,8179.31,3782.13,5361.3,1224228.28324,7415770282.10866,8590644,595647.065838,3616852099.187804
2020-03-16 00:00:00+00:00,5360.33,6900.0,4442.12,5816.19,1180843.345815,6710917850.66102,8567146,572953.99079,3258534733.899862
2020-03-23 00:00:00+00:00,5816.05,6957.96,5688.0,5881.42,770380.80536,4963224056.186818,5558649,374037.171488,2410430651.1533923
2020-03-30 00:00:00+00:00,5880.5,7198.0,5857.76,6772.78,664784.299583,4388764837.975918,5187309,328850.322927,2171911522.543237
2020-04-06 00:00:00+00:00,6772.78,7459.69,6739.98,6903.79,582804.771087,4149639337.0034943,5399736,280689.969951,1999584846.2821686
2020-04-13 00:00:00+00:00,6903.79,7293.08,6468.27,7120.74,501345.25890300004,3470075398.328409,4481179,241259.557489,1670997362.6201804
2020-04-20 00:00:00+00:00,7121.4,7738.0,6751.0,7693.1,469098.312947,3396617806.431422,4408245,224125.283108,1625169356.8918352
2020-04-27 00:00:00+00:00,7693.1,9460.0,7606.0,8894.16,742165.162104,6374997759.196764,6613200,363331.16828,3122774832.2889953
2020-05-04 00:00:00+00:00,8894.15,10067.0,8117.0,8722.77,780478.849466,7191007480.438995,7296812,369687.780218,3408051320.6443615
2020-05-11 00:00:00+00:00,8722.77,9939.0,8200.0,9680.04,721487.837087,6639127977.318728,6691363,348124.304743,3206329814.3096685
2020-05-18 00:00:00+00:00,9681.11,9950.0,8700.0,8720.34,517248.17753600003,4856615582.538332,5231275,243871.783782,2291792677.447179
2020-05-25 00:00:00+00:00,8718.14,9740.0,8642.72,9448.27,425528.246167,3923220452.296562,4709904,209371.472668,1931386248.8454986
2020-06-01 00:00:00+00:00,9448.27,10380.0,9266.0,9746.99,427822.49534699996,4156656856.7106485,4699565,208908.26182,2031849904.288774
2020-06-08 00:00:00+00:00,9746.99,9992.72,9113.0,9342.1,336172.771517,3222940574.5708337,3925947,158086.69559,1516390238.2531257
2020-06-15 00:00:00+00:00,9342.1,9589.0,8910.45,9294.69,323565.711842,3025511745.348797,3601511,157067.67168,1469318218.5940075
2020-06-22 00:00:00+00:00,9294.69,9780.0,8833.0,9116.35,343601.083154,3199982407.720629,3556356,162648.331078,1515724945.3964057
2020-06-29 00:00:00+00:00,9116.16,9292.0,8893.03,9069.41,247256.195125,2255910006.086825,2670420,120007.885844,1095085364.7219348
2020-07-06 00:00:00+00:00,9069.41,9470.0,9055.92,9302.75,284964.999673,2642350802.5796742,3618928,139286.661532,1291693618.9702258
2020-07-13 00:00:00+00:00,9303.31,9343.82,9047.25,9208.99,247602.692095,2275998962.741705,3834095,117517.406171,1080194174.8219032
2020-07-20 00:00:00+00:00,9208.99,10111.0,9131.0,9931.54,346433.535115,3295996462.1417675,5037013,167612.904868,1596041010.699757
2020-07-27 00:00:00+00:00,9931.54,12123.46,9917.21,11071.35,637793.811724,7048671346.493501,8989722,308283.879719,3405894056.7549586
2020-08-03 00:00:00+00:00,11071.36,11909.94,10936.0,11681.68,403167.45146,4646926089.61999,6240181,190641.83328700002,2197221620.1337314
2020-08-10 00:00:00+00:00,11681.69,12067.35,11125.0,11911.0,468167.72232,5471151052.231874,7853234,224176.827366,2620954475.1044083
2020-08-17 00:00:00+00:00,11910.99,12468.0,11376.81,11648.13,426710.483502,5061638056.366496,7082053,205750.910997,2440973815.7736926
2020-08-24 00:00:00+00:00,11648.12,11824.9,11117.64,11711.16,355153.169372,4078471242.6749406,5563536,172004.217622,1975725317.1695065
2020-08-31 00:00:00+00:00,11711.17,12050.85,9825.0,10256.2,581777.756525,6357675711.972731,9093522,272514.508229,2978112998.7570972
2020-09-07 00:00:00+00:00,10255.89,10580.11,9850.0,10332.83,366759.994048,3756191422.9266324,5490957,176070.937008,1803672847.9852383
2020-09-14 00:00:00+00:00,10332.84,11179.79,10212.34,10920.28,374339.558814,4052903078.381216,5419926,182800.562676,1979747774.6951149
2020-09-21 00:00:00+00:00,10920.28,10988.86,10136.82,10774.25,331299.291081,3499594157.462563,5082884,161067.804774,1701606859.4703984
2020-09-28 00:00:00+00:00,10774.26,10950.0,10374.0,10666.63,288073.126989,3079535042.6297483,4200553,139276.825415,1488932592.7380245
2020-10-05 00:00:00+00:00,10666.62,11491.0,10525.0,11369.02,288404.145494,3147355378.403716,4224553,143943.509816,1572213941.226101
2020-10-12 00:00:00+00:00,11369.02,11720.01,11172.0,11503.14,279657.097047,3188831299.7176256,4017625,134837.128099,1537962674.7274244
2020-10-19 00:00:00+00:00,11503.14,13350.0,11407.96,13028.83,418993.354681,5252707161.494401,5893134,209978.707942,2630019669.925434
2020-10-26 00:00:00+00:00,13029.64,14100.0,12765.0,13761.5,485344.056262,6513957707.235787,6753475,238135.91851699998,3197566546.4783945
2020-11-02 00:00:00+00:00,13761.49,15960.0,13195.05,15475.1,665037.146452,9752972636.00488,9082195,321015.027754,4706961988.142007
2020-11-09 00:00:00+00:00,15475.1,16480.0,14805.54,15957.0,529729.426496,8341020276.118944,8312761,254650.963842,4010574090.1983852
2020-11-16 00:00:00+00:00,15957.0,18965.9,15864.0,18414.43,684197.642829,12173051529.63962,10878742,337923.62352799997,6009987170.948491
2020-11-23 00:00:00+00:00,18413.88,19484.21,16188.0,18184.99,676351.579974,12148026464.927427,12288105,329021.498015,5912525631.946691
2020-11-30 00:00:00+00:00,18185.0,19888.0,18001.12,19359.4,537012.142931,10256527452.726007,9615978,267861.961556,5119962447.319706
2020-12-07 00:00:00+00:00,19358.67,19420.91,17572.33,19174.99,414166.997237,7670610991.462734,7125404,198951.58809900002,3686743363.861118
2020-12-14 00:00:00+00:00,19174.99,24295.0,19000.0,23455.52,650661.7243,14274952056.644888,11378635,325698.820718,7137840985.519614
2020-12-21 00:00:00+00:00,23455.54,28422.0,21815.0,26281.66,688906.560557,16891515231.046492,12384587,340821.148811,8361819640.037464
2020-12-28 00:00:00+00:00,26281.54,34778.11,25880.0,33000.05,625132.263203,18574944969.54836,12512788,311314.23651,9257292755.772125
2021-01-04 00:00:00+00:00,33000.05,41950.0,28130.0,38150.02,850700.266152,30894408653.645462,18127566,416647.067571,15120789261.095215
2021-01-11 00:00:00+00:00,38150.02,40100.0,30420.0,35828.61,895315.076106,31769417713.860424,18405157,442149.318301,15696696613.819687
2021-01-18 00:00:00+00:00,35824.99,37850.0,28850.0,32259.9,637026.0420530001,21335137260.47123,14638581,309335.867048,10370259553.73558
2021-01-25 00:00:00+00:00,32259.45,38531.9,29241.72,33092.98,747463.508509,24948673733.690006,16555006,371060.163317,12396571060.77586
2021-02-01 00:00:00+00:00,33092.97,40955.51,32296.16,38795.69,583442.331544,21599895189.581158,13815026,291987.980694,10814285526.145718
2021-02-08 00:00:00+00:00,38795.69,49707.43,37988.89,48577.79,664186.270909,30558163844.53544,18380270,335475.284061,15434310277.427109
2021-02-15 00:00:00+00:00,48580.47,58352.8,45570.79,57408.57,533487.799699,27769064381.543262,15851564,266431.948968,13868919408.71599
2021-02-22 00:00:00+00:00,57412.35,57508.47,43000.0,45135.66,737125.746365,36056079517.941505,17606321,358805.28067999997,17551047321.2073
2021-03-01 00:00:00+00:00,45134.11,52640.0,44950.53,50971.75,490819.562968,24017266082.75058,13825664,242923.901683,11891428274.15951
2021-03-08 00:00:00+00:00,50959.11,61844.0,49274.67,58968.31,514559.698685,28846698413.56187,16229755,257377.748159,14440581804.396273
2021-03-15 00:00:00+00:00,58976.08,60633.43,53271.34,57351.56,463194.21418,26483848363.71589,14553773,226130.96514800002,12934458930.897257
2021-03-22 00:00:00+00:00,57351.56,58430.73,50427.56,55777.63,446278.628413,24254500734.206223,13022316,218408.216212,11874290386.328753
2021-03-29 00:00:00+00:00,55777.65,60200.0,54800.01,58202.01,367477.893273,21438740639.10086,11891110,183319.197491,10697064859.42125
2021-04-05 00:00:00+00:00,58202.01,61500.0,55473.0,60002.43,375865.593614,21944712196.72618,13696365,188038.894028,10984335663.8117
2021-04-12 00:00:00+00:00,59998.8,64854.0,50931.3,56150.01,549048.298032,33238307417.43094,17446531,266367.194149,16134213581.46212
2021-04-19 00:00:00+00:00,56150.01,57526.81,46930.0,49066.77,568462.85096,29936891043.815968,14947615,274940.861323,14487266259.924355
2021-04-26 00:00:00+00:00,49066.76,58458.07,48753.44,56578.21,395983.456013,21707164512.768623,12719227,195298.619851,10703998531.65657
2021-05-03 00:00:00+00:00,56578.21,59500.0,52900.0,58240.84,504478.926303,28725771451.786324,16275966,248052.47061699998,14129842033.20115
2021-05-10 00:00:00+00:00,58240.83,59500.0,43825.39,46431.5,684880.148197,35228801446.48219,17778177,327220.272931,16851047061.760134
2021-05-17 00:00:00+00:00,46426.83,46686.0,30000.0,34655.25,1386781.052144,53866174537.682144,27170977,666702.163542,25919373172.359013
2021-05-24 00:00:00+00:00,34681.44,40841.0,33379.0,35641.27,786531.163941,29203522868.25162,16942102,384497.747331,14283624883.965893
2021-05-31 00:00:00+00:00,35641.26,39476.0,34153.84,35796.31,528299.504937,19486187883.418457,11520844,260787.568217,9623174732.818666
2021-06-07 00:00:00+00:00,35796.31,39380.0,31000.0,39020.57,700065.604915,24888579254.611984,13781452,346610.462227,12336051739.569944
2021-06-14 00:00:00+00:00,39020.56,41330.0,33336.0,35600.16,610333.962089,23170552929.9574,12585488,295955.590693,11238614009.01921
2021-06-21 00:00:00+00:00,35600.17,35750.0,28805.0,34700.34,907073.7075980001,29582225083.09103,15069286,445188.23814,14532263176.09752
2021-06-28 00:00:00+00:00,34702.49,36600.0,32699.0,35286.51,464791.763593,16063893736.163572,9503851,227734.572618,7871807130.859945
2021-07-05 00:00:00+00:00,35288.13,35293.78,32077.0,34258.99,359766.23540400004,12142509770.88803,7648112,178798.754323,6033413173.636886
2021-07-12 00:00:00+00:00,34259.0,34678.43,31020.0,31778.56,306160.987079,9889122842.33198,7067408,147741.055848,4771519260.898867
2021-07-19 00:00:00+00:00,31778.57,35398.0,29278.0,35381.02,383262.21715399995,12281627047.304798,8161443,190582.264312,6114235359.363288
2021-07-26 00:00:00+00:00,35381.02,42599.0,35205.78,39845.44,568598.509606,22398899801.822147,14294722,284420.137741,11205247089.666573
2021-08-02 00:00:00+00:00,39850.27,45310.0,37332.7,43794.37,463107.670711,18969963699.518566,12015266,230451.591454,9445373822.532848
2021-08-09 00:00:00+00:00,43794.36,48144.0,42779.0,46973.82,372867.979811,17083554277.88681,12802573,188383.893158,8634469008.93575
2021-08-16 00:00:00+00:00,46973.82,49757.04,43927.7,49239.22,357634.462155,16753728276.428802,12498107,180333.299573,8448610167.566948
2021-08-23 00:00:00+00:00,49239.22,50500.0,46250.0,48767.83,298905.697042,14485841663.35657,10234705,148185.197294,7184000949.909695
2021-08-30 00:00:00+00:00,48767.84,51900.0,46512.0,51756.88,327484.443638,16058724402.757397,9623298,165440.611872,8117693526.797039
2021-09-06 00:00:00+00:00,51756.88,52920.0,42843.05,46025.24,399602.39982,18994715843.65674,12174052,193434.481761,9200501092.964355
2021-09-13 00:00:00+00:00,46025.23,48843.2,43370.0,47241.75,289430.44387,13558597825.9357,8186048,141201.01935,6614734237.643137
2021-09-20 00:00:00+00:00,47241.75,47347.25,39600.0,43160.9,437174.23273,18788601896.919964,10306745,212146.867313,9120024387.116852
2021-09-27 00:00:00+00:00,43160.9,49228.08,40753.88,48200.01,290620.78115,12968253396.578833,8011247,144469.51207,6452909326.517625
2021-10-04 00:00:00+00:00,48200.01,56561.31,46891.0,54659.0,424292.258599,22567545317.793793,12811107,211856.68444500002,11270697948.40903
2021-10-11 00:00:00+00:00,54659.01,62933.0,53879.0,61528.33,362346.263174,21121567502.011086,11568529,183431.75068300002,10697891224.262558
2021-10-18 00:00:00+00:00,61528.32,67000.0,59510.63,60852.22,336367.00881,21141785986.45504,10979311,167403.56447,10528144211.853245
2021-10-25 00:00:00+00:00,60852.22,63710.63,57820.0,61299.8,314971.84979999997,19208389552.55153,10574780,154915.87466,9451414390.238703
2021-11-01 00:00:00+00:00,61299.81,64270.0,59405.0,63273.59,253033.72432,15663897405.533567,9556016,126345.60637,7823642239.826968
2021-11-08 00:00:00+00:00,63273.58,69000.0,62278.0,65519.1,294213.112708,19286358161.910706,11207688,145809.022639,9564135489.152817
2021-11-15 00:00:00+00:00,65519.11,66401.82,55600.0,58622.02,340150.61676,20344773160.10561,11100482,163526.9365,9788051753.519653
2021-11-22 00:00:00+00:00,58617.7,59444.0,53256.64,57274.88,315216.31943,17762591467.11147,10734607,155061.63995,8740286935.664598
2021-11-29 00:00:00+00:00,57274.89,59176.99,42000.3,49396.33,390528.912488,20822450911.087795,12286961,185849.53619,9921717578.511951
2021-12-06 00:00:00+00:00,49396.32,51936.33,46751.0,50053.9,272083.99753,13393900447.457172,8239356,132585.60064,6527679465.437665
2021-12-13 00:00:00+00:00,50053.9,50189.97,45456.0,46681.23,271834.80183,12915658909.988441,8055423,131770.01926,6263559378.818461
2021-12-20 00:00:00+00:00,46681.24,51810.0,45558.85,50775.49,209126.53272,10271756269.402424,6959952,104138.45955,5115229263.303289
2021-12-27 00:00:00+00:00,50775.48,52088.0,45678.0,47286.18,217367.00866,10457549257.814728,6863549,106576.60196,5128393966.61702
2022-01-03 00:00:00+00:00,47286.18,47570.0,40501.0,41864.62,264331.61587,11564043206.342638,7717954,128417.56962000001,5617721267.315783
2022-01-10 00:00:00+00:00,41864.62,44500.0,39650.0,43071.66,232059.06969,9875457752.625004,6758442,114555.79525,4878281491.665617
2022-01-17 00:00:00+00:00,43071.66,43505.0,34008.0,36244.55,354513.98432,13695568421.726473,9181325,170960.34714199998,6607067308.597979
2022-01-24 00:00:00+00:00,36244.55,38919.98,32917.17,37881.76,353702.626391,12907284440.455256,8716769,179036.24472800002,6536472796.368902
2022-01-31 00:00:00+00:00,37881.75,42656.0,36250.0,42380.87,258946.95322,10064164364.242207,6785864,131038.94536,5096829006.548845
2022-02-07 00:00:00+00:00,42380.87,45821.0,41645.85,42053.66,301990.47877,13148234178.649647,8359076,149112.12215,6494915345.303778
2022-02-14 00:00:00+00:00,42053.65,44751.4,38000.0,38386.89,243150.46162000002,10134957033.789463,6173489,115990.68901,4840833817.67218
2022-02-21 00:00:00+00:00,38386.89,40348.45,34322.28,37699.07,412335.93267,15524273633.729555,9817037,205845.16118,7754667841.098923
2022-02-28 00:00:00+00:00,37699.08,45400.0,37450.17,38420.81,376417.0783,15676665511.513798,10071554,185768.2371,7740802242.404057
2022-03-07 00:00:00+00:00,38420.8,42594.06,37155.0,37777.34,374777.65361000004,14764496466.377066,8576202,184176.48268,7257778809.911878
2022-03-14 00:00:00+00:00,37777.35,42400.0,37555.0,41262.11,323399.67100000003,13045068424.15988,7828983,160980.02075,6493866977.45705
2022-03-21 00:00:00+00:00,41262.11,46999.0,40467.94,46827.76,315436.15044,13657786157.688328,7404092,158386.2017,6861332204.338122
2022-03-28 00:00:00+00:00,46827.76,48189.84,44200.0,46407.35,312053.15964,14562359846.879017,8362296,154410.52633,7206859226.584209
2022-04-04 00:00:00+00:00,46407.36,47200.0,41868.0,42158.85,268118.29111,11891061200.074501,7117155,130948.44754,5808536417.139714
2022-04-11 00:00:00+00:00,42158.85,42414.71,39200.0,39678.12,259281.04869999998,10492029074.432064,5921631,126175.26392,5107109884.3461275
2022-04-18 00:00:00+00:00,39678.11,42976.0,38536.51,39450.13,283885.03637,11530224571.577888,7307352,140430.82007,5705214688.751349
2022-04-25 00:00:00+00:00,39450.12,40797.31,37386.38,38468.35,368444.26814,14366905362.211203,8168960,182205.04628,7107113319.039257
2022-05-02 00:00:00+00:00,38468.35,40023.77,33713.95,34038.4,419979.58290000004,15553421461.79525,8540020,204305.32052,7582347504.983534
2022-05-09 00:00:00+00:00,34038.39,34243.15,26700.0,31328.89,964223.849274,29301810530.84179,16818661,460216.815397,13971509225.087582
2022-05-16 00:00:00+00:00,31328.89,31328.9,28654.47,30293.94,375096.22376,11177195347.940819,9177698,189713.27257,5654555850.589586
2022-05-23 00:00:00+00:00,30293.93,30670.51,28019.56,29468.1,430508.71991,12611294754.572105,7332430,208897.25934,6121946892.636766
2022-05-30 00:00:00+00:00,29468.1,32399.0,29282.36,29919.21,422401.40352,12912323442.261396,7249030,202549.77860000002,6188339634.436444
2022-06-06 00:00:00+00:00,29919.2,31765.64,26560.0,26574.53,528925.487959,15683647970.687145,8740633,255697.09976,7589290330.079022
2022-06-13 00:00:00+00:00,26574.53,26895.84,17622.0,20574.0,1153717.637537,24718445373.532467,16153967,566051.074843,12119463385.11774
2022-06-20 00:00:00+00:00,20574.0,21888.0,19637.03,21038.07,570801.23178,11870152671.08868,8827163,283739.01692,5901368295.141803
2022-06-27 00:00:00+00:00,21038.08,21539.85,18626.0,19315.83,508544.1397,10107464161.050232,8098167,251218.84067,4992634202.080662
2022-07-04 00:00:00+00:00,19315.83,22527.37,19055.31,20862.47,1111996.98071,23540958829.801064,17338062,557807.34407,11808175072.936644
2022-07-11 00:00:00+00:00,20861.11,21684.54,18910.94,20798.16,1043685.76303,21225657682.257202,28620637,518342.14454,10546004665.118544
2022-07-18 00:00:00+00:00,20799.58,24276.74,20762.45,22579.68,1336219.23609,30419505018.44636,36404041,672735.92695,15314324288.040232
2022-07-25 00:00:00+00:00,22577.13,24668.0,20706.5,23293.32,1282264.24492,29215844069.13143,36815045,639746.88279,14583255496.025145
2022-08-01 00:00:00+00:00,23296.36,23647.68,22400.0,23174.39,951140.43388,21943150279.731613,32042944,472484.29234,10902339486.38157
2022-08-08 00:00:00+00:00,23174.39,25047.56,22664.69,24305.24,1251083.26468,30077619286.84657,43311786,625522.69768,15039436995.290619
2022-08-15 00:00:00+00:00,24305.25,25211.32,20761.9,21515.61,1402957.39876,32016009263.43493,46017032,698823.59671,15948153490.60181
2022-08-22 00:00:00+00:00,21516.7,21900.0,19520.0,19555.61,1343190.86,28273617081.520325,41486274,669270.1731499999,14089524497.015682
2022-08-29 00:00:00+00:00,19555.61,20576.25,19540.0,20000.3,1527594.84529,30597230623.489513,38080138,762324.89492,15270693969.604975
2022-09-05 00:00:00+00:00,20000.3,21860.0,18510.77,21826.87,2146685.76233,43460053550.45976,41587411,1074020.48582,21751877355.130413
2022-09-12 00:00:00+00:00,21826.87,22799.0,19320.01,19416.18,2218565.59694,45784151832.43754,41728131,1107144.73306,22859382949.06557
2022-09-19 00:00:00+00:00,19417.45,19956.0,18125.98,18807.38,2285541.48793,43488049829.07041,39408640,1141577.20385,21724013825.414856
2022-09-26 00:00:00+00:00,18809.13,20385.86,18471.28,19056.8,2777070.91238,53761170640.89073,39023576,1387219.15628,26857951663.908794
2022-10-03 00:00:00+00:00,19057.74,20475.0,18959.68,19439.02,1690215.44019,33498469288.870163,28764711,847579.42346,16800184632.096544
2022-10-10 00:00:00+00:00,19439.96,19951.87,18190.0,19262.98,1666942.47921,31973285240.12004,34431421,830990.1460899999,15940838410.74414
2022-10-17 00:00:00+00:00,19262.98,19706.66,18650.0,19570.4,1439566.24878,27726087449.710506,33194461,716529.4381,13802093103.379763
2022-10-24 00:00:00+00:00,19570.4,21085.0,19157.0,20627.48,2026392.42105,41163103270.30045,46965717,1011279.69462,20544581597.540604
2022-10-31 00:00:00+00:00,20627.48,21480.65,20031.24,20905.58,2205754.8304500002,45589276905.342834,47012044,1100693.97044,22750577655.361526
2022-11-07 00:00:00+00:00,20905.58,21069.77,15588.0,16329.85,3234391.8739320002,58481935198.61975,69529948,1600577.5988409999,28942358620.932453
2022-11-14 00:00:00+00:00,16331.78,17190.0,15815.21,16280.23,1626234.48043,27077469872.70158,40879146,808233.04529,13458274078.678343
2022-11-21 00:00:00+00:00,16279.5,16812.63,15476.0,16428.78,1561058.479583,25506770070.360386,36585251,775318.46032,12669512752.45343
2022-11-28 00:00:00+00:00,16428.77,17324.0,15995.27,17105.7,1572173.55626,26360161543.308464,33957294,782395.46704,13118194969.46495
2022-12-05 00:00:00+00:00,17106.65,17424.25,16678.83,17085.05,1443791.97519,24639487914.9087,28935324,715127.1785800001,12204776366.352077
2022-12-12 00:00:00+00:00,17085.05,18387.95,16527.32,16738.21,1511897.62621,26143428661.14803,34216989,750915.1707,12986868567.494251
2022-12-19 00:00:00+00:00,16739.0,17061.27,16256.3,16832.11,1148035.81471,19261867584.5081,30890062,569762.83271,9559861835.221373
2022-12-26 00:00:00+00:00,16832.11,16972.83,16333.0,16616.75,1028681.78419,17128649384.378353,29855688,512673.90334,8536394019.895053
2023-01-02 00:00:00+00:00,16617.17,17176.99,16548.7,17127.83,1112349.61417,18710795015.112286,32938345,553373.3718,9308405394.44382
2023-01-09 00:00:00+00:00,17127.83,21258.0,17104.66,20871.5,2145455.73458,40310160794.01672,48190928,1067943.16719,20072164599.678413
2023-01-16 00:00:00+00:00,20872.99,23371.8,20407.15,22707.88,2108890.06922,45622643727.577324,48516459,1049279.10042,22702857708.43609
2023-01-23 00:00:00+00:00,22706.02,23960.54,22300.0,23742.3,1946352.796,44778423206.51019,48187520,968996.15562,22295929039.032776
2023-01-30 00:00:00+00:00,23743.37,24255.0,22500.0,22932.91,1949971.72168,45526556536.272514,50318314,971938.93282,22694080189.364674
2023-02-06 00:00:00+00:00,22932.91,23452.0,21451.0,21783.54,1976378.51282,44353818613.73314,48694515,981453.1634900001,22028536552.65247
2023-02-13 00:00:00+00:00,21782.37,25250.0,21351.07,24271.76,2497565.4750800002,58739519125.7017,58393471,1250658.3481,29415420384.67633
2023-02-20 00:00:00+00:00,24272.51,25250.0,22722.0,23554.85,2237983.72753,53750017281.893585,73475940,1113473.63323,26747071749.795383
2023-02-27 00:00:00+00:00,23554.85,24000.0,21971.13,22430.24,1698503.29143,39224677036.713524,55369117,844309.81084,19500097493.715897
2023-03-06 00:00:00+00:00,22430.24,22602.19,19549.09,21997.11,2718623.72856,57109899451.564095,64620831,1355463.8836,28476826765.340233
2023-03-13 00:00:00+00:00,21998.05,28390.1,21813.88,27972.87,3775888.94983,95305973200.80875,85715723,1901884.34275,48013500988.60253
2023-03-20 00:00:00+00:00,27972.87,28868.05,26601.8,27968.05,1437828.84706,40105785082.65465,32723292,717790.29856,20023774476.447845
2023-03-27 00:00:00+00:00,27968.05,29184.68,26508.14,28171.87,500795.73087,13977682781.951063,9943708,249671.68717,6970335432.827182
2023-04-03 00:00:00+00:00,28171.87,28775.0,27200.24,28323.76,306532.39014,8605878331.589554,7007729,154082.38621,4326447000.709288
2023-04-10 00:00:00+00:00,28323.76,31000.0,28170.0,30304.65,377573.74044,11332769446.671257,7871684,192813.26024,5785142074.341894
2023-04-17 00:00:00+00:00,30304.66,30485.0,27125.0,27590.6,430421.84646000003,12389863959.154465,8610002,212327.63234,6111056800.317411
2023-04-24 00:00:00+00:00,27590.59,30036.0,26942.82,29233.21,444613.47701000003,12771602994.747986,9248254,222195.37101,6383410202.342695
2023-05-01 00:00:00+00:00,29233.2,29820.0,27666.95,28430.1,360117.97447,10354875658.978004,8366414,175604.66457,5049605220.433479
2023-05-08 00:00:00+00:00,28430.09,28631.01,25811.46,26917.62,338765.74243,9246865802.238815,7982133,164889.34252,4500215085.537124
2023-05-15 00:00:00+00:00,26917.61,27663.59,26361.2,26747.78,230394.72253,6232670750.250422,5632311,110813.79288,2998025071.43861
2023-05-22 00:00:00+00:00,26747.78,28261.32,25871.89,28065.0,251061.07389,6732832133.081762,5214712,123084.11518,3302073852.5986557
2023-05-29 00:00:00+00:00,28065.01,28447.14,26505.0,27115.21,233113.44204,6370610147.837866,5056219,111371.92604,3043127657.698844
2023-06-05 00:00:00+00:00,27115.2,27391.77,25351.02,25925.55,347786.76863,9123681850.269142,8221418,166958.56811,4379372085.934589
2023-06-12 00:00:00+00:00,25925.54,26839.99,24800.0,26339.97,265685.74051,6864197309.52217,5914978,127368.63821,3291192704.581333
2023-06-19 00:00:00+00:00,26339.98,31431.94,26256.61,30462.66,408189.22942,11977753742.271599,7845510,201810.53363,5920715286.600751
2023-06-26 00:00:00+00:00,30462.67,31282.0,29500.0,30617.03,294881.44198,8977334209.174368,6151928,143492.21956,4369370545.200928
2023-07-03 00:00:00+00:00,30617.02,31500.0,29701.02,30160.71,244056.69118999998,7465890814.40582,5652625,112449.1872,3440595994.1719875
2023-07-10 00:00:00+00:00,30160.71,31804.2,29900.0,30231.99,269249.39031,8259233660.698027,5930859,129847.29041,3985149496.3481226
2023-07-17 00:00:00+00:00,30232.0,30417.46,29512.0,30083.75,180919.27148,5421859687.909929,4437412,85626.98388,2566235058.461792
2023-07-24 00:00:00+00:00,30083.75,30099.58,28861.9,29281.09,168154.81375,4928069284.783114,4074123,79263.73273,2323001025.8781266
2023-07-31 00:00:00+00:00,29281.09,30047.5,28585.7,29088.42,190359.38216,5563549381.822339,4275812,91218.25314,2666280620.182593
2023-08-07 00:00:00+00:00,29088.43,30244.0,28701.03,29303.84,178844.98681,5273077531.6069975,3902955,88713.03921,2616189761.0961256
2023-08-14 00:00:00+00:00,29303.85,29695.32,25166.0,26189.99,307223.55373,8459713612.093009,6367788,146429.27624,4025354116.2553124
2023-08-21 00:00:00+00:00,26190.0,26819.27,25300.0,26101.77,188618.43325,4923481690.987551,3708881,90543.65354999999,2363656884.5774007
2023-08-28 00:00:00+00:00,26101.78,28142.85,25333.75,25971.21,258183.08813,6876152878.867962,5240441,126350.71673,3366349769.021606
2023-09-04 00:00:00+00:00,25971.21,26445.5,25372.51,25841.61,156769.66561,4053984258.0012913,3927460,74545.77784,1927913825.206428
2023-09-11 00:00:00+00:00,25841.6,26888.0,24901.0,26527.51,221247.03537,5773266974.892976,5082637,107582.07504,2807580833.5351095
2023-09-18 00:00:00+00:00,26527.5,27483.57,26122.08,26248.38,191220.58923,5139867700.209755,5061396,93683.44202,2518579865.7763057
2023-09-25 00:00:00+00:00,26248.39,28065.51,25990.46,27992.57,189937.16919,5073578850.209523,5966990,94191.87619000001,2517464201.516149
2023-10-02 00:00:00+00:00,27992.58,28580.0,27160.5,27917.05,217523.39638,6040607903.040582,7856366,106749.01483,2964956622.0808086
2023-10-09 00:00:00+00:00,27917.06,27987.93,26538.66,27154.15,164897.39085,4470534793.716654,6797459,77908.78854,2112270123.824975
2023-10-16 00:00:00+00:00,27154.14,30379.99,27112.66,29992.46,294677.81127,8499515365.787606,10256824,148213.84372,4274100184.3030453
2023-10-23 00:00:00+00:00,29992.46,35280.0,29883.6,34525.89,373306.40874,12510582555.688179,11154017,182605.0779,6116044966.206548
2023-10-30 00:00:00+00:00,34525.88,35984.99,34025.0,35011.88,249862.2126,8674977274.689405,8442880,120432.07432,4182206703.0487957
2023-11-06 00:00:00+00:00,35011.89,37972.24,34523.06,37064.13,261060.64807,9471933747.1349,8644289,130118.87003,4721708273.219145
2023-11-13 00:00:00+00:00,37064.13,37980.0,34800.0,37359.86,255993.59565,9352112203.070751,8705712,124083.98755,4534111152.296864
2023-11-20 00:00:00+00:00,37359.85,38414.0,35632.01,37447.43,229889.97507,8562639983.079348,8859485,111803.31018999999,4163761382.5317073
2023-11-27 00:00:00+00:00,37447.42,40250.0,36707.0,39972.26,222103.26117,8487028647.022034,8359571,108608.84236,4152334379.3899813
2023-12-04 00:00:00+00:00,39972.26,44700.0,39972.26,43789.51,332080.41362,14282421615.678154,10605247,162398.3216,6984417181.051079
2023-12-11 00:00:00+00:00,43789.5,43804.5,40222.0,41374.65,292562.41578,12297278343.994045,10669896,142589.42725,5993155021.234358
2023-12-18 00:00:00+00:00,41374.64,44398.26,40542.93,42991.5,245481.20612,10566656295.247066,10177570,120046.28497,5167026438.81492
2023-12-25 00:00:00+00:00,42991.5,43802.32,41300.0,42283.58,228462.70228,9750360049.0337,9000006,116113.24382,4955977192.162479
2024-01-01 00:00:00+00:00,42283.58,45879.63,40750.0,43929.02,310487.48622,13613329331.073414,11970886,155535.92694,6820924503.618145
2024-01-08 00:00:00+00:00,43929.01,48969.48,41500.0,41732.35,470798.80434,21356230439.61789,16613410,237687.20961,10793592831.97847
2024-01-15 00:00:00+00:00,41732.35,43578.01,40280.0,41580.33,238486.27274,10056011079.074232,9385019,119204.09259,5026914325.812235
2024-01-22 00:00:00+00:00,41580.32,42842.68,38555.0,42031.06,274603.16207,11116307617.734632,10566525,139192.01155,5631038539.21583
2024-01-29 00:00:00+00:00,42031.05,43882.36,41804.88,42582.88,203036.61925,8713194728.762842,8033833,103503.46102,4442167219.786773
2024-02-05 00:00:00+00:00,42582.88,48592.66,42258.1,48299.99,262240.48357,11935033613.560339,10735191,134125.49927,6105318036.422229
2024-02-12 00:00:00+00:00,48300.0,52816.62,47710.01,52137.67,310862.3017,15789798425.184841,11714072,157841.09355,8014365068.46465
2024-02-19 00:00:00+00:00,52137.68,52985.0,50521.0,51728.85,223366.16186,11519591601.715067,10293992,112947.95494,5825673386.875104
2024-02-26 00:00:00+00:00,51728.85,64000.0,50901.44,63113.97,417907.83383,24884787678.711815,16868924,215491.06876,12822016538.352474
2024-03-04 00:00:00+00:00,63113.97,69990.0,59005.0,68955.88,481870.181782,32048902066.64221,21358553,246496.826261,16399155491.04389
2024-03-11 00:00:00+00:00,68955.88,73777.0,64533.0,68393.48,477496.91752,33401114461.52805,20669990,238830.057395,16717330996.978779
2024-03-18 00:00:00+00:00,68393.47,68956.0,60775.0,67209.99,409762.74413999997,26650024155.36926,18123751,202926.44117,13208695000.16975
2024-03-25 00:00:00+00:00,67210.0,71769.54,66385.06,71280.01,235409.95755,16447219313.362339,12877311,118629.51433,8288128238.686173
2024-04-01 00:00:00+00:00,71280.0,71288.23,64493.07,69360.39,274227.11488,18477347510.28267,13071377,137376.98608,9256104893.79039
2024-04-08 00:00:00+00:00,69360.38,72797.99,60660.57,65661.84,348008.31904,23573044024.564465,15848257,169274.11224,11481850134.782661
2024-04-15 00:00:00+00:00,65661.85,66867.07,59600.01,64941.15,312265.13225,19770016571.144737,15339389,152952.96447,9687789608.434114
2024-04-22 00:00:00+00:00,64941.15,67232.35,62391.24,63118.62,183902.50753,11912668416.230448,9139362,90443.8961,5860998775.130268
2024-04-29 00:00:00+00:00,63118.62,64734.0,56552.82,64012.0,298372.0172,18009828104.661854,10777045,145587.9217,8793267875.504925
2024-05-06 00:00:00+00:00,64012.0,65500.0,60187.12,61483.99,179712.75232,11213593898.291069,8443601,88178.37799000001,5504860726.104956
2024-05-13 00:00:00+00:00,61484.0,67700.0,60749.21,66274.01,195247.04901000002,12599942771.404057,8173669,96881.08119,6253259842.204434
2024-05-20 00:00:00+00:00,66274.0,71979.0,66060.31,68507.67,220708.83749,15256004970.768105,9860774,110525.62718,7640848002.272699
2024-05-27 00:00:00+00:00,68507.67,70687.56,66670.0,67765.63,158352.25614,10805470652.432423,7801279,78329.25163,5345551546.763248
2024-06-03 00:00:00+00:00,67765.62,71997.02,67612.48,69648.14,165061.19141,11582063276.178587,7269746,81703.96894,5733397829.329655
2024-06-10 00:00:00+00:00,69648.15,70195.94,65078.0,66676.87,174066.07718,11762729785.610392,9048588,84978.33764,5744292629.346331
2024-06-17 00:00:00+00:00,66676.86,67298.81,63178.32,63210.01,155589.33133000002,10122248450.960325,8573684,76186.19875,4956904124.330648
2024-06-24 00:00:00+00:00,63210.01,63369.8,58402.0,62772.01,177837.60164,10895644844.968416,8998803,86936.64459,5326794885.09916
2024-07-01 00:00:00+00:00,62772.01,63861.76,53485.93,55857.81,251967.61048,14670868704.863085,13582481,119972.05334,6991926733.769529
2024-07-08 00:00:00+00:00,55857.81,61420.69,54260.16,60797.91,190723.74928,11007710725.574991,12556656,95407.63796,5508873029.515694
2024-07-15 00:00:00+00:00,60797.91,68366.66,60632.3,68165.34,205198.52302999998,13292211903.247013,13153545,102827.87077,6664473433.423294
2024-07-22 00:00:00+00:00,68165.35,69399.99,63456.7,68249.88,177889.46168,11859803772.719896,10470425,86526.9429,5771975679.116716
2024-07-29 00:00:00+00:00,68249.88,70079.99,57122.77,58161.0,216238.9234,13848492540.56757,13595613,102705.41721,6588549806.742093
2024-08-05 00:00:00+00:00,58161.0,62745.14,49000.0,58712.59,370726.80645,20664617446.70927,19950644,181882.33575,10152535858.748735
2024-08-12 00:00:00+00:00,58712.59,61800.0,56078.54,58427.35,179945.24534,10641038279.55444,12150950,86941.36256,5143168368.689979
2024-08-19 00:00:00+00:00,58427.35,65000.0,57787.3,64220.0,169792.31289,10379608164.001375,12611222,86149.4041,5269665798.936123
2024-08-26 00:00:00+00:00,64219.99,64481.0,57201.0,57301.86,176518.33308,10600417563.383625,17450976,82787.9108,4971313647.470314
2024-09-02 00:00:00+00:00,57301.77,59809.65,52550.0,54869.95,196506.89846,11053922343.01961,19724780,93473.54725,5259818934.882144
2024-09-09 00:00:00+00:00,54869.95,60625.0,54591.96,59132.0,175833.33846,10149277815.875196,20170673,86262.12384,4978556508.284872
2024-09-16 00:00:00+00:00,59132.0,64133.32,57493.3,63578.76,178097.29669,10891159206.155716,24067959,88501.87842,5413173373.906335
2024-09-23 00:00:00+00:00,63578.76,66498.0,62538.75,65602.01,132963.29721,8567141508.640133,21839889,67007.65879,4319040720.28446
2024-09-30 00:00:00+00:00,65602.01,65618.8,59828.11,62819.91,169447.68762,10514477581.542381,26681226,83207.71461,5164154684.835272
2024-10-07 00:00:00+00:00,62819.91,64478.19,58946.0,62870.02,136109.36376,8452537409.97433,23384266,65809.10872,4089114937.5857778
2024-10-14 00:00:00+00:00,62870.02,69400.0,62457.81,69031.99,185982.16665,12444288143.453651,27042033,94190.92271,6303066150.409025
2024-10-21 00:00:00+00:00,69032.0,69519.52,65260.0,68021.7,159069.27886,10705517767.950565,24438978,75903.01,5109759585.602887
2024-10-28 00:00:00+00:00,68021.69,73620.12,67478.73,68775.99,209232.69647,14758183887.5345,28485013,105358.41914,7435135100.9039345
2024-11-04 00:00:00+00:00,68775.99,81500.0,66835.0,80370.01,327445.15705000004,24423000720.33781,38565949,165375.671202,12338326517.71378
2024-11-11 00:00:00+00:00,80370.01,93265.64,80216.01,89855.99,417630.302334,36847212262.09091,59818191,212859.520892,18780186181.562363
2024-11-18 00:00:00+00:00,89855.98,99588.01,89376.9,97900.04,303784.771782,28960077328.12774,45298675,150616.133546,14355763875.332787
2024-11-25 00:00:00+00:00,97900.05,98871.8,90791.1,97185.18,237818.37314,22633035165.957863,41943380,116760.4928,11108455526.562864
2024-12-02 00:00:00+00:00,97185.17,104088.0,90500.0,101109.59,302152.735462,29754805118.297424,44131280,150358.70030599998,14816118724.644167
2024-12-09 00:00:00+00:00,101109.6,105250.0,94150.05,104463.99,230968.339905,22903414201.63891,48813901,113412.147595,11260331874.664442
2024-12-16 00:00:00+00:00,104463.99,108353.0,92232.54,95186.27,281544.242246,28327504722.7653,46077110,135227.001236,13612311893.82317
2024-12-23 00:00:00+00:00,95186.28,99963.7,92520.0,93738.2,140614.68725000002,13464079520.22844,28689751,68187.73766,6532146632.331852
2024-12-30 00:00:00+00:00,93738.19,98976.91,91530.45,98363.61,111914.7951,10674467144.692244,20090990,54741.190579999995,5221733647.327707
2025-01-06 00:00:00+00:00,98363.61,102724.38,91203.67,94545.06,172710.45967,16575552484.727848,28219131,81540.33266,7829633083.154885
2025-01-13 00:00:00+00:00,94545.07,106422.43,89256.69,101331.57,235685.9926,23454059104.495827,30086575,116090.52894,11566208131.060368
2025-01-20 00:00:00+00:00,101331.57,109588.0,99550.0,102620.0,254162.140922,26566887282.470535,38148997,126543.313772,13234062905.64836
2025-01-27 00:00:00+00:00,102620.01,106457.44,96150.0,97700.59,184203.26328,18709972488.166306,38100357,88012.43158,8950599275.521578
2025-02-03 00:00:00+00:00,97700.59,102500.01,91231.0,96462.75,221243.61368,21513829754.524292,35022283,104485.8425,10165593767.999535
2025-02-10 00:00:00+00:00,96462.75,98826.0,94088.23,96118.12,122007.40976000001,11802790168.78367,22885290,57235.1811,5537944042.058274
2025-02-17 00:00:00+00:00,96118.12,99475.0,93388.09,96258.0,127758.44873,12324237789.089397,19728994,60199.731,5809450371.234811
2025-02-24 00:00:00+00:00,96258.0,96500.0,78258.52,94270.0,373604.39736,32435219173.54048,52557578,179940.46147,15628230140.953865
2025-03-03 00:00:00+00:00,94269.99,94416.46,80000.0,80734.37,284471.65101000003,24921880717.486378,53091837,138994.28437,12185490816.003017
2025-03-10 00:00:00+00:00,80734.48,85309.71,76606.0,82574.53,211663.09876,17327628706.605408,32694122,103474.46812,8477788880.522417
2025-03-17 00:00:00+00:00,82574.52,87453.67,81134.66,86082.5,110906.17447999999,9329649014.833572,17599502,52578.3879,4424793117.098468
2025-03-24 00:00:00+00:00,86082.5,88765.43,81565.0,82389.99,137009.32282,11807444546.3243,17792198,62218.064679999996,5361829463.738712
2025-03-31 00:00:00+00:00,82390.0,88500.0,77153.83,78430.0,178247.49297,14830038673.832634,27265604,87270.1936,7272299859.491249
2025-04-07 00:00:00+00:00,78430.0,86100.0,74508.0,83760.0,300064.17057,24004290984.868206,37720376,149817.11093,12000791019.573448
2025-04-14 00:00:00+00:00,83760.0,86496.42,83111.64,85179.24,108454.4036,9186799558.88789,14759555,54688.70723,4634671184.210582
2025-04-21 00:00:00+00:00,85179.24,95758.04,85144.76,93749.3,170625.92468999999,15651324594.526102,18849760,84165.94144,7710147299.55046
2025-04-28 00:00:00+00:00,93749.29,97895.68,92800.01,94277.62,113820.08215,10854207285.681479,18139708,53813.62496,5132652992.468969
2025-05-05 00:00:00+00:00,94277.61,104984.57,93377.0,104118.0,145910.00118,14583509603.593487,22711496,74624.97506,7469262421.676357
2025-05-12 00:00:00+00:00,104118.0,106660.0,100718.37,106454.26,135512.85987000001,14045950516.802753,25165975,68218.36241,7074239941.497757
2025-05-19 00:00:00+00:00,106454.27,111980.0,102000.0,109004.19,197357.632795,21277599019.749615,32596995,97768.375185,10549331796.67408
2025-05-26 00:00:00+00:00,109004.2,110718.0,103068.55,105642.93,116099.819,12434225737.29786,21922278,54596.062470000004,5848102040.351316
2025-06-02 00:00:00+00:00,105642.93,106794.67,100372.26,105734.0,95301.97979,9961179243.803814,17113088,45727.23719,4781149554.615223
2025-06-09 00:00:00+00:00,105734.01,110530.17,102664.31,105594.01,110085.74896,11781363878.996988,20566821,52954.10428,5669479278.991207
2025-06-16 00:00:00+00:00,105594.02,108952.38,98200.0,100963.87,110755.93156,11499746029.50661,22161514,50653.45128,5262796031.268475
2025-06-23 00:00:00+00:00,100963.87,108528.5,99613.33,108356.93,91938.97808,9702411319.591393,17685328,43963.558919999996,4641455790.0327835
2025-06-30 00:00:00+00:00,108356.93,110529.18,105100.19,109203.84,72977.17629999999,7893875266.1296425,12742249,34991.46824,3788378378.655774
2025-07-07 00:00:00+00:00,109203.85,119488.0,107429.57,119086.64,104658.05244,11914188167.579575,16041013,51182.707352,5827916194.717601
2025-07-14 00:00:00+00:00,119086.65,123218.0,115736.92,117265.12,131579.689337,15627517466.260357,18213670,64330.129447,7642039901.0412855
2025-07-21 00:00:00+00:00,117265.11,120247.8,114723.16,119415.55,123158.43225,14485636079.234346,14638922,59408.5608,6992055462.008344
2025-07-28 00:00:00+00:00,119415.56,119800.0,111920.0,114208.8,105088.62240000001,12233372563.139738,15384196,51616.39846,6014869429.0287075
2025-08-04 00:00:00+00:00,114208.81,119311.11,112650.0,119294.01,78822.4007,9142519780.20393,14679773,39697.141090000005,4607577500.339214
2025-08-11 00:00:00+00:00,119294.27,124474.0,116803.99,117405.01,120321.123656,14413041662.98358,20075271,59783.212666,7163531897.761364
2025-08-18 00:00:00+00:00,117405.01,117543.75,110680.0,113493.59,117920.88503,13499083492.5519,19565205,55065.20054,6302970643.09195
2025-08-25 00:00:00+00:00,113493.59,113667.28,107350.1,108246.35,110910.33675,12251537569.93473,20336100,53639.46871,5924770022.919485
2025-09-01 00:00:00+00:00,108246.36,113384.62,107255.0,111137.34,90809.75324,10044358120.884186,14410797,43899.28064,4856346228.568135
2025-09-08 00:00:00+00:00,111137.35,116665.63,110621.78,115268.01,88456.94711000001,10064054610.670403,13179077,43140.5541,4908514050.307887
2025-09-15 00:00:00+00:00,115268.01,117900.0,114384.0,115232.29,70729.4403,8210381000.694035,13804006,33919.59908,3937192810.113682
2025-09-22 00:00:00+00:00,115232.29,115379.25,108620.07,112163.95,93970.57704,10475154079.657047,17803010,43750.91816,4876235443.5230875
2025-09-29 00:00:00+00:00,112163.96,125708.42,111560.65,123482.31,124480.098903,14788390462.577274,22004480,61683.627923,7331813971.883539
2025-10-06 00:00:00+00:00,123482.32,126199.63,102000.0,114958.8,211576.359223,24741882589.156666,41128142,101639.111263,11894836501.265934
2025-10-13 00:00:00+00:00,114958.81,115963.81,103528.23,108642.78,171795.75097,18898931289.853485,37417004,79224.5247,8717201386.45977
2025-10-20 00:00:00+00:00,108642.77,115466.8,106666.69,114559.4,137472.95078,15151380765.184183,26500294,66237.00961,7300305497.318874
