ema_fast,ema_slow,ema_mid,ema_long,buy_signal,sell_signal,total_trades,win_rate,avg_win,avg_loss,profit_factor,max_drawdown,final_equity,pnl_percent
60,63,50,150,31,34,12,58.33,88.073103,-12.136182,10.1599,2.681,1555.8308,55.5831
60,63,50,180,48,50,18,50.0,60.171008,-11.30499,5.3225,4.647,1439.7942,43.9794
60,63,50,200,64,58,23,43.48,57.842017,-10.540971,4.221,6.3131,1441.3875,44.1388
60,63,50,233,76,73,27,37.04,65.104207,-11.78506,3.2496,8.6861,1450.696,45.0696
60,63,50,250,80,82,28,35.71,68.209138,-11.680908,3.2441,8.3763,1471.835,47.1835
60,63,50,300,89,92,27,37.04,71.246364,-12.432057,3.3711,7.979,1501.1187,50.1119
60,63,70,150,31,33,11,63.64,88.073103,-11.84891,13.0078,2.681,1569.1161,56.9116
60,63,70,180,47,50,19,47.37,60.171008,-10.572415,5.1222,4.6597,1435.8149,43.5815
60,63,70,200,62,56,23,43.48,57.842017,-10.540971,4.221,6.3131,1441.3875,44.1388
60,63,70,233,76,72,27,37.04,65.104207,-11.7671,3.2545,8.6861,1451.0014,45.1001
60,63,70,250,78,79,28,35.71,65.104207,-11.678916,3.0969,8.5505,1440.8216,44.0822
60,63,70,300,87,91,27,37.04,68.095881,-12.191663,3.2856,8.1247,1473.7005,47.3701
60,63,89,150,27,25,9,66.67,90.111501,-16.541046,10.8955,3.0451,1491.0459,49.1046
60,63,89,180,46,47,17,58.82,55.824822,-13.690258,5.8253,4.0753,1462.4164,46.2416
60,63,89,200,62,57,22,45.45,57.606258,-11.116243,4.3185,6.3075,1442.6677,44.2668
60,63,89,233,76,74,27,37.04,65.104207,-11.78506,3.2496,8.6861,1450.696,45.0696
60,63,89,250,79,83,27,37.04,65.104207,-12.070568,3.1727,8.5236,1445.8424,44.5842
60,63,89,300,89,92,27,37.04,71.246364,-12.432057,3.3711,7.979,1501.1187,50.1119
60,63,100,150,25,17,7,57.14,134.928468,-16.541046,10.8763,3.0451,1490.0907,49.0091
60,63,100,180,47,46,16,56.25,61.842743,-12.879208,6.1737,3.6896,1466.4302,46.643
60,63,100,200,60,57,21,47.62,57.606258,-11.765062,4.4513,6.2903,1446.6469,44.6647
60,63,100,233,74,76,27,37.04,65.104207,-12.252346,3.1257,8.7328,1442.7522,44.2752
60,63,100,250,80,83,26,34.62,72.153171,-12.070568,3.1646,8.5333,1444.1789,44.4179
60,63,100,300,90,92,27,37.04,71.246364,-12.432057,3.3711,7.979,1501.1187,50.1119
60,63,120,150,10,8,3,33.33,285.120736,-10.155444,14.0378,1.3526,1264.8098,26.481
60,63,120,180,38,37,14,57.14,76.316679,-18.71494,5.4371,5.0227,1498.2438,49.8244
60,63,120,200,55,52,19,52.63,57.747277,-13.711179,4.6797,5.7584,1454.0722,45.4072
60,63,120,233,72,75,24,37.5,73.58575,-13.187784,3.3479,7.3161,1464.455,46.4455
60,63,120,250,80,82,25,36.0,73.58575,-12.760994,3.2436,7.7496,1458.0958,45.8096
60,63,120,300,90,92,26,38.46,69.430755,-13.392096,3.2403,7.6354,1480.034,48.0034
60,63,50,150,31,34,12,58.33,88.073103,-12.136182,10.1599,2.681,1555.8308,55.5831
60,63,50,180,48,50,18,50.0,60.171008,-11.30499,5.3225,4.647,1439.7942,43.9794
60,63,50,200,64,58,23,43.48,57.842017,-10.540971,4.221,6.3131,1441.3875,44.1388
60,63,50,233,76,73,27,37.04,65.104207,-11.78506,3.2496,8.6861,1450.696,45.0696
60,63,50,250,80,82,28,35.71,68.209138,-11.680908,3.2441,8.3763,1471.835,47.1835
60,63,50,300,89,92,27,37.04,71.246364,-12.432057,3.3711,7.979,1501.1187,50.1119
60,63,70,150,31,33,11,63.64,88.073103,-11.84891,13.0078,2.681,1569.1161,56.9116
60,63,70,180,47,50,19,47.37,60.171008,-10.572415,5.1222,4.6597,1435.8149,43.5815
60,63,70,200,62,56,23,43.48,57.842017,-10.540971,4.221,6.3131,1441.3875,44.1388
60,63,70,233,76,72,27,37.04,65.104207,-11.7671,3.2545,8.6861,1451.0014,45.1001
60,63,70,250,78,79,28,35.71,65.104207,-11.678916,3.0969,8.5505,1440.8216,44.0822
60,63,70,300,87,91,27,37.04,68.095881,-12.191663,3.2856,8.1247,1473.7005,47.3701
60,63,89,150,27,25,9,66.67,90.111501,-16.541046,10.8955,3.0451,1491.0459,49.1046
60,63,89,180,46,47,17,58.82,55.824822,-13.690258,5.8253,4.0753,1462.4164,46.2416
60,63,89,200,62,57,22,45.45,57.606258,-11.116243,4.3185,6.3075,1442.6677,44.2668
60,63,89,233,76,74,27,37.04,65.104207,-11.78506,3.2496,8.6861,1450.696,45.0696
60,63,89,250,79,83,27,37.04,65.104207,-12.070568,3.1727,8.5236,1445.8424,44.5842
60,63,89,300,89,92,27,37.04,71.246364,-12.432057,3.3711,7.979,1501.1187,50.1119
60,63,100,150,25,17,7,57.14,134.928468,-16.541046,10.8763,3.0451,1490.0907,49.0091
60,63,100,180,47,46,16,56.25,61.842743,-12.879208,6.1737,3.6896,1466.4302,46.643
60,63,100,200,60,57,21,47.62,57.606258,-11.765062,4.4513,6.2903,1446.6469,44.6647
60,63,100,233,74,76,27,37.04,65.104207,-12.252346,3.1257,8.7328,1442.7522,44.2752
60,63,100,250,80,83,26,34.62,72.153171,-12.070568,3.1646,8.5333,1444.1789,44.4179
60,63,100,300,90,92,27,37.04,71.246364,-12.432057,3.3711,7.979,1501.1187,50.1119
60,63,120,150,10,8,3,33.33,285.120736,-10.155444,14.0378,1.3526,1264.8098,26.481
60,63,120,180,38,37,14,57.14,76.316679,-18.71494,5.4371,5.0227,1498.2438,49.8244
60,63,120,200,55,52,19,52.63,57.747277,-13.711179,4.6797,5.7584,1454.0722,45.4072
60,63,120,233,72,75,24,37.5,73.58575,-13.187784,3.3479,7.3161,1464.455,46.4455
60,63,120,250,80,82,25,36.0,73.58575,-12.760994,3.2436,7.7496,1458.0958,45.8096
60,63,120,300,90,92,26,38.46,69.430755,-13.392096,3.2403,7.6354,1480.034,48.0034
59,64,50,150,31,34,12,58.33,88.073103,-12.136182,10.1599,2.681,1555.8308,55.5831
59,64,50,180,48,50,18,50.0,60.152184,-11.30499,5.3209,4.6467,1439.6248,43.9625
59,64,50,200,64,58,23,43.48,57.815255,-10.534463,4.2217,6.3127,1441.2045,44.1205
59,64,50,233,76,73,27,37.04,65.189523,-11.780084,3.2552,8.6791,1451.6338,45.1634
59,64,50,250,80,82,28,35.71,68.294453,-11.676208,3.2495,8.3696,1472.7728,47.2773
59,64,50,300,89,91,27,37.04,71.343272,-12.432057,3.3757,7.9725,1502.0878,50.2088
59,64,70,150,31,33,11,63.64,88.073103,-11.84891,13.0078,2.681,1569.1161,56.9116
59,64,70,180,47,50,19,47.37,60.152184,-10.572415,5.1206,4.6594,1435.6455,43.5646
59,64,70,200,62,56,23,43.48,57.815255,-10.534463,4.2217,6.3127,1441.2045,44.1205
59,64,70,233,76,72,27,37.04,65.189523,-11.762124,3.2602,8.6791,1451.9391,45.1939
59,64,70,250,78,79,28,35.71,65.189523,-11.674216,3.1023,8.5435,1441.7593,44.1759
59,64,70,300,87,90,27,37.04,68.190022,-12.191663,3.2901,8.1182,1474.642,47.4642
59,64,89,150,27,25,9,66.67,90.111501,-16.541046,10.8955,3.0451,1491.0459,49.1046
59,64,89,180,46,47,17,58.82,55.807881,-13.690258,5.8235,4.0751,1462.247,46.2247
59,64,89,200,62,57,22,45.45,57.589317,-11.116243,4.3172,6.3071,1442.4983,44.2498
59,64,89,233,76,74,27,37.04,65.189523,-11.780084,3.2552,8.6791,1451.6338,45.1634
59,64,89,250,79,83,27,37.04,65.189523,-12.065592,3.1782,8.5167,1446.7802,44.678
59,64,89,300,89,92,27,37.04,71.343272,-12.432057,3.3757,7.9725,1502.0878,50.2088
59,64,100,150,25,17,7,57.14,134.928468,-16.541046,10.8763,3.0451,1490.0907,49.0091
59,64,100,180,47,46,16,56.25,61.82392,-12.879208,6.1718,3.6894,1466.2608,46.6261
59,64,100,200,60,57,21,47.62,57.589317,-11.765062,4.4499,6.2899,1446.4775,44.6477
59,64,100,233,74,76,27,37.04,65.189523,-12.247369,3.131,8.7257,1443.6899,44.369
59,64,100,250,80,83,26,34.62,72.247966,-12.065592,3.1701,8.5263,1445.1166,44.5117
59,64,100,300,90,92,27,37.04,71.343272,-12.432057,3.3757,7.9725,1502.0878,50.2088
59,64,120,150,10,8,3,33.33,285.120736,-10.155444,14.0378,1.3526,1264.8098,26.481
59,64,120,180,38,37,14,57.14,76.316679,-18.71494,5.4371,5.0227,1498.2438,49.8244
59,64,120,200,55,52,19,52.63,57.729444,-13.711179,4.6782,5.758,1453.8938,45.3894
59,64,120,233,72,75,24,37.5,73.680545,-13.182144,3.3537,7.3101,1465.3927,46.5393
59,64,120,250,80,82,25,36.0,73.680545,-12.755706,3.2492,7.7433,1459.0336,45.9034
59,64,120,300,90,92,26,38.46,69.527662,-13.392096,3.2448,7.6291,1481.0031,48.1003
60,63,50,150,31,34,12,58.33,88.073103,-12.136182,10.1599,2.681,1555.8308,55.5831
60,63,50,180,48,50,18,50.0,60.171008,-11.30499,5.3225,4.647,1439.7942,43.9794
60,63,50,200,64,58,23,43.48,57.842017,-10.540971,4.221,6.3131,1441.3875,44.1388
60,63,50,233,76,73,27,37.04,65.104207,-11.78506,3.2496,8.6861,1450.696,45.0696
60,63,50,250,80,82,28,35.71,68.209138,-11.680908,3.2441,8.3763,1471.835,47.1835
60,63,50,300,89,92,27,37.04,71.246364,-12.432057,3.3711,7.979,1501.1187,50.1119
60,63,70,150,31,33,11,63.64,88.073103,-11.84891,13.0078,2.681,1569.1161,56.9116
60,63,70,180,47,50,19,47.37,60.171008,-10.572415,5.1222,4.6597,1435.8149,43.5815
60,63,70,200,62,56,23,43.48,57.842017,-10.540971,4.221,6.3131,1441.3875,44.1388
60,63,70,233,76,72,27,37.04,65.104207,-11.7671,3.2545,8.6861,1451.0014,45.1001
60,63,70,250,78,79,28,35.71,65.104207,-11.678916,3.0969,8.5505,1440.8216,44.0822
60,63,70,300,87,91,27,37.04,68.095881,-12.191663,3.2856,8.1247,1473.7005,47.3701
60,63,89,150,27,25,9,66.67,90.111501,-16.541046,10.8955,3.0451,1491.0459,49.1046
60,63,89,180,46,47,17,58.82,55.824822,-13.690258,5.8253,4.0753,1462.4164,46.2416
60,63,89,200,62,57,22,45.45,57.606258,-11.116243,4.3185,6.3075,1442.6677,44.2668
60,63,89,233,76,74,27,37.04,65.104207,-11.78506,3.2496,8.6861,1450.696,45.0696
60,63,89,250,79,83,27,37.04,65.104207,-12.070568,3.1727,8.5236,1445.8424,44.5842
60,63,89,300,89,92,27,37.04,71.246364,-12.432057,3.3711,7.979,1501.1187,50.1119
60,63,100,150,25,17,7,57.14,134.928468,-16.541046,10.8763,3.0451,1490.0907,49.0091
60,63,100,180,47,46,16,56.25,61.842743,-12.879208,6.1737,3.6896,1466.4302,46.643
60,63,100,200,60,57,21,47.62,57.606258,-11.765062,4.4513,6.2903,1446.6469,44.6647
60,63,100,233,74,76,27,37.04,65.104207,-12.252346,3.1257,8.7328,1442.7522,44.2752
60,63,100,250,80,83,26,34.62,72.153171,-12.070568,3.1646,8.5333,1444.1789,44.4179
60,63,100,300,90,92,27,37.04,71.246364,-12.432057,3.3711,7.979,1501.1187,50.1119
60,63,120,150,10,8,3,33.33,285.120736,-10.155444,14.0378,1.3526,1264.8098,26.481
60,63,120,180,38,37,14,57.14,76.316679,-18.71494,5.4371,5.0227,1498.2438,49.8244
60,63,120,200,55,52,19,52.63,57.747277,-13.711179,4.6797,5.7584,1454.0722,45.4072
60,63,120,233,72,75,24,37.5,73.58575,-13.187784,3.3479,7.3161,1464.455,46.4455
60,63,120,250,80,82,25,36.0,73.58575,-12.760994,3.2436,7.7496,1458.0958,45.8096
60,63,120,300,90,92,26,38.46,69.430755,-13.392096,3.2403,7.6354,1480.034,48.0034
59,64,50,150,31,34,12,58.33,88.073103,-12.136182,10.1599,2.681,1555.8308,55.5831
59,64,50,180,48,50,18,50.0,60.152184,-11.30499,5.3209,4.6467,1439.6248,43.9625
59,64,50,200,64,58,23,43.48,57.815255,-10.534463,4.2217,6.3127,1441.2045,44.1205
59,64,50,233,76,73,27,37.04,65.189523,-11.780084,3.2552,8.6791,1451.6338,45.1634
59,64,50,250,80,82,28,35.71,68.294453,-11.676208,3.2495,8.3696,1472.7728,47.2773
59,64,50,300,89,91,27,37.04,71.343272,-12.432057,3.3757,7.9725,1502.0878,50.2088
59,64,70,150,31,33,11,63.64,88.073103,-11.84891,13.0078,2.681,1569.1161,56.9116
59,64,70,180,47,50,19,47.37,60.152184,-10.572415,5.1206,4.6594,1435.6455,43.5646
59,64,70,200,62,56,23,43.48,57.815255,-10.534463,4.2217,6.3127,1441.2045,44.1205
59,64,70,233,76,72,27,37.04,65.189523,-11.762124,3.2602,8.6791,1451.9391,45.1939
59,64,70,250,78,79,28,35.71,65.189523,-11.674216,3.1023,8.5435,1441.7593,44.1759
59,64,70,300,87,90,27,37.04,68.190022,-12.191663,3.2901,8.1182,1474.642,47.4642
59,64,89,150,27,25,9,66.67,90.111501,-16.541046,10.8955,3.0451,1491.0459,49.1046
59,64,89,180,46,47,17,58.82,55.807881,-13.690258,5.8235,4.0751,1462.247,46.2247
59,64,89,200,62,57,22,45.45,57.589317,-11.116243,4.3172,6.3071,1442.4983,44.2498
59,64,89,233,76,74,27,37.04,65.189523,-11.780084,3.2552,8.6791,1451.6338,45.1634
59,64,89,250,79,83,27,37.04,65.189523,-12.065592,3.1782,8.5167,1446.7802,44.678
59,64,89,300,89,92,27,37.04,71.343272,-12.432057,3.3757,7.9725,1502.0878,50.2088
59,64,100,150,25,17,7,57.14,134.928468,-16.541046,10.8763,3.0451,1490.0907,49.0091
59,64,100,180,47,46,16,56.25,61.82392,-12.879208,6.1718,3.6894,1466.2608,46.6261
59,64,100,200,60,57,21,47.62,57.589317,-11.765062,4.4499,6.2899,1446.4775,44.6477
59,64,100,233,74,76,27,37.04,65.189523,-12.247369,3.131,8.7257,1443.6899,44.369
59,64,100,250,80,83,26,34.62,72.247966,-12.065592,3.1701,8.5263,1445.1166,44.5117
59,64,100,300,90,92,27,37.04,71.343272,-12.432057,3.3757,7.9725,1502.0878,50.2088
59,64,120,150,10,8,3,33.33,285.120736,-10.155444,14.0378,1.3526,1264.8098,26.481
59,64,120,180,38,37,14,57.14,76.316679,-18.71494,5.4371,5.0227,1498.2438,49.8244
59,64,120,200,55,52,19,52.63,57.729444,-13.711179,4.6782,5.758,1453.8938,45.3894
59,64,120,233,72,75,24,37.5,73.680545,-13.182144,3.3537,7.3101,1465.3927,46.5393
59,64,120,250,80,82,25,36.0,73.680545,-12.755706,3.2492,7.7433,1459.0336,45.9034
59,64,120,300,90,92,26,38.46,69.527662,-13.392096,3.2448,7.6291,1481.0031,48.1003
61,62,50,150,31,34,12,58.33,88.073103,-12.136182,10.1599,2.681,1555.8308,55.5831
61,62,50,180,48,50,18,50.0,60.171008,-11.30499,5.3225,4.647,1439.7942,43.9794
61,62,50,200,64,58,23,43.48,57.842017,-10.540971,4.221,6.3131,1441.3875,44.1388
61,62,50,233,76,74,27,37.04,65.104207,-11.78506,3.2496,8.6861,1450.696,45.0696
61,62,50,250,80,82,28,35.71,68.209138,-11.680908,3.2441,8.3763,1471.835,47.1835
61,62,50,300,89,92,27,37.04,71.246364,-12.432057,3.3711,7.979,1501.1187,50.1119
61,62,70,150,31,33,11,63.64,88.073103,-11.84891,13.0078,2.681,1569.1161,56.9116
61,62,70,180,47,50,19,47.37,60.171008,-10.572415,5.1222,4.6597,1435.8149,43.5815
61,62,70,200,62,56,23,43.48,57.842017,-10.540971,4.221,6.3131,1441.3875,44.1388
61,62,70,233,76,72,27,37.04,65.104207,-11.7671,3.2545,8.6861,1451.0014,45.1001
61,62,70,250,78,80,28,35.71,65.104207,-11.678916,3.0969,8.5505,1440.8216,44.0822
61,62,70,300,87,91,27,37.04,68.095881,-12.191663,3.2856,8.1247,1473.7005,47.3701
61,62,89,150,27,25,9,66.67,90.111501,-16.541046,10.8955,3.0451,1491.0459,49.1046
61,62,89,180,46,47,17,58.82,55.824822,-13.690258,5.8253,4.0753,1462.4164,46.2416
61,62,89,200,62,57,22,45.45,57.606258,-11.116243,4.3185,6.3075,1442.6677,44.2668
61,62,89,233,76,74,27,37.04,65.104207,-11.78506,3.2496,8.6861,1450.696,45.0696
61,62,89,250,79,84,27,37.04,65.104207,-12.070568,3.1727,8.5236,1445.8424,44.5842
61,62,89,300,89,92,27,37.04,71.246364,-12.432057,3.3711,7.979,1501.1187,50.1119
61,62,100,150,25,17,7,57.14,134.928468,-16.541046,10.8763,3.0451,1490.0907,49.0091
61,62,100,180,47,46,16,56.25,61.842743,-12.879208,6.1737,3.6896,1466.4302,46.643
61,62,100,200,60,57,21,47.62,57.606258,-11.765062,4.4513,6.2903,1446.6469,44.6647
61,62,100,233,74,76,27,37.04,65.104207,-12.252346,3.1257,8.7328,1442.7522,44.2752
61,62,100,250,80,83,26,34.62,72.153171,-12.070568,3.1646,8.5333,1444.1789,44.4179
61,62,100,300,90,92,27,37.04,71.246364,-12.432057,3.3711,7.979,1501.1187,50.1119
61,62,120,150,10,8,3,33.33,285.120736,-10.155444,14.0378,1.3526,1264.8098,26.481
61,62,120,180,38,37,14,57.14,76.316679,-18.71494,5.4371,5.0227,1498.2438,49.8244
61,62,120,200,55,52,19,52.63,57.747277,-13.711179,4.6797,5.7584,1454.0722,45.4072
61,62,120,233,72,75,24,37.5,73.58575,-13.187784,3.3479,7.3161,1464.455,46.4455
61,62,120,250,80,82,25,36.0,73.58575,-12.760994,3.2436,7.7496,1458.0958,45.8096
61,62,120,300,90,92,26,38.46,69.430755,-13.392096,3.2403,7.6354,1480.034,48.0034
60,63,50,150,31,34,12,58.33,88.073103,-12.136182,10.1599,2.681,1555.8308,55.5831
60,63,50,180,48,50,18,50.0,60.171008,-11.30499,5.3225,4.647,1439.7942,43.9794
60,63,50,200,64,58,23,43.48,57.842017,-10.540971,4.221,6.3131,1441.3875,44.1388
60,63,50,233,76,73,27,37.04,65.104207,-11.78506,3.2496,8.6861,1450.696,45.0696
60,63,50,250,80,82,28,35.71,68.209138,-11.680908,3.2441,8.3763,1471.835,47.1835
60,63,50,300,89,92,27,37.04,71.246364,-12.432057,3.3711,7.979,1501.1187,50.1119
60,63,70,150,31,33,11,63.64,88.073103,-11.84891,13.0078,2.681,1569.1161,56.9116
60,63,70,180,47,50,19,47.37,60.171008,-10.572415,5.1222,4.6597,1435.8149,43.5815
60,63,70,200,62,56,23,43.48,57.842017,-10.540971,4.221,6.3131,1441.3875,44.1388
60,63,70,233,76,72,27,37.04,65.104207,-11.7671,3.2545,8.6861,1451.0014,45.1001
60,63,70,250,78,79,28,35.71,65.104207,-11.678916,3.0969,8.5505,1440.8216,44.0822
60,63,70,300,87,91,27,37.04,68.095881,-12.191663,3.2856,8.1247,1473.7005,47.3701
60,63,89,150,27,25,9,66.67,90.111501,-16.541046,10.8955,3.0451,1491.0459,49.1046
60,63,89,180,46,47,17,58.82,55.824822,-13.690258,5.8253,4.0753,1462.4164,46.2416
60,63,89,200,62,57,22,45.45,57.606258,-11.116243,4.3185,6.3075,1442.6677,44.2668
60,63,89,233,76,74,27,37.04,65.104207,-11.78506,3.2496,8.6861,1450.696,45.0696
60,63,89,250,79,83,27,37.04,65.104207,-12.070568,3.1727,8.5236,1445.8424,44.5842
60,63,89,300,89,92,27,37.04,71.246364,-12.432057,3.3711,7.979,1501.1187,50.1119
60,63,100,150,25,17,7,57.14,134.928468,-16.541046,10.8763,3.0451,1490.0907,49.0091
60,63,100,180,47,46,16,56.25,61.842743,-12.879208,6.1737,3.6896,1466.4302,46.643
60,63,100,200,60,57,21,47.62,57.606258,-11.765062,4.4513,6.2903,1446.6469,44.6647
60,63,100,233,74,76,27,37.04,65.104207,-12.252346,3.1257,8.7328,1442.7522,44.2752
60,63,100,250,80,83,26,34.62,72.153171,-12.070568,3.1646,8.5333,1444.1789,44.4179
60,63,100,300,90,92,27,37.04,71.246364,-12.432057,3.3711,7.979,1501.1187,50.1119
60,63,120,150,10,8,3,33.33,285.120736,-10.155444,14.0378,1.3526,1264.8098,26.481
60,63,120,180,38,37,14,57.14,76.316679,-18.71494,5.4371,5.0227,1498.2438,49.8244
60,63,120,200,55,52,19,52.63,57.747277,-13.711179,4.6797,5.7584,1454.0722,45.4072
60,63,120,233,72,75,24,37.5,73.58575,-13.187784,3.3479,7.3161,1464.455,46.4455
60,63,120,250,80,82,25,36.0,73.58575,-12.760994,3.2436,7.7496,1458.0958,45.8096
60,63,120,300,90,92,26,38.46,69.430755,-13.392096,3.2403,7.6354,1480.034,48.0034
59,64,50,150,31,34,12,58.33,88.073103,-12.136182,10.1599,2.681,1555.8308,55.5831
59,64,50,180,48,50,18,50.0,60.152184,-11.30499,5.3209,4.6467,1439.6248,43.9625
59,64,50,200,64,58,23,43.48,57.815255,-10.534463,4.2217,6.3127,1441.2045,44.1205
59,64,50,233,76,73,27,37.04,65.189523,-11.780084,3.2552,8.6791,1451.6338,45.1634
59,64,50,250,80,82,28,35.71,68.294453,-11.676208,3.2495,8.3696,1472.7728,47.2773
59,64,50,300,89,91,27,37.04,71.343272,-12.432057,3.3757,7.9725,1502.0878,50.2088
59,64,70,150,31,33,11,63.64,88.073103,-11.84891,13.0078,2.681,1569.1161,56.9116
59,64,70,180,47,50,19,47.37,60.152184,-10.572415,5.1206,4.6594,1435.6455,43.5646
59,64,70,200,62,56,23,43.48,57.815255,-10.534463,4.2217,6.3127,1441.2045,44.1205
59,64,70,233,76,72,27,37.04,65.189523,-11.762124,3.2602,8.6791,1451.9391,45.1939
59,64,70,250,78,79,28,35.71,65.189523,-11.674216,3.1023,8.5435,1441.7593,44.1759
59,64,70,300,87,90,27,37.04,68.190022,-12.191663,3.2901,8.1182,1474.642,47.4642
59,64,89,150,27,25,9,66.67,90.111501,-16.541046,10.8955,3.0451,1491.0459,49.1046
59,64,89,180,46,47,17,58.82,55.807881,-13.690258,5.8235,4.0751,1462.247,46.2247
59,64,89,200,62,57,22,45.45,57.589317,-11.116243,4.3172,6.3071,1442.4983,44.2498
59,64,89,233,76,74,27,37.04,65.189523,-11.780084,3.2552,8.6791,1451.6338,45.1634
59,64,89,250,79,83,27,37.04,65.189523,-12.065592,3.1782,8.5167,1446.7802,44.678
59,64,89,300,89,92,27,37.04,71.343272,-12.432057,3.3757,7.9725,1502.0878,50.2088
59,64,100,150,25,17,7,57.14,134.928468,-16.541046,10.8763,3.0451,1490.0907,49.0091
59,64,100,180,47,46,16,56.25,61.82392,-12.879208,6.1718,3.6894,1466.2608,46.6261
59,64,100,200,60,57,21,47.62,57.589317,-11.765062,4.4499,6.2899,1446.4775,44.6477
59,64,100,233,74,76,27,37.04,65.189523,-12.247369,3.131,8.7257,1443.6899,44.369
59,64,100,250,80,83,26,34.62,72.247966,-12.065592,3.1701,8.5263,1445.1166,44.5117
59,64,100,300,90,92,27,37.04,71.343272,-12.432057,3.3757,7.9725,1502.0878,50.2088
59,64,120,150,10,8,3,33.33,285.120736,-10.155444,14.0378,1.3526,1264.8098,26.481
59,64,120,180,38,37,14,57.14,76.316679,-18.71494,5.4371,5.0227,1498.2438,49.8244
59,64,120,200,55,52,19,52.63,57.729444,-13.711179,4.6782,5.758,1453.8938,45.3894
59,64,120,233,72,75,24,37.5,73.680545,-13.182144,3.3537,7.3101,1465.3927,46.5393
59,64,120,250,80,82,25,36.0,73.680545,-12.755706,3.2492,7.7433,1459.0336,45.9034
59,64,120,300,90,92,26,38.46,69.527662,-13.392096,3.2448,7.6291,1481.0031,48.1003
61,62,50,150,31,34,12,58.33,88.073103,-12.136182,10.1599,2.681,1555.8308,55.5831
61,62,50,180,48,50,18,50.0,60.171008,-11.30499,5.3225,4.647,1439.7942,43.9794
61,62,50,200,64,58,23,43.48,57.842017,-10.540971,4.221,6.3131,1441.3875,44.1388
61,62,50,233,76,74,27,37.04,65.104207,-11.78506,3.2496,8.6861,1450.696,45.0696
61,62,50,250,80,82,28,35.71,68.209138,-11.680908,3.2441,8.3763,1471.835,47.1835
61,62,50,300,89,92,27,37.04,71.246364,-12.432057,3.3711,7.979,1501.1187,50.1119
61,62,70,150,31,33,11,63.64,88.073103,-11.84891,13.0078,2.681,1569.1161,56.9116
61,62,70,180,47,50,19,47.37,60.171008,-10.572415,5.1222,4.6597,1435.8149,43.5815
61,62,70,200,62,56,23,43.48,57.842017,-10.540971,4.221,6.3131,1441.3875,44.1388
61,62,70,233,76,72,27,37.04,65.104207,-11.7671,3.2545,8.6861,1451.0014,45.1001
61,62,70,250,78,80,28,35.71,65.104207,-11.678916,3.0969,8.5505,1440.8216,44.0822
61,62,70,300,87,91,27,37.04,68.095881,-12.191663,3.2856,8.1247,1473.7005,47.3701
61,62,89,150,27,25,9,66.67,90.111501,-16.541046,10.8955,3.0451,1491.0459,49.1046
61,62,89,180,46,47,17,58.82,55.824822,-13.690258,5.8253,4.0753,1462.4164,46.2416
61,62,89,200,62,57,22,45.45,57.606258,-11.116243,4.3185,6.3075,1442.6677,44.2668
61,62,89,233,76,74,27,37.04,65.104207,-11.78506,3.2496,8.6861,1450.696,45.0696
61,62,89,250,79,84,27,37.04,65.104207,-12.070568,3.1727,8.5236,1445.8424,44.5842
61,62,89,300,89,92,27,37.04,71.246364,-12.432057,3.3711,7.979,1501.1187,50.1119
61,62,100,150,25,17,7,57.14,134.928468,-16.541046,10.8763,3.0451,1490.0907,49.0091
61,62,100,180,47,46,16,56.25,61.842743,-12.879208,6.1737,3.6896,1466.4302,46.643
61,62,100,200,60,57,21,47.62,57.606258,-11.765062,4.4513,6.2903,1446.6469,44.6647
61,62,100,233,74,76,27,37.04,65.104207,-12.252346,3.1257,8.7328,1442.7522,44.2752
61,62,100,250,80,83,26,34.62,72.153171,-12.070568,3.1646,8.5333,1444.1789,44.4179
61,62,100,300,90,92,27,37.04,71.246364,-12.432057,3.3711,7.979,1501.1187,50.1119
61,62,120,150,10,8,3,33.33,285.120736,-10.155444,14.0378,1.3526,1264.8098,26.481
61,62,120,180,38,37,14,57.14,76.316679,-18.71494,5.4371,5.0227,1498.2438,49.8244
61,62,120,200,55,52,19,52.63,57.747277,-13.711179,4.6797,5.7584,1454.0722,45.4072
61,62,120,233,72,75,24,37.5,73.58575,-13.187784,3.3479,7.3161,1464.455,46.4455
61,62,120,250,80,82,25,36.0,73.58575,-12.760994,3.2436,7.7496,1458.0958,45.8096
61,62,120,300,90,92,26,38.46,69.430755,-13.392096,3.2403,7.6354,1480.034,48.0034
58,65,50,150,30,34,12,58.33,88.073103,-12.136182,10.1599,2.681,1555.8308,55.5831
58,65,50,180,47,50,18,50.0,60.152184,-11.30499,5.3209,4.6467,1439.6248,43.9625
58,65,50,200,64,58,23,43.48,57.815255,-10.534463,4.2217,6.3127,1441.2045,44.1205
58,65,50,233,76,73,27,37.04,65.189523,-11.780084,3.2552,8.6791,1451.6338,45.1634
58,65,50,250,80,82,28,35.71,68.294453,-11.676208,3.2495,8.3696,1472.7728,47.2773
58,65,50,300,89,91,27,37.04,71.343272,-12.432057,3.3757,7.9725,1502.0878,50.2088
58,65,70,150,30,33,11,63.64,88.073103,-11.84891,13.0078,2.681,1569.1161,56.9116
58,65,70,180,47,50,19,47.37,60.152184,-10.572415,5.1206,4.6594,1435.6455,43.5646
58,65,70,200,62,56,23,43.48,57.815255,-10.534463,4.2217,6.3127,1441.2045,44.1205
58,65,70,233,76,72,27,37.04,65.189523,-11.762124,3.2602,8.6791,1451.9391,45.1939
58,65,70,250,78,79,28,35.71,65.189523,-11.674216,3.1023,8.5435,1441.7593,44.1759
58,65,70,300,87,90,27,37.04,68.190022,-12.191663,3.2901,8.1182,1474.642,47.4642
58,65,89,150,27,25,9,66.67,90.111501,-16.541046,10.8955,3.0451,1491.0459,49.1046
58,65,89,180,46,47,17,58.82,55.807881,-13.690258,5.8235,4.0751,1462.247,46.2247
58,65,89,200,62,57,22,45.45,57.589317,-11.116243,4.3172,6.3071,1442.4983,44.2498
58,65,89,233,76,74,27,37.04,65.189523,-11.780084,3.2552,8.6791,1451.6338,45.1634
58,65,89,250,79,83,27,37.04,65.189523,-12.065592,3.1782,8.5167,1446.7802,44.678
58,65,89,300,89,92,27,37.04,71.343272,-12.432057,3.3757,7.9725,1502.0878,50.2088
58,65,100,150,25,17,7,57.14,134.928468,-16.541046,10.8763,3.0451,1490.0907,49.0091
58,65,100,180,47,46,16,56.25,61.82392,-12.879208,6.1718,3.6894,1466.2608,46.6261
58,65,100,200,59,57,21,47.62,57.589317,-11.765062,4.4499,6.2899,1446.4775,44.6477
58,65,100,233,74,76,27,37.04,65.189523,-12.247369,3.131,8.7257,1443.6899,44.369
58,65,100,250,80,83,26,34.62,72.247966,-12.065592,3.1701,8.5263,1445.1166,44.5117
58,65,100,300,90,92,27,37.04,71.343272,-12.432057,3.3757,7.9725,1502.0878,50.2088
58,65,120,150,10,8,3,33.33,285.120736,-10.155444,14.0378,1.3526,1264.8098,26.481
58,65,120,180,38,37,14,57.14,76.316679,-18.71494,5.4371,5.0227,1498.2438,49.8244
58,65,120,200,55,52,19,52.63,57.729444,-13.711179,4.6782,5.758,1453.8938,45.3894
58,65,120,233,72,75,24,37.5,73.680545,-13.182144,3.3537,7.3101,1465.3927,46.5393
58,65,120,250,80,82,25,36.0,73.680545,-12.755706,3.2492,7.7433,1459.0336,45.9034
58,65,120,300,90,92,26,38.46,69.527662,-13.392096,3.2448,7.6291,1481.0031,48.1003
60,63,50,150,31,34,12,58.33,88.073103,-12.136182,10.1599,2.681,1555.8308,55.5831
60,63,50,180,48,50,18,50.0,60.171008,-11.30499,5.3225,4.647,1439.7942,43.9794
60,63,50,200,64,58,23,43.48,57.842017,-10.540971,4.221,6.3131,1441.3875,44.1388
60,63,50,233,76,73,27,37.04,65.104207,-11.78506,3.2496,8.6861,1450.696,45.0696
60,63,50,250,80,82,28,35.71,68.209138,-11.680908,3.2441,8.3763,1471.835,47.1835
60,63,50,300,89,92,27,37.04,71.246364,-12.432057,3.3711,7.979,1501.1187,50.1119
60,63,70,150,31,33,11,63.64,88.073103,-11.84891,13.0078,2.681,1569.1161,56.9116
60,63,70,180,47,50,19,47.37,60.171008,-10.572415,5.1222,4.6597,1435.8149,43.5815
60,63,70,200,62,56,23,43.48,57.842017,-10.540971,4.221,6.3131,1441.3875,44.1388
60,63,70,233,76,72,27,37.04,65.104207,-11.7671,3.2545,8.6861,1451.0014,45.1001
60,63,70,250,78,79,28,35.71,65.104207,-11.678916,3.0969,8.5505,1440.8216,44.0822
60,63,70,300,87,91,27,37.04,68.095881,-12.191663,3.2856,8.1247,1473.7005,47.3701
60,63,89,150,27,25,9,66.67,90.111501,-16.541046,10.8955,3.0451,1491.0459,49.1046
60,63,89,180,46,47,17,58.82,55.824822,-13.690258,5.8253,4.0753,1462.4164,46.2416
60,63,89,200,62,57,22,45.45,57.606258,-11.116243,4.3185,6.3075,1442.6677,44.2668
60,63,89,233,76,74,27,37.04,65.104207,-11.78506,3.2496,8.6861,1450.696,45.0696
60,63,89,250,79,83,27,37.04,65.104207,-12.070568,3.1727,8.5236,1445.8424,44.5842
60,63,89,300,89,92,27,37.04,71.246364,-12.432057,3.3711,7.979,1501.1187,50.1119
60,63,100,150,25,17,7,57.14,134.928468,-16.541046,10.8763,3.0451,1490.0907,49.0091
60,63,100,180,47,46,16,56.25,61.842743,-12.879208,6.1737,3.6896,1466.4302,46.643
60,63,100,200,60,57,21,47.62,57.606258,-11.765062,4.4513,6.2903,1446.6469,44.6647
60,63,100,233,74,76,27,37.04,65.104207,-12.252346,3.1257,8.7328,1442.7522,44.2752
60,63,100,250,80,83,26,34.62,72.153171,-12.070568,3.1646,8.5333,1444.1789,44.4179
60,63,100,300,90,92,27,37.04,71.246364,-12.432057,3.3711,7.979,1501.1187,50.1119
60,63,120,150,10,8,3,33.33,285.120736,-10.155444,14.0378,1.3526,1264.8098,26.481
60,63,120,180,38,37,14,57.14,76.316679,-18.71494,5.4371,5.0227,1498.2438,49.8244
60,63,120,200,55,52,19,52.63,57.747277,-13.711179,4.6797,5.7584,1454.0722,45.4072
60,63,120,233,72,75,24,37.5,73.58575,-13.187784,3.3479,7.3161,1464.455,46.4455
60,63,120,250,80,82,25,36.0,73.58575,-12.760994,3.2436,7.7496,1458.0958,45.8096
60,63,120,300,90,92,26,38.46,69.430755,-13.392096,3.2403,7.6354,1480.034,48.0034
59,64,50,150,31,34,12,58.33,88.073103,-12.136182,10.1599,2.681,1555.8308,55.5831
59,64,50,180,48,50,18,50.0,60.152184,-11.30499,5.3209,4.6467,1439.6248,43.9625
59,64,50,200,64,58,23,43.48,57.815255,-10.534463,4.2217,6.3127,1441.2045,44.1205
59,64,50,233,76,73,27,37.04,65.189523,-11.780084,3.2552,8.6791,1451.6338,45.1634
59,64,50,250,80,82,28,35.71,68.294453,-11.676208,3.2495,8.3696,1472.7728,47.2773
59,64,50,300,89,91,27,37.04,71.343272,-12.432057,3.3757,7.9725,1502.0878,50.2088
59,64,70,150,31,33,11,63.64,88.073103,-11.84891,13.0078,2.681,1569.1161,56.9116
59,64,70,180,47,50,19,47.37,60.152184,-10.572415,5.1206,4.6594,1435.6455,43.5646
59,64,70,200,62,56,23,43.48,57.815255,-10.534463,4.2217,6.3127,1441.2045,44.1205
59,64,70,233,76,72,27,37.04,65.189523,-11.762124,3.2602,8.6791,1451.9391,45.1939
59,64,70,250,78,79,28,35.71,65.189523,-11.674216,3.1023,8.5435,1441.7593,44.1759
59,64,70,300,87,90,27,37.04,68.190022,-12.191663,3.2901,8.1182,1474.642,47.4642
59,64,89,150,27,25,9,66.67,90.111501,-16.541046,10.8955,3.0451,1491.0459,49.1046
59,64,89,180,46,47,17,58.82,55.807881,-13.690258,5.8235,4.0751,1462.247,46.2247
59,64,89,200,62,57,22,45.45,57.589317,-11.116243,4.3172,6.3071,1442.4983,44.2498
59,64,89,233,76,74,27,37.04,65.189523,-11.780084,3.2552,8.6791,1451.6338,45.1634
59,64,89,250,79,83,27,37.04,65.189523,-12.065592,3.1782,8.5167,1446.7802,44.678
59,64,89,300,89,92,27,37.04,71.343272,-12.432057,3.3757,7.9725,1502.0878,50.2088
59,64,100,150,25,17,7,57.14,134.928468,-16.541046,10.8763,3.0451,1490.0907,49.0091
59,64,100,180,47,46,16,56.25,61.82392,-12.879208,6.1718,3.6894,1466.2608,46.6261
59,64,100,200,60,57,21,47.62,57.589317,-11.765062,4.4499,6.2899,1446.4775,44.6477
59,64,100,233,74,76,27,37.04,65.189523,-12.247369,3.131,8.7257,1443.6899,44.369
59,64,100,250,80,83,26,34.62,72.247966,-12.065592,3.1701,8.5263,1445.1166,44.5117
59,64,100,300,90,92,27,37.04,71.343272,-12.432057,3.3757,7.9725,1502.0878,50.2088
59,64,120,150,10,8,3,33.33,285.120736,-10.155444,14.0378,1.3526,1264.8098,26.481
59,64,120,180,38,37,14,57.14,76.316679,-18.71494,5.4371,5.0227,1498.2438,49.8244
59,64,120,200,55,52,19,52.63,57.729444,-13.711179,4.6782,5.758,1453.8938,45.3894
59,64,120,233,72,75,24,37.5,73.680545,-13.182144,3.3537,7.3101,1465.3927,46.5393
59,64,120,250,80,82,25,36.0,73.680545,-12.755706,3.2492,7.7433,1459.0336,45.9034
59,64,120,300,90,92,26,38.46,69.527662,-13.392096,3.2448,7.6291,1481.0031,48.1003
61,62,50,150,31,34,12,58.33,88.073103,-12.136182,10.1599,2.681,1555.8308,55.5831
61,62,50,180,48,50,18,50.0,60.171008,-11.30499,5.3225,4.647,1439.7942,43.9794
61,62,50,200,64,58,23,43.48,57.842017,-10.540971,4.221,6.3131,1441.3875,44.1388
61,62,50,233,76,74,27,37.04,65.104207,-11.78506,3.2496,8.6861,1450.696,45.0696
61,62,50,250,80,82,28,35.71,68.209138,-11.680908,3.2441,8.3763,1471.835,47.1835
61,62,50,300,89,92,27,37.04,71.246364,-12.432057,3.3711,7.979,1501.1187,50.1119
61,62,70,150,31,33,11,63.64,88.073103,-11.84891,13.0078,2.681,1569.1161,56.9116
61,62,70,180,47,50,19,47.37,60.171008,-10.572415,5.1222,4.6597,1435.8149,43.5815
61,62,70,200,62,56,23,43.48,57.842017,-10.540971,4.221,6.3131,1441.3875,44.1388
61,62,70,233,76,72,27,37.04,65.104207,-11.7671,3.2545,8.6861,1451.0014,45.1001
61,62,70,250,78,80,28,35.71,65.104207,-11.678916,3.0969,8.5505,1440.8216,44.0822
61,62,70,300,87,91,27,37.04,68.095881,-12.191663,3.2856,8.1247,1473.7005,47.3701
61,62,89,150,27,25,9,66.67,90.111501,-16.541046,10.8955,3.0451,1491.0459,49.1046
61,62,89,180,46,47,17,58.82,55.824822,-13.690258,5.8253,4.0753,1462.4164,46.2416
61,62,89,200,62,57,22,45.45,57.606258,-11.116243,4.3185,6.3075,1442.6677,44.2668
61,62,89,233,76,74,27,37.04,65.104207,-11.78506,3.2496,8.6861,1450.696,45.0696
61,62,89,250,79,84,27,37.04,65.104207,-12.070568,3.1727,8.5236,1445.8424,44.5842
61,62,89,300,89,92,27,37.04,71.246364,-12.432057,3.3711,7.979,1501.1187,50.1119
61,62,100,150,25,17,7,57.14,134.928468,-16.541046,10.8763,3.0451,1490.0907,49.0091
61,62,100,180,47,46,16,56.25,61.842743,-12.879208,6.1737,3.6896,1466.4302,46.643
61,62,100,200,60,57,21,47.62,57.606258,-11.765062,4.4513,6.2903,1446.6469,44.6647
61,62,100,233,74,76,27,37.04,65.104207,-12.252346,3.1257,8.7328,1442.7522,44.2752
61,62,100,250,80,83,26,34.62,72.153171,-12.070568,3.1646,8.5333,1444.1789,44.4179
61,62,100,300,90,92,27,37.04,71.246364,-12.432057,3.3711,7.979,1501.1187,50.1119
61,62,120,150,10,8,3,33.33,285.120736,-10.155444,14.0378,1.3526,1264.8098,26.481
61,62,120,180,38,37,14,57.14,76.316679,-18.71494,5.4371,5.0227,1498.2438,49.8244
61,62,120,200,55,52,19,52.63,57.747277,-13.711179,4.6797,5.7584,1454.0722,45.4072
61,62,120,233,72,75,24,37.5,73.58575,-13.187784,3.3479,7.3161,1464.455,46.4455
61,62,120,250,80,82,25,36.0,73.58575,-12.760994,3.2436,7.7496,1458.0958,45.8096
61,62,120,300,90,92,26,38.46,69.430755,-13.392096,3.2403,7.6354,1480.034,48.0034
58,65,50,150,30,34,12,58.33,88.073103,-12.136182,10.1599,2.681,1555.8308,55.5831
58,65,50,180,47,50,18,50.0,60.152184,-11.30499,5.3209,4.6467,1439.6248,43.9625
58,65,50,200,64,58,23,43.48,57.815255,-10.534463,4.2217,6.3127,1441.2045,44.1205
58,65,50,233,76,73,27,37.04,65.189523,-11.780084,3.2552,8.6791,1451.6338,45.1634
58,65,50,250,80,82,28,35.71,68.294453,-11.676208,3.2495,8.3696,1472.7728,47.2773
58,65,50,300,89,91,27,37.04,71.343272,-12.432057,3.3757,7.9725,1502.0878,50.2088
58,65,70,150,30,33,11,63.64,88.073103,-11.84891,13.0078,2.681,1569.1161,56.9116
58,65,70,180,47,50,19,47.37,60.152184,-10.572415,5.1206,4.6594,1435.6455,43.5646
58,65,70,200,62,56,23,43.48,57.815255,-10.534463,4.2217,6.3127,1441.2045,44.1205
58,65,70,233,76,72,27,37.04,65.189523,-11.762124,3.2602,8.6791,1451.9391,45.1939
58,65,70,250,78,79,28,35.71,65.189523,-11.674216,3.1023,8.5435,1441.7593,44.1759
58,65,70,300,87,90,27,37.04,68.190022,-12.191663,3.2901,8.1182,1474.642,47.4642
58,65,89,150,27,25,9,66.67,90.111501,-16.541046,10.8955,3.0451,1491.0459,49.1046
58,65,89,180,46,47,17,58.82,55.807881,-13.690258,5.8235,4.0751,1462.247,46.2247
58,65,89,200,62,57,22,45.45,57.589317,-11.116243,4.3172,6.3071,1442.4983,44.2498
58,65,89,233,76,74,27,37.04,65.189523,-11.780084,3.2552,8.6791,1451.6338,45.1634
58,65,89,250,79,83,27,37.04,65.189523,-12.065592,3.1782,8.5167,1446.7802,44.678
58,65,89,300,89,92,27,37.04,71.343272,-12.432057,3.3757,7.9725,1502.0878,50.2088
58,65,100,150,25,17,7,57.14,134.928468,-16.541046,10.8763,3.0451,1490.0907,49.0091
58,65,100,180,47,46,16,56.25,61.82392,-12.879208,6.1718,3.6894,1466.2608,46.6261
58,65,100,200,59,57,21,47.62,57.589317,-11.765062,4.4499,6.2899,1446.4775,44.6477
58,65,100,233,74,76,27,37.04,65.189523,-12.247369,3.131,8.7257,1443.6899,44.369
58,65,100,250,80,83,26,34.62,72.247966,-12.065592,3.1701,8.5263,1445.1166,44.5117
58,65,100,300,90,92,27,37.04,71.343272,-12.432057,3.3757,7.9725,1502.0878,50.2088
58,65,120,150,10,8,3,33.33,285.120736,-10.155444,14.0378,1.3526,1264.8098,26.481
58,65,120,180,38,37,14,57.14,76.316679,-18.71494,5.4371,5.0227,1498.2438,49.8244
58,65,120,200,55,52,19,52.63,57.729444,-13.711179,4.6782,5.758,1453.8938,45.3894
58,65,120,233,72,75,24,37.5,73.680545,-13.182144,3.3537,7.3101,1465.3927,46.5393
58,65,120,250,80,82,25,36.0,73.680545,-12.755706,3.2492,7.7433,1459.0336,45.9034
58,65,120,300,90,92,26,38.46,69.527662,-13.392096,3.2448,7.6291,1481.0031,48.1003
54,70,50,150,31,35,13,53.85,87.999444,-13.010396,7.8911,2.681,1537.9337,53.7934
54,70,50,180,48,51,18,50.0,60.208656,-11.301451,5.3275,4.692,1440.1648,44.0165
54,70,50,200,64,58,22,45.45,57.654959,-11.105092,4.3265,6.3456,1443.2885,44.3288
54,70,50,233,76,74,27,37.04,65.159452,-11.68451,3.2803,8.6159,1452.9578,45.2958
54,70,50,250,80,83,28,35.71,68.266414,-11.582127,3.2745,8.303,1474.1858,47.4186
54,70,50,300,89,93,27,37.04,71.315233,-12.333852,3.4012,7.9087,1503.4768,50.3477
54,70,70,150,31,34,12,58.33,87.999444,-13.093849,9.4089,2.681,1550.5269,55.0527
54,70,70,180,48,51,19,47.37,60.208656,-10.569229,5.1269,4.7049,1436.1856,43.6186
54,70,70,200,62,56,22,45.45,57.654959,-11.105092,4.3265,6.3456,1443.2885,44.3288
54,70,70,233,76,73,27,37.04,65.159452,-11.66655,3.2854,8.6159,1453.2632,45.3263
54,70,70,250,78,80,28,35.71,65.159452,-11.580096,3.126,8.4756,1443.1528,44.3153
54,70,70,300,87,92,27,37.04,68.161984,-12.063287,3.3237,8.0504,1476.544,47.6544
54,70,89,150,29,26,10,60.0,90.025566,-21.793548,6.1963,4.0487,1452.9792,45.2979
54,70,89,180,47,48,17,58.82,55.87453,-13.714921,5.82,4.1095,1462.7409,46.2741
54,70,89,200,62,58,22,45.45,57.654959,-11.105092,4.3265,6.3456,1443.2885,44.3288
54,70,89,233,76,75,27,37.04,65.159452,-11.68451,3.2803,8.6159,1452.9578,45.2958
54,70,89,250,79,84,27,37.04,65.159452,-11.965977,3.2032,8.4491,1448.1729,44.8173
54,70,89,300,89,93,27,37.04,71.315233,-12.333852,3.4012,7.9087,1503.4768,50.3477
54,70,100,150,25,18,7,57.14,134.93709,-16.648138,10.807,3.0451,1489.8039,48.9804
54,70,100,180,47,47,16,56.25,61.897974,-12.832327,6.2018,3.6894,1467.2555,46.7255
54,70,100,200,59,57,21,47.62,57.654959,-11.752897,4.4596,6.3282,1447.2677,44.7268
54,70,100,233,74,77,27,37.04,65.159452,-12.151329,3.1543,8.6622,1445.0219,44.5022
54,70,100,250,80,84,26,34.62,72.214553,-11.965977,3.195,8.4586,1446.5094,44.6509
54,70,100,300,90,92,27,37.04,70.10529,-12.333852,3.3435,7.9717,1491.3774,49.1377
54,70,120,150,10,9,3,33.33,285.159087,-10.224379,13.9451,1.3526,1264.7103,26.471
54,70,120,180,39,38,14,57.14,76.404301,-18.724072,5.4407,5.0479,1498.89,49.889
54,70,120,200,56,53,19,52.63,57.809643,-13.730362,4.6782,5.7926,1454.5232,45.4523
54,70,120,233,72,76,24,37.5,73.654883,-13.20047,3.3478,7.3516,1464.8869,46.4887
54,70,120,250,80,83,25,36.0,73.654883,-12.664144,3.2715,7.6663,1460.2676,46.0268
54,70,120,300,90,93,26,38.46,69.504567,-13.300535,3.2661,7.5533,1482.2371,48.2237
