note,start_date,end_date,ema_fast,ema_slow,buy_signal,sell_signal,total_trades,win_rate,avg_win,avg_loss,profit_factor,max_drawdown,final_equity,pnl_percent
5-year,2017-08-17,2021-12-31,60,63,158,159,158,37.34,14.219845,-3.191417,2.6554,3.1936,1523.0205,52.3021
5-year,2017-08-17,2021-12-31,59,64,158,159,158,37.34,14.219794,-3.179624,2.6652,3.1814,1524.1851,52.4185
5-year,2017-08-17,2021-12-31,61,62,158,159,158,37.34,14.221062,-3.190177,2.6566,3.1936,1523.2152,52.3215
5-year,2017-08-17,2021-12-31,58,65,158,159,158,37.34,14.216032,-3.196201,2.6507,3.1663,1522.322,52.2322
5-year,2017-08-17,2021-12-31,54,70,160,161,160,36.88,14.131905,-3.129099,2.6382,3.172,1517.7434,51.7743
4-year,2022-01-01,2025-11-01,60,63,154,154,154,33.12,7.206777,-2.207308,1.6166,5.9621,1140.1929,14.0193
4-year,2022-01-01,2025-11-01,59,64,154,154,154,33.12,7.214842,-2.230202,1.6018,6.1676,1138.2462,13.8246
4-year,2022-01-01,2025-11-01,61,62,154,154,154,33.12,7.197799,-2.218465,1.6065,5.9783,1138.5858,13.8586
4-year,2022-01-01,2025-11-01,58,65,154,154,154,33.12,7.214842,-2.220299,1.609,6.1925,1139.2662,13.9266
4-year,2022-01-01,2025-11-01,54,70,154,154,154,32.47,7.345784,-2.226533,1.5862,6.4141,1135.7297,13.573
1-year-fs,2017-08-17,2018-08-17,60,63,31,31,30,36.67,27.386471,-4.692456,3.3789,3.1936,1212.0945,21.2095
1-year-fs,2017-08-17,2018-08-17,59,64,31,31,30,36.67,27.386471,-4.67527,3.3913,3.1663,1212.421,21.2421
1-year-fs,2017-08-17,2018-08-17,61,62,31,31,30,36.67,27.386471,-4.692456,3.3789,3.1936,1212.0945,21.2095
1-year-fs,2017-08-17,2018-08-17,58,65,31,31,30,36.67,27.374836,-4.67527,3.3899,3.1663,1212.2931,21.2293
1-year-fs,2017-08-17,2018-08-17,54,70,32,32,31,35.48,27.345265,-4.515197,3.331,3.172,1210.494,21.0494
1-year-fs,2018-08-17,2019-08-17,60,63,39,40,39,35.9,10.529333,-2.66495,2.2126,3.8265,1080.7869,8.0787
1-year-fs,2018-08-17,2019-08-17,59,64,39,40,39,35.9,10.529333,-2.669571,2.2088,3.84,1080.6714,8.0671
1-year-fs,2018-08-17,2019-08-17,61,62,39,40,39,35.9,10.534461,-2.66495,2.2137,3.8193,1080.8587,8.0859
1-year-fs,2018-08-17,2019-08-17,58,65,39,40,39,35.9,10.494086,-2.64636,2.2207,3.7811,1080.7582,8.0758
1-year-fs,2018-08-17,2019-08-17,54,70,40,41,40,35.0,10.541584,-2.545755,2.2297,3.7587,1081.3926,8.1393
1-year-fs,2019-08-17,2020-08-17,60,63,38,37,37,37.84,7.459379,-2.000871,2.2693,0.9773,1058.4113,5.8411
1-year-fs,2019-08-17,2020-08-17,59,64,38,37,37,37.84,7.459165,-1.997077,2.2735,0.9773,1058.4955,5.8496
1-year-fs,2019-08-17,2020-08-17,61,62,38,37,37,37.84,7.459379,-1.99553,2.2753,0.9773,1058.5341,5.8534
1-year-fs,2019-08-17,2020-08-17,58,65,38,37,37,37.84,7.487699,-2.014135,2.2629,0.9773,1058.5027,5.8503
1-year-fs,2019-08-17,2020-08-17,54,70,38,37,37,37.84,7.115188,-2.031454,2.132,1.0313,1052.8892,5.2889
1-year-fs,2020-08-17,2021-08-17,60,63,33,33,32,43.75,15.978794,-3.609809,3.4428,2.7703,1158.7266,15.8727
1-year-fs,2020-08-17,2021-08-17,59,64,33,33,32,43.75,15.978794,-3.561514,3.4895,2.6958,1159.5959,15.9596
1-year-fs,2020-08-17,2021-08-17,61,62,33,33,32,43.75,15.978794,-3.609809,3.4428,2.7703,1158.7266,15.8727
1-year-fs,2020-08-17,2021-08-17,58,65,33,33,32,43.75,15.978794,-3.656817,3.3986,2.8019,1157.8804,15.788
1-year-fs,2020-08-17,2021-08-17,54,70,33,33,32,43.75,15.97255,-3.623487,3.4285,2.7507,1158.3929,15.8393
1-year-fs,2021-08-17,2022-08-17,60,63,48,49,48,25.0,6.920572,-3.228287,0.7146,7.0256,966.8285,-3.3171
1-year-fs,2021-08-17,2022-08-17,59,64,48,49,48,25.0,6.920572,-3.283158,0.7026,7.2172,964.8532,-3.5147
1-year-fs,2021-08-17,2022-08-17,61,62,48,49,48,25.0,6.920572,-3.232782,0.7136,7.0413,966.6667,-3.3333
1-year-fs,2021-08-17,2022-08-17,58,65,48,49,48,25.0,6.920572,-3.286315,0.702,7.2282,964.7395,-3.526
1-year-fs,2021-08-17,2022-08-17,54,70,48,49,48,25.0,6.92052,-3.296222,0.6998,7.2691,964.3822,-3.5618
1-year-fs,2022-08-17,2023-08-17,60,63,40,40,40,25.0,9.603609,-1.790455,1.7879,1.9683,1042.3224,4.2322
1-year-fs,2022-08-17,2023-08-17,59,64,40,40,40,25.0,9.64559,-1.790455,1.7957,1.9683,1042.7423,4.2742
1-year-fs,2022-08-17,2023-08-17,61,62,40,40,40,25.0,9.557823,-1.790455,1.7794,1.9683,1041.8646,4.1865
1-year-fs,2022-08-17,2023-08-17,58,65,40,40,40,25.0,9.64559,-1.7997,1.7865,1.9933,1042.4649,4.2465
1-year-fs,2022-08-17,2023-08-17,54,70,41,41,41,21.95,10.62635,-1.699711,1.7583,2.019,1041.2464,4.1246
1-year-fs,2023-08-17,2024-08-17,60,63,34,34,34,38.24,9.790493,-1.819344,3.3313,0.8001,1089.0702,8.907
1-year-fs,2023-08-17,2024-08-17,59,64,34,34,34,38.24,9.789842,-1.819344,3.3311,0.8001,1089.0617,8.9062
1-year-fs,2023-08-17,2024-08-17,61,62,34,34,34,38.24,9.790493,-1.819344,3.3313,0.8001,1089.0702,8.907
1-year-fs,2023-08-17,2024-08-17,58,65,34,34,34,38.24,9.789842,-1.757565,3.4482,0.8001,1090.3591,9.0359
1-year-fs,2023-08-17,2024-08-17,54,70,33,33,33,39.39,9.780483,-1.889307,3.3649,0.8392,1089.3601,8.936
1-year-fs,2024-08-17,2025-11-01,60,63,49,49,49,40.82,5.567555,-2.210513,1.737,2.8327,1047.2462,4.7246
1-year-fs,2024-08-17,2025-11-01,59,64,49,49,49,40.82,5.567555,-2.223711,1.7267,2.833,1046.8635,4.6863
1-year-fs,2024-08-17,2025-11-01,61,62,49,49,49,40.82,5.567555,-2.244562,1.7107,2.9267,1046.2588,4.6259
1-year-fs,2024-08-17,2025-11-01,58,65,49,49,49,40.82,5.567555,-2.223711,1.7267,2.833,1046.8635,4.6863
1-year-fs,2024-08-17,2025-11-01,54,70,49,49,49,40.82,5.581187,-2.208099,1.7432,2.8336,1047.5889,4.7589
yearly,2018-08-17,2018-12-31,60,63,15,15,14,28.57,3.707141,-3.406026,0.4354,3.2962,980.7683,-1.9232
yearly,2018-08-17,2018-12-31,59,64,15,15,14,28.57,3.707141,-3.406026,0.4354,3.2962,980.7683,-1.9232
yearly,2018-08-17,2018-12-31,61,62,15,15,14,28.57,3.72509,-3.406026,0.4375,3.289,980.8401,-1.916
yearly,2018-08-17,2018-12-31,58,65,15,15,14,28.57,3.710023,-3.347999,0.4433,3.2467,981.3601,-1.864
yearly,2018-08-17,2018-12-31,54,70,15,15,14,28.57,3.707141,-3.347999,0.4429,3.2385,981.3486,-1.8651
yearly,2019-01-01,2019-12-31,60,63,40,39,39,38.46,9.704937,-2.131097,2.8462,1.1258,1094.4277,9.4428
yearly,2019-01-01,2019-12-31,59,64,40,39,39,38.46,9.704937,-2.130256,2.8474,1.1258,1094.4479,9.4448
yearly,2019-01-01,2019-12-31,61,62,40,39,39,38.46,9.704937,-2.131097,2.8462,1.1258,1094.4277,9.4428
yearly,2019-01-01,2019-12-31,58,65,40,39,39,38.46,9.671271,-2.130256,2.8375,1.1258,1093.9429,9.3943
yearly,2019-01-01,2019-12-31,54,70,41,40,40,37.5,9.693803,-2.054466,2.831,1.1021,1094.0454,9.4045
yearly,2020-01-01,2020-12-31,60,63,32,31,31,51.61,8.947829,-1.80505,5.2876,0.8998,1116.0895,11.609
yearly,2020-01-01,2020-12-31,59,64,32,31,31,51.61,8.947642,-1.799231,5.3046,0.8998,1116.1738,11.6174
yearly,2020-01-01,2020-12-31,61,62,32,31,31,51.61,8.947829,-1.79686,5.3117,0.8878,1116.2124,11.6212
yearly,2020-01-01,2020-12-31,58,65,32,31,31,51.61,8.972609,-1.825388,5.2432,0.8998,1116.1809,11.6181
yearly,2020-01-01,2020-12-31,54,70,32,31,31,51.61,8.662356,-1.838284,5.0263,0.8816,1111.0234,11.1023
yearly,2021-01-01,2021-12-31,60,63,40,41,40,30.0,13.329228,-3.815175,1.4973,3.0948,1053.1258,5.3126
yearly,2021-01-01,2021-12-31,59,64,40,41,40,30.0,13.329228,-3.784128,1.5096,3.0117,1053.9952,5.3995
yearly,2021-01-01,2021-12-31,61,62,40,41,40,30.0,13.329228,-3.815175,1.4973,3.0948,1053.1258,5.3126
yearly,2021-01-01,2021-12-31,58,65,40,41,40,30.0,13.329228,-3.849453,1.484,3.1303,1052.1661,5.2166
yearly,2021-01-01,2021-12-31,54,70,40,41,40,30.0,13.329176,-3.76775,1.5162,3.0729,1054.4531,5.4453
yearly,2022-01-01,2022-12-31,60,63,46,46,46,19.57,4.226032,-2.599003,0.3955,5.9621,941.8712,-5.8129
yearly,2022-01-01,2022-12-31,59,64,46,46,46,19.57,4.226032,-2.652391,0.3876,6.1676,939.8958,-6.0104
yearly,2022-01-01,2022-12-31,61,62,46,46,46,19.57,4.226032,-2.603377,0.3949,5.9783,941.7094,-5.8291
yearly,2022-01-01,2022-12-31,58,65,46,46,46,19.57,4.226032,-2.659139,0.3866,6.1925,939.6461,-6.0354
yearly,2022-01-01,2022-12-31,54,70,47,47,47,19.15,4.226032,-2.649747,0.3777,6.4141,937.3439,-6.2656
yearly,2023-01-01,2023-12-31,60,63,38,38,38,36.84,10.120502,-1.858809,3.176,1.3107,1097.0756,9.7076
yearly,2023-01-01,2023-12-31,59,64,38,38,38,36.84,10.149884,-1.858809,3.1852,1.3107,1097.487,9.7487
yearly,2023-01-01,2023-12-31,61,62,38,38,38,36.84,10.087798,-1.858809,3.1658,1.3112,1096.6178,9.6618
yearly,2023-01-01,2023-12-31,58,65,38,38,38,36.84,10.149884,-1.859963,3.1833,1.3133,1097.4593,9.7459
yearly,2023-01-01,2023-12-31,54,70,37,37,37,35.14,10.858305,-1.881338,3.1263,1.2944,1096.0059,9.6006
yearly,2024-01-01,2024-12-31,60,63,34,34,34,44.12,8.50349,-1.650081,4.0685,0.7871,1096.2008,9.6201
yearly,2024-01-01,2024-12-31,59,64,34,34,34,44.12,8.50349,-1.656712,4.0522,0.799,1096.0748,9.6075
yearly,2024-01-01,2024-12-31,61,62,34,34,34,44.12,8.50349,-1.650081,4.0685,0.7871,1096.2008,9.6201
yearly,2024-01-01,2024-12-31,58,65,34,34,34,44.12,8.50349,-1.588429,4.2264,0.6767,1097.3722,9.7372
yearly,2024-01-01,2024-12-31,54,70,34,34,34,44.12,8.50349,-1.627015,4.1261,0.7984,1096.6391,9.6639
yearly,2025-01-01,2025-11-01,60,63,36,36,36,36.11,4.636303,-2.401157,1.0914,2.9513,1005.0453,0.5045
yearly,2025-01-01,2025-11-01,59,64,36,36,36,36.11,4.636303,-2.412321,1.0863,2.9513,1004.7886,0.4789
yearly,2025-01-01,2025-11-01,61,62,36,36,36,36.11,4.636303,-2.444088,1.0722,3.0494,1004.0579,0.4058
yearly,2025-01-01,2025-11-01,58,65,36,36,36,36.11,4.636303,-2.412321,1.0863,2.9513,1004.7886,0.4789
yearly,2025-01-01,2025-11-01,54,70,36,36,36,36.11,4.657274,-2.382769,1.1048,2.9513,1005.7409,0.5741
q4,2018-10-01,2018-12-31,60,63,10,10,9,22.22,4.348666,-4.107193,0.3025,2.8744,979.947,-2.0053
q4,2018-10-01,2018-12-31,59,64,10,10,9,22.22,4.348666,-4.107193,0.3025,2.8744,979.947,-2.0053
q4,2018-10-01,2018-12-31,61,62,10,10,9,22.22,4.384564,-4.107193,0.305,2.8742,980.0188,-1.9981
q4,2018-10-01,2018-12-31,58,65,10,10,9,22.22,4.354431,-4.024297,0.3092,2.8166,980.5388,-1.9461
q4,2018-10-01,2018-12-31,54,70,10,10,9,22.22,4.348666,-4.024297,0.3087,2.8164,980.5273,-1.9473
q1,2019-01-01,2019-03-31,60,63,12,11,11,27.27,1.78882,-1.486874,0.4512,1.1258,993.4715,-0.6529
q1,2019-01-01,2019-03-31,59,64,12,11,11,27.27,1.78882,-1.484353,0.4519,1.1258,993.4916,-0.6508
q1,2019-01-01,2019-03-31,61,62,12,11,11,27.27,1.78882,-1.486874,0.4512,1.1258,993.4715,-0.6529
q1,2019-01-01,2019-03-31,58,65,12,11,11,27.27,1.782688,-1.484353,0.4504,1.1258,993.4732,-0.6527
q1,2019-01-01,2019-03-31,54,70,13,12,12,25.0,1.78882,-1.322827,0.4508,1.1021,993.461,-0.6539
q2,2019-04-01,2019-06-30,60,63,8,8,7,42.86,13.530603,-2.443876,4.1524,0.4882,1030.8163,3.0816
q2,2019-04-01,2019-06-30,59,64,8,8,7,42.86,13.530603,-2.443876,4.1524,0.4882,1030.8163,3.0816
q2,2019-04-01,2019-06-30,61,62,8,8,7,42.86,13.530603,-2.443876,4.1524,0.4882,1030.8163,3.0816
q2,2019-04-01,2019-06-30,58,65,8,8,7,42.86,13.530603,-2.443876,4.1524,0.4882,1030.8163,3.0816
q2,2019-04-01,2019-06-30,54,70,8,8,7,42.86,13.395024,-2.443876,4.1108,0.4884,1030.4096,3.041
q3,2019-07-01,2019-09-30,60,63,8,8,8,37.5,8.027749,-3.424375,1.4066,0.8118,1006.9614,0.6961
q3,2019-07-01,2019-09-30,59,64,8,8,8,37.5,8.027749,-3.424375,1.4066,0.8118,1006.9614,0.6961
q3,2019-07-01,2019-09-30,61,62,8,8,8,37.5,8.027749,-3.424375,1.4066,0.8118,1006.9614,0.6961
q3,2019-07-01,2019-09-30,58,65,8,8,8,37.5,8.027749,-3.424375,1.4066,0.8118,1006.9614,0.6961
q3,2019-07-01,2019-09-30,54,70,8,8,8,37.5,8.107659,-3.424375,1.4206,0.8118,1007.2011,0.7201
q4,2019-10-01,2019-12-31,60,63,12,11,11,36.36,1.802056,-1.76485,0.5835,0.6781,994.8543,-0.5146
q4,2019-10-01,2019-12-31,59,64,12,11,11,36.36,1.802056,-1.76485,0.5835,0.6781,994.8543,-0.5146
q4,2019-10-01,2019-12-31,61,62,12,11,11,36.36,1.802056,-1.76485,0.5835,0.6781,994.8543,-0.5146
q4,2019-10-01,2019-12-31,58,65,12,11,11,36.36,1.802056,-1.76485,0.5835,0.6781,994.8543,-0.5146
q4,2019-10-01,2019-12-31,54,70,12,11,11,36.36,1.802056,-1.794119,0.574,0.6984,994.6494,-0.5351
q1,2020-01-01,2020-03-31,60,63,7,7,7,57.14,9.476735,-3.083976,4.0972,0.8998,1028.655,2.8655
q1,2020-01-01,2020-03-31,59,64,7,7,7,57.14,9.476735,-3.083976,4.0972,0.8998,1028.655,2.8655
q1,2020-01-01,2020-03-31,61,62,7,7,7,57.14,9.476735,-3.043028,4.1523,0.8878,1028.7779,2.8778
q1,2020-01-01,2020-03-31,58,65,7,7,7,57.14,9.476735,-3.083976,4.0972,0.8998,1028.655,2.8655
q1,2020-01-01,2020-03-31,54,70,7,7,7,57.14,8.41353,-3.021723,3.7125,0.8816,1024.5889,2.4589
q2,2020-04-01,2020-06-30,60,63,8,9,8,50.0,8.017789,-1.971726,4.0664,0.5611,1024.1843,2.4184
q2,2020-04-01,2020-06-30,59,64,8,9,8,50.0,8.01704,-1.949907,4.1115,0.5526,1024.2685,2.4269
q2,2020-04-01,2020-06-30,61,62,8,9,8,50.0,8.017789,-1.971726,4.0664,0.5611,1024.1843,2.4184
q2,2020-04-01,2020-06-30,58,65,8,9,8,50.0,8.116909,-1.949907,4.1627,0.5524,1024.668,2.4668
q2,2020-04-01,2020-06-30,54,70,8,9,8,50.0,8.017789,-2.044958,3.9208,0.5895,1023.8913,2.3891
q3,2020-07-01,2020-09-30,60,63,10,9,9,33.33,8.292712,-0.891724,4.6498,0.2484,1019.5278,1.9528
q3,2020-07-01,2020-09-30,59,64,10,9,9,33.33,8.292712,-0.891724,4.6498,0.2484,1019.5278,1.9528
q3,2020-07-01,2020-09-30,61,62,10,9,9,33.33,8.292712,-0.891724,4.6498,0.2484,1019.5278,1.9528
q3,2020-07-01,2020-09-30,58,65,10,9,9,33.33,8.292712,-0.891724,4.6498,0.2484,1019.5278,1.9528
q3,2020-07-01,2020-09-30,54,70,10,9,9,33.33,8.216936,-0.891724,4.6073,0.2485,1019.3005,1.93
q4,2020-10-01,2020-12-31,60,63,6,6,5,80.0,12.043553,-0.510443,94.3773,0.051,1047.6638,4.7664
q4,2020-10-01,2020-12-31,59,64,6,6,5,80.0,12.043553,-0.510443,94.3773,0.051,1047.6638,4.7664
q4,2020-10-01,2020-12-31,61,62,6,6,5,80.0,12.043553,-0.510443,94.3773,0.051,1047.6638,4.7664
q4,2020-10-01,2020-12-31,58,65,6,6,5,80.0,12.043553,-0.510443,94.3773,0.051,1047.6638,4.7664
q4,2020-10-01,2020-12-31,54,70,6,6,5,80.0,12.021697,-0.510443,94.2061,0.051,1047.5763,4.7576
q1,2021-01-01,2021-03-31,60,63,8,8,7,28.57,33.320188,-5.467638,2.4376,1.8359,1039.3022,3.9302
q1,2021-01-01,2021-03-31,59,64,8,8,7,28.57,33.320188,-5.467638,2.4376,1.8359,1039.3022,3.9302
q1,2021-01-01,2021-03-31,61,62,8,8,7,28.57,33.320188,-5.467638,2.4376,1.8359,1039.3022,3.9302
q1,2021-01-01,2021-03-31,58,65,8,8,7,28.57,33.320188,-5.565821,2.3946,1.8359,1038.8113,3.8811
q1,2021-01-01,2021-03-31,54,70,8,8,7,28.57,33.320188,-5.565821,2.3946,1.8359,1038.8113,3.8811
q2,2021-04-01,2021-06-30,60,63,10,10,9,33.33,2.197662,-3.871703,0.2838,2.0885,983.3628,-1.6637
q2,2021-04-01,2021-06-30,59,64,10,10,9,33.33,2.197662,-3.726817,0.2948,2.0019,984.2321,-1.5768
q2,2021-04-01,2021-06-30,61,62,10,10,9,33.33,2.197662,-3.871703,0.2838,2.0885,983.3628,-1.6637
q2,2021-04-01,2021-06-30,58,65,10,10,9,33.33,2.197662,-3.795172,0.2895,2.0427,983.822,-1.6178
q2,2021-04-01,2021-06-30,54,70,10,10,9,33.33,2.197662,-3.795172,0.2895,2.0427,983.822,-1.6178
q3,2021-07-01,2021-09-30,60,63,10,11,10,30.0,12.767576,-3.20837,1.7055,1.3226,1015.8441,1.5844
q3,2021-07-01,2021-09-30,59,64,10,11,10,30.0,12.767576,-3.20837,1.7055,1.3226,1015.8441,1.5844
q3,2021-07-01,2021-09-30,61,62,10,11,10,30.0,12.767576,-3.20837,1.7055,1.3226,1015.8441,1.5844
q3,2021-07-01,2021-09-30,58,65,10,11,10,30.0,12.767576,-3.20837,1.7055,1.3226,1015.8441,1.5844
q3,2021-07-01,2021-09-30,54,70,10,11,10,30.0,12.767576,-3.228986,1.6946,1.3161,1015.6998,1.57
q4,2021-10-01,2021-12-31,60,63,11,12,11,18.18,2.610977,-3.474956,0.167,2.7002,973.9474,-2.6053
q4,2021-10-01,2021-12-31,59,64,11,12,11,18.18,2.610977,-3.474956,0.167,2.7002,973.9474,-2.6053
q4,2021-10-01,2021-12-31,61,62,11,12,11,18.18,2.610977,-3.474956,0.167,2.7002,973.9474,-2.6053
q4,2021-10-01,2021-12-31,58,65,11,12,11,18.18,2.610977,-3.487583,0.1664,2.7116,973.8337,-2.6166
q4,2021-10-01,2021-12-31,54,70,11,12,11,18.18,2.610661,-3.30785,0.1754,2.5513,975.4507,-2.4549
q1,2022-01-01,2022-03-31,60,63,9,8,8,37.5,2.0486,-3.990069,0.3081,1.4029,986.1955,-1.3805
q1,2022-01-01,2022-03-31,59,64,9,8,8,37.5,2.0486,-3.972376,0.3094,1.394,986.2839,-1.3716
q1,2022-01-01,2022-03-31,61,62,9,8,8,37.5,2.0486,-3.990069,0.3081,1.4029,986.1955,-1.3805
q1,2022-01-01,2022-03-31,58,65,9,8,8,37.5,2.0486,-3.972376,0.3094,1.394,986.2839,-1.3716
q1,2022-01-01,2022-03-31,54,70,9,8,8,37.5,2.0486,-3.990069,0.3081,1.4029,986.1955,-1.3805
q2,2022-04-01,2022-06-30,60,63,16,16,16,6.25,0.116165,-3.199421,0.0024,4.7991,952.1249,-4.7875
q2,2022-04-01,2022-06-30,59,64,16,16,16,6.25,0.116165,-3.337009,0.0023,5.0055,950.061,-4.9939
q2,2022-04-01,2022-06-30,61,62,16,16,16,6.25,0.116165,-3.210209,0.0024,4.8153,951.963,-4.8037
q2,2022-04-01,2022-06-30,58,65,16,16,16,6.25,0.116165,-3.337009,0.0023,5.0055,950.061,-4.9939
q2,2022-04-01,2022-06-30,54,70,16,16,16,6.25,0.116165,-3.467406,0.0022,5.2011,948.1051,-5.1895
q3,2022-07-01,2022-09-30,60,63,10,9,9,33.33,3.742911,-2.158095,0.8672,1.2285,998.2802,-0.172
q3,2022-07-01,2022-09-30,59,64,10,9,9,33.33,3.742911,-2.158095,0.8672,1.2285,998.2802,-0.172
q3,2022-07-01,2022-09-30,61,62,10,9,9,33.33,3.742911,-2.158095,0.8672,1.2285,998.2802,-0.172
q3,2022-07-01,2022-09-30,58,65,10,9,9,33.33,3.742911,-2.199705,0.8508,1.2532,998.0305,-0.1969
q3,2022-07-01,2022-09-30,54,70,11,10,10,30.0,3.742911,-1.897362,0.8454,1.2614,997.9472,-0.2053
q4,2022-10-01,2022-12-31,60,63,11,12,11,9.09,5.152285,-1.509404,0.3413,0.9942,990.0582,-0.9942
q4,2022-10-01,2022-12-31,59,64,11,12,11,9.09,5.152285,-1.509404,0.3413,0.9942,990.0582,-0.9942
q4,2022-10-01,2022-12-31,61,62,11,12,11,9.09,5.152285,-1.509404,0.3413,0.9942,990.0582,-0.9942
q4,2022-10-01,2022-12-31,58,65,11,12,11,9.09,5.152285,-1.509404,0.3413,0.9942,990.0582,-0.9942
q4,2022-10-01,2022-12-31,54,70,11,12,11,9.09,5.152285,-1.526855,0.3374,1.0116,989.8837,-1.0116
q1,2023-01-01,2023-03-31,60,63,7,6,6,50.0,22.877619,-2.666911,8.5783,0.366,1060.6321,6.0632
q1,2023-01-01,2023-03-31,59,64,7,6,6,50.0,22.877619,-2.666911,8.5783,0.366,1060.6321,6.0632
q1,2023-01-01,2023-03-31,61,62,7,6,6,50.0,22.73472,-2.666911,8.5247,0.3661,1060.2034,6.0203
q1,2023-01-01,2023-03-31,58,65,7,6,6,50.0,22.877619,-2.666911,8.5783,0.366,1060.6321,6.0632
q1,2023-01-01,2023-03-31,54,70,7,6,6,50.0,22.73472,-2.636867,8.6219,0.3577,1060.2936,6.0294
q2,2023-04-01,2023-06-30,60,63,13,13,12,33.33,5.393899,-1.823656,1.4789,1.0943,1006.9864,0.6986
q2,2023-04-01,2023-06-30,59,64,13,13,12,33.33,5.498853,-1.823656,1.5076,1.0943,1007.4062,0.7406
q2,2023-04-01,2023-06-30,61,62,13,13,12,33.33,5.393899,-1.823656,1.4789,1.0943,1006.9864,0.6986
q2,2023-04-01,2023-06-30,58,65,13,13,12,33.33,5.498853,-1.827116,1.5048,1.097,1007.3785,0.7378
q2,2023-04-01,2023-06-30,54,70,13,13,12,33.33,5.418968,-1.81248,1.4949,1.0853,1007.176,0.7176
q3,2023-07-01,2023-09-30,60,63,10,10,9,22.22,1.509579,-1.739013,0.248,1.1539,990.8461,-0.9154
q3,2023-07-01,2023-09-30,59,64,10,10,9,22.22,1.509579,-1.739013,0.248,1.1539,990.8461,-0.9154
q3,2023-07-01,2023-09-30,61,62,10,10,9,22.22,1.494997,-1.739013,0.2456,1.1568,990.8169,-0.9183
q3,2023-07-01,2023-09-30,58,65,10,10,9,22.22,1.509579,-1.739013,0.248,1.1539,990.8461,-0.9154
q3,2023-07-01,2023-09-30,54,70,10,10,9,22.22,1.494997,-1.797388,0.2376,1.1977,990.4083,-0.9592
q4,2023-10-01,2023-12-31,60,63,8,9,8,37.5,14.922727,-1.546351,5.7902,0.4676,1037.0364,3.7036
q4,2023-10-01,2023-12-31,59,64,8,9,8,37.5,14.919905,-1.546351,5.7891,0.4676,1037.028,3.7028
q4,2023-10-01,2023-12-31,61,62,8,9,8,37.5,14.922727,-1.546351,5.7902,0.4676,1037.0364,3.7036
q4,2023-10-01,2023-12-31,58,65,8,9,8,37.5,14.919905,-1.546351,5.7891,0.4676,1037.028,3.7028
q4,2023-10-01,2023-12-31,54,70,7,8,7,42.86,14.882442,-1.927898,5.7896,0.4772,1036.9357,3.6936
q1,2024-01-01,2024-03-31,60,63,7,6,6,50.0,17.095462,-1.13909,15.008,0.2205,1047.8691,4.7869
q1,2024-01-01,2024-03-31,59,64,7,6,6,50.0,17.095462,-1.13909,15.008,0.2205,1047.8691,4.7869
q1,2024-01-01,2024-03-31,61,62,7,6,6,50.0,17.095462,-1.13909,15.008,0.2205,1047.8691,4.7869
q1,2024-01-01,2024-03-31,58,65,7,6,6,50.0,17.095462,-1.13909,15.008,0.2205,1047.8691,4.7869
q1,2024-01-01,2024-03-31,54,70,7,6,6,50.0,17.095462,-1.13909,15.008,0.2205,1047.8691,4.7869
q2,2024-04-01,2024-06-30,60,63,8,9,8,37.5,3.209856,-1.729095,1.1138,0.7082,1000.9841,0.0984
q2,2024-04-01,2024-06-30,59,64,8,9,8,37.5,3.209856,-1.729095,1.1138,0.7082,1000.9841,0.0984
q2,2024-04-01,2024-06-30,61,62,8,9,8,37.5,3.209856,-1.729095,1.1138,0.7082,1000.9841,0.0984
q2,2024-04-01,2024-06-30,58,65,8,9,8,37.5,3.209856,-1.729095,1.1138,0.7082,1000.9841,0.0984
q2,2024-04-01,2024-06-30,54,70,8,9,8,37.5,3.209856,-1.699635,1.1331,0.6944,1001.1314,0.1131
q3,2024-07-01,2024-09-30,60,63,9,9,8,37.5,5.236691,-2.010438,1.5629,0.8257,1005.6579,0.5658
q3,2024-07-01,2024-09-30,59,64,9,9,8,37.5,5.236691,-2.035634,1.5435,0.8382,1005.5319,0.5532
q3,2024-07-01,2024-09-30,61,62,9,9,8,37.5,5.236691,-2.010438,1.5629,0.8257,1005.6579,0.5658
q3,2024-07-01,2024-09-30,58,65,9,9,8,37.5,5.236691,-1.776161,1.769,0.7099,1006.8293,0.6829
q3,2024-07-01,2024-09-30,54,70,9,9,8,37.5,5.236691,-1.906861,1.6477,0.8376,1006.1758,0.6176
q4,2024-10-01,2024-12-31,60,63,9,9,9,44.44,10.951617,-1.474315,5.9426,0.5253,1036.4349,3.6435
q4,2024-10-01,2024-12-31,59,64,9,9,9,44.44,10.951617,-1.474315,5.9426,0.5253,1036.4349,3.6435
q4,2024-10-01,2024-12-31,61,62,9,9,9,44.44,10.951617,-1.474315,5.9426,0.5253,1036.4349,3.6435
q4,2024-10-01,2024-12-31,58,65,9,9,9,44.44,10.951617,-1.474315,5.9426,0.5253,1036.4349,3.6435
q4,2024-10-01,2024-12-31,54,70,9,9,9,44.44,10.951617,-1.519702,5.7651,0.5471,1036.208,3.6208
q1,2025-01-01,2025-03-31,60,63,11,11,11,27.27,2.637345,-3.381584,0.2925,2.6858,980.8594,-1.9141
q1,2025-01-01,2025-03-31,59,64,11,11,11,27.27,2.637345,-3.381584,0.2925,2.6858,980.8594,-1.9141
q1,2025-01-01,2025-03-31,61,62,11,11,11,27.27,2.637345,-3.381584,0.2925,2.6858,980.8594,-1.9141
q1,2025-01-01,2025-03-31,58,65,11,11,11,27.27,2.637345,-3.381584,0.2925,2.6858,980.8594,-1.9141
q1,2025-01-01,2025-03-31,54,70,11,11,11,27.27,2.637345,-3.381584,0.2925,2.6858,980.8594,-1.9141
q2,2025-04-01,2025-06-30,60,63,10,9,9,44.44,6.49877,-2.426246,2.1428,0.7325,1013.8638,1.3864
q2,2025-04-01,2025-06-30,59,64,10,9,9,44.44,6.49877,-2.426246,2.1428,0.7325,1013.8638,1.3864
q2,2025-04-01,2025-06-30,61,62,10,9,9,44.44,6.49877,-2.623728,1.9815,0.7332,1012.8764,1.2876
q2,2025-04-01,2025-06-30,58,65,10,9,9,44.44,6.49877,-2.426246,2.1428,0.7325,1013.8638,1.3864
q2,2025-04-01,2025-06-30,54,70,10,9,9,44.44,6.49877,-2.461807,2.1119,0.7326,1013.686,1.3686
q3,2025-07-01,2025-09-30,60,63,12,12,11,27.27,5.128861,-1.40856,1.3655,0.6042,1004.1181,0.4118
q3,2025-07-01,2025-09-30,59,64,12,12,11,27.27,5.128861,-1.440656,1.335,0.6043,1003.8613,0.3861
q3,2025-07-01,2025-09-30,61,62,12,12,11,27.27,5.128861,-1.40856,1.3655,0.6042,1004.1181,0.4118
q3,2025-07-01,2025-09-30,58,65,12,12,11,27.27,5.128861,-1.440656,1.335,0.6043,1003.8613,0.3861
q3,2025-07-01,2025-09-30,54,70,12,12,11,27.27,5.219739,-1.439642,1.3596,0.6042,1004.1421,0.4142
M-18,2018-01-01,2018-01-31,60,63,4,4,4,0.0,,-7.930537,0.0,3.1722,968.2779,-3.1722
M-18,2018-01-01,2018-01-31,59,64,4,4,4,0.0,,-7.930537,0.0,3.1722,968.2779,-3.1722
M-18,2018-01-01,2018-01-31,61,62,4,4,4,0.0,,-7.930537,0.0,3.1722,968.2779,-3.1722
M-18,2018-01-01,2018-01-31,58,65,4,4,4,0.0,,-7.930537,0.0,3.1722,968.2779,-3.1722
M-18,2018-01-01,2018-01-31,54,70,4,4,4,0.0,,-7.930537,0.0,3.1722,968.2779,-3.1722
M-18,2018-02-01,2018-02-28,60,63,2,1,1,100.0,26.769438,,inf,0.0,1026.7694,2.6769
M-18,2018-02-01,2018-02-28,59,64,2,1,1,100.0,26.769438,,inf,0.0,1026.7694,2.6769
M-18,2018-02-01,2018-02-28,61,62,2,1,1,100.0,26.769438,,inf,0.0,1026.7694,2.6769
M-18,2018-02-01,2018-02-28,58,65,2,1,1,100.0,26.769438,,inf,0.0,1026.7694,2.6769
M-18,2018-02-01,2018-02-28,54,70,2,1,1,100.0,26.769438,,inf,0.0,1026.7694,2.6769
M-18,2018-03-01,2018-03-31,60,63,2,3,2,0.0,,-2.404608,0.0,0.4809,995.1908,-0.4809
M-18,2018-03-01,2018-03-31,59,64,2,3,2,0.0,,-2.404608,0.0,0.4809,995.1908,-0.4809
M-18,2018-03-01,2018-03-31,61,62,2,3,2,0.0,,-2.404608,0.0,0.4809,995.1908,-0.4809
M-18,2018-03-01,2018-03-31,58,65,2,3,2,0.0,,-2.404608,0.0,0.4809,995.1908,-0.4809
M-18,2018-03-01,2018-03-31,54,70,2,3,2,0.0,,-2.404608,0.0,0.4809,995.1908,-0.4809
M-18,2018-04-01,2018-04-30,60,63,4,3,3,33.33,27.788342,-5.779916,2.4039,1.156,1016.2285,1.6229
M-18,2018-04-01,2018-04-30,59,64,4,3,3,33.33,27.788342,-5.779916,2.4039,1.156,1016.2285,1.6229
M-18,2018-04-01,2018-04-30,61,62,4,3,3,33.33,27.788342,-5.779916,2.4039,1.156,1016.2285,1.6229
M-18,2018-04-01,2018-04-30,58,65,4,3,3,33.33,27.788342,-5.779916,2.4039,1.156,1016.2285,1.6229
M-18,2018-04-01,2018-04-30,54,70,4,3,3,33.33,27.788342,-5.439052,2.5545,1.0878,1016.9102,1.691
M-18,2018-05-01,2018-05-31,60,63,3,3,2,50.0,1.443356,-3.2323,0.4465,0.3228,998.2111,-0.1789
M-18,2018-05-01,2018-05-31,59,64,3,3,2,50.0,1.443356,-3.2323,0.4465,0.3228,998.2111,-0.1789
M-18,2018-05-01,2018-05-31,61,62,3,3,2,50.0,1.443356,-3.2323,0.4465,0.3228,998.2111,-0.1789
M-18,2018-05-01,2018-05-31,58,65,3,3,2,50.0,1.315371,-3.2323,0.4069,0.3228,998.0831,-0.1917
M-18,2018-05-01,2018-05-31,54,70,3,3,2,50.0,1.315371,-3.2323,0.4069,0.3228,998.0831,-0.1917
M-18,2018-06-01,2018-06-30,60,63,2,3,2,0.0,,-3.458855,0.0,0.6918,993.0823,-0.6918
M-18,2018-06-01,2018-06-30,59,64,2,3,2,0.0,,-3.458855,0.0,0.6918,993.0823,-0.6918
M-18,2018-06-01,2018-06-30,61,62,2,3,2,0.0,,-3.458855,0.0,0.6918,993.0823,-0.6918
M-18,2018-06-01,2018-06-30,58,65,2,3,2,0.0,,-3.458855,0.0,0.6918,993.0823,-0.6918
M-18,2018-06-01,2018-06-30,54,70,2,3,2,0.0,,-3.458855,0.0,0.6918,993.0823,-0.6918
M-18,2018-07-01,2018-07-31,60,63,1,1,0,0.0,0.0,0.0,0.0,0.0,1000.0,0.0
M-18,2018-07-01,2018-07-31,59,64,1,1,0,0.0,0.0,0.0,0.0,0.0,1000.0,0.0
M-18,2018-07-01,2018-07-31,61,62,1,1,0,0.0,0.0,0.0,0.0,0.0,1000.0,0.0
M-18,2018-07-01,2018-07-31,58,65,1,1,0,0.0,0.0,0.0,0.0,0.0,1000.0,0.0
M-18,2018-07-01,2018-07-31,54,70,1,1,0,0.0,0.0,0.0,0.0,0.0,1000.0,0.0
M-18,2018-08-01,2018-08-31,60,63,3,2,2,0.0,,-2.394945,0.0,0.479,995.2101,-0.479
M-18,2018-08-01,2018-08-31,59,64,3,2,2,0.0,,-2.394945,0.0,0.479,995.2101,-0.479
M-18,2018-08-01,2018-08-31,61,62,3,2,2,0.0,,-2.394945,0.0,0.479,995.2101,-0.479
M-18,2018-08-01,2018-08-31,58,65,3,2,2,0.0,,-2.394945,0.0,0.479,995.2101,-0.479
M-18,2018-08-01,2018-08-31,54,70,3,2,2,0.0,,-2.394945,0.0,0.479,995.2101,-0.479
M-18,2018-09-01,2018-09-30,60,63,3,3,2,50.0,0.187792,-2.809702,0.0668,0.281,997.3781,-0.2622
M-18,2018-09-01,2018-09-30,59,64,3,3,2,50.0,0.187792,-2.809702,0.0668,0.281,997.3781,-0.2622
M-18,2018-09-01,2018-09-30,61,62,3,3,2,50.0,0.187792,-2.809702,0.0668,0.281,997.3781,-0.2622
M-18,2018-09-01,2018-09-30,58,65,3,3,2,50.0,0.187792,-2.809702,0.0668,0.281,997.3781,-0.2622
M-18,2018-09-01,2018-09-30,54,70,3,3,2,50.0,0.187792,-2.809702,0.0668,0.281,997.3781,-0.2622
M-18,2018-10-01,2018-10-31,60,63,3,4,3,33.33,0.224457,-6.020832,0.0186,1.2039,988.1828,-1.1817
M-18,2018-10-01,2018-10-31,59,64,3,4,3,33.33,0.224457,-6.020832,0.0186,1.2039,988.1828,-1.1817
M-18,2018-10-01,2018-10-31,61,62,3,4,3,33.33,0.296252,-6.020832,0.0246,1.2038,988.2546,-1.1745
M-18,2018-10-01,2018-10-31,58,65,3,4,3,33.33,0.141499,-6.020832,0.0118,1.204,988.0998,-1.19
M-18,2018-10-01,2018-10-31,54,70,3,4,3,33.33,0.224457,-6.020832,0.0186,1.2039,988.1828,-1.1817
M-18,2018-11-01,2018-11-30,60,63,4,3,3,0.0,,-1.051574,0.0,0.3155,996.8453,-0.3155
M-18,2018-11-01,2018-11-30,59,64,4,3,3,0.0,,-1.051574,0.0,0.3155,996.8453,-0.3155
M-18,2018-11-01,2018-11-30,61,62,4,3,3,0.0,,-1.051574,0.0,0.3155,996.8453,-0.3155
M-18,2018-11-01,2018-11-30,58,65,4,3,3,0.0,,-1.051574,0.0,0.3155,996.8453,-0.3155
M-18,2018-11-01,2018-11-30,54,70,4,3,3,0.0,,-1.051574,0.0,0.3155,996.8453,-0.3155
M-18,2018-12-01,2018-12-31,60,63,3,3,2,50.0,8.472875,-5.873508,1.4426,0.5874,1002.5994,0.2599
M-18,2018-12-01,2018-12-31,59,64,3,3,2,50.0,8.472875,-5.873508,1.4426,0.5874,1002.5994,0.2599
M-18,2018-12-01,2018-12-31,61,62,3,3,2,50.0,8.472875,-5.873508,1.4426,0.5874,1002.5994,0.2599
M-18,2018-12-01,2018-12-31,58,65,3,3,2,50.0,8.567364,-5.293239,1.6185,0.5293,1003.2741,0.3274
M-18,2018-12-01,2018-12-31,54,70,3,3,2,50.0,8.472875,-5.293239,1.6007,0.5293,1003.1796,0.318
M-19,2019-01-01,2019-01-31,60,63,4,4,4,0.0,,-1.688747,0.0,0.6755,993.245,-0.6755
M-19,2019-01-01,2019-01-31,59,64,4,4,4,0.0,,-1.688747,0.0,0.6755,993.245,-0.6755
M-19,2019-01-01,2019-01-31,61,62,4,4,4,0.0,,-1.688747,0.0,0.6755,993.245,-0.6755
M-19,2019-01-01,2019-01-31,58,65,4,4,4,0.0,,-1.688747,0.0,0.6755,993.245,-0.6755
M-19,2019-01-01,2019-01-31,54,70,4,4,4,0.0,,-1.629486,0.0,0.6518,993.4821,-0.6518
M-19,2019-02-01,2019-02-28,60,63,4,4,4,25.0,3.061087,-1.501118,0.6797,0.4503,998.5577,-0.1442
M-19,2019-02-01,2019-02-28,59,64,4,4,4,25.0,3.061087,-1.501118,0.6797,0.4503,998.5577,-0.1442
M-19,2019-02-01,2019-02-28,61,62,4,4,4,25.0,3.061087,-1.501118,0.6797,0.4503,998.5577,-0.1442
M-19,2019-02-01,2019-02-28,58,65,4,4,4,25.0,3.061087,-1.501118,0.6797,0.4503,998.5577,-0.1442
M-19,2019-02-01,2019-02-28,54,70,4,4,4,25.0,3.061087,-1.501118,0.6797,0.4503,998.5577,-0.1442
M-19,2019-03-01,2019-03-31,60,63,4,3,3,66.67,1.152687,-0.636652,3.6211,0.0635,1001.6687,0.1669
M-19,2019-03-01,2019-03-31,59,64,4,3,3,66.67,1.152687,-0.616477,3.7396,0.0615,1001.6889,0.1689
M-19,2019-03-01,2019-03-31,61,62,4,3,3,66.67,1.152687,-0.636652,3.6211,0.0635,1001.6687,0.1669
M-19,2019-03-01,2019-03-31,58,65,4,3,3,66.67,1.143489,-0.616477,3.7098,0.0615,1001.6705,0.1671
M-19,2019-03-01,2019-03-31,54,70,5,4,4,50.0,1.152687,-0.442072,2.6075,0.0882,1001.4212,0.1421
M-19,2019-04-01,2019-04-30,60,63,2,3,2,50.0,3.223836,-1.808101,1.783,0.1808,1001.4157,0.1416
M-19,2019-04-01,2019-04-30,59,64,2,3,2,50.0,3.223836,-1.808101,1.783,0.1808,1001.4157,0.1416
M-19,2019-04-01,2019-04-30,61,62,2,3,2,50.0,3.223836,-1.808101,1.783,0.1808,1001.4157,0.1416
M-19,2019-04-01,2019-04-30,58,65,2,3,2,50.0,3.223836,-1.808101,1.783,0.1808,1001.4157,0.1416
M-19,2019-04-01,2019-04-30,54,70,2,3,2,50.0,2.817101,-1.808101,1.558,0.1808,1001.009,0.1009
M-19,2019-05-01,2019-05-31,60,63,3,2,2,50.0,34.457439,-4.970431,6.9325,0.4805,1029.487,2.9487
M-19,2019-05-01,2019-05-31,59,64,3,2,2,50.0,34.457439,-4.970431,6.9325,0.4805,1029.487,2.9487
M-19,2019-05-01,2019-05-31,61,62,3,2,2,50.0,34.457439,-4.970431,6.9325,0.4805,1029.487,2.9487
M-19,2019-05-01,2019-05-31,58,65,3,2,2,50.0,34.457439,-4.970431,6.9325,0.4805,1029.487,2.9487
M-19,2019-05-01,2019-05-31,54,70,3,2,2,50.0,34.457439,-4.970431,6.9325,0.4805,1029.487,2.9487
M-19,2019-06-01,2019-06-30,60,63,3,2,2,0.0,,-1.498485,0.0,0.2997,997.003,-0.2997
M-19,2019-06-01,2019-06-30,59,64,3,2,2,0.0,,-1.498485,0.0,0.2997,997.003,-0.2997
M-19,2019-06-01,2019-06-30,61,62,3,2,2,0.0,,-1.498485,0.0,0.2997,997.003,-0.2997
M-19,2019-06-01,2019-06-30,58,65,3,2,2,0.0,,-1.498485,0.0,0.2997,997.003,-0.2997
M-19,2019-06-01,2019-06-30,54,70,3,2,2,0.0,,-1.498485,0.0,0.2997,997.003,-0.2997
M-19,2019-07-01,2019-07-31,60,63,3,3,3,33.33,1.862729,-4.173462,0.2232,0.8118,993.5158,-0.6484
M-19,2019-07-01,2019-07-31,59,64,3,3,3,33.33,1.862729,-4.173462,0.2232,0.8118,993.5158,-0.6484
M-19,2019-07-01,2019-07-31,61,62,3,3,3,33.33,1.862729,-4.173462,0.2232,0.8118,993.5158,-0.6484
M-19,2019-07-01,2019-07-31,58,65,3,3,3,33.33,1.862729,-4.173462,0.2232,0.8118,993.5158,-0.6484
M-19,2019-07-01,2019-07-31,54,70,3,3,3,33.33,2.440985,-4.173462,0.2924,0.8118,994.0941,-0.5906
M-19,2019-08-01,2019-08-31,60,63,2,3,2,0.0,,-3.193553,0.0,0.6387,993.6129,-0.6387
M-19,2019-08-01,2019-08-31,59,64,2,3,2,0.0,,-3.193553,0.0,0.6387,993.6129,-0.6387
M-19,2019-08-01,2019-08-31,61,62,2,3,2,0.0,,-3.193553,0.0,0.6387,993.6129,-0.6387
M-19,2019-08-01,2019-08-31,58,65,2,3,2,0.0,,-3.193553,0.0,0.6387,993.6129,-0.6387
M-19,2019-08-01,2019-08-31,54,70,2,3,2,0.0,,-3.193553,0.0,0.6387,993.6129,-0.6387
M-19,2019-09-01,2019-09-30,60,63,2,2,2,50.0,5.783732,-2.387846,2.4222,0.2374,1003.3959,0.3396
M-19,2019-09-01,2019-09-30,59,64,2,2,2,50.0,5.783732,-2.387846,2.4222,0.2374,1003.3959,0.3396
M-19,2019-09-01,2019-09-30,61,62,2,2,2,50.0,5.783732,-2.387846,2.4222,0.2374,1003.3959,0.3396
M-19,2019-09-01,2019-09-30,58,65,2,2,2,50.0,5.783732,-2.387846,2.4222,0.2374,1003.3959,0.3396
M-19,2019-09-01,2019-09-30,54,70,2,2,2,50.0,5.445207,-2.387846,2.2804,0.2375,1003.0574,0.3057
M-19,2019-10-01,2019-10-31,60,63,5,4,4,25.0,0.453825,-2.411726,0.0627,0.6781,993.2186,-0.6781
M-19,2019-10-01,2019-10-31,59,64,5,4,4,25.0,0.453825,-2.411726,0.0627,0.6781,993.2186,-0.6781
M-19,2019-10-01,2019-10-31,61,62,5,4,4,25.0,0.453825,-2.411726,0.0627,0.6781,993.2186,-0.6781
M-19,2019-10-01,2019-10-31,58,65,5,4,4,25.0,0.453825,-2.411726,0.0627,0.6781,993.2186,-0.6781
M-19,2019-10-01,2019-10-31,54,70,5,4,4,25.0,0.453825,-2.441049,0.062,0.6869,993.1307,-0.6869
M-19,2019-11-01,2019-11-30,60,63,3,2,2,0.0,,-0.615425,0.0,0.1231,998.7691,-0.1231
M-19,2019-11-01,2019-11-30,59,64,3,2,2,0.0,,-0.615425,0.0,0.1231,998.7691,-0.1231
M-19,2019-11-01,2019-11-30,61,62,3,2,2,0.0,,-0.615425,0.0,0.1231,998.7691,-0.1231
M-19,2019-11-01,2019-11-30,58,65,3,2,2,0.0,,-0.615425,0.0,0.1231,998.7691,-0.1231
M-19,2019-11-01,2019-11-30,54,70,3,2,2,0.0,,-0.659804,0.0,0.132,998.6804,-0.132
M-19,2019-12-01,2019-12-31,60,63,3,3,2,100.0,0.816546,,inf,0.0,1001.6331,0.1633
M-19,2019-12-01,2019-12-31,59,64,3,3,2,100.0,0.816546,,inf,0.0,1001.6331,0.1633
M-19,2019-12-01,2019-12-31,61,62,3,3,2,100.0,0.816546,,inf,0.0,1001.6331,0.1633
M-19,2019-12-01,2019-12-31,58,65,3,3,2,100.0,0.816546,,inf,0.0,1001.6331,0.1633
M-19,2019-12-01,2019-12-31,54,70,3,3,2,100.0,0.816546,,inf,0.0,1001.6331,0.1633
M-20,2020-01-01,2020-01-31,60,63,2,1,1,100.0,17.681137,,inf,0.0,1017.6811,1.7681
M-20,2020-01-01,2020-01-31,59,64,2,1,1,100.0,17.681137,,inf,0.0,1017.6811,1.7681
M-20,2020-01-01,2020-01-31,61,62,2,1,1,100.0,17.681137,,inf,0.0,1017.6811,1.7681
M-20,2020-01-01,2020-01-31,58,65,2,1,1,100.0,17.681137,,inf,0.0,1017.6811,1.7681
M-20,2020-01-01,2020-01-31,54,70,2,1,1,100.0,17.681137,,inf,0.0,1017.6811,1.7681
M-20,2020-02-01,2020-02-28,60,63,3,4,3,33.33,3.461152,-3.793927,0.4561,0.7562,995.8733,-0.4127
M-20,2020-02-01,2020-02-28,59,64,3,4,3,33.33,3.461152,-3.793927,0.4561,0.7562,995.8733,-0.4127
M-20,2020-02-01,2020-02-28,61,62,3,4,3,33.33,3.461152,-3.732505,0.4637,0.7439,995.9961,-0.4004
M-20,2020-02-01,2020-02-28,58,65,3,4,3,33.33,3.461152,-3.793927,0.4561,0.7562,995.8733,-0.4127
M-20,2020-02-01,2020-02-28,54,70,3,4,3,33.33,3.461152,-3.700548,0.4677,0.7376,996.0601,-0.394
M-20,2020-03-01,2020-03-31,60,63,2,2,2,50.0,9.661393,-1.664074,5.8059,0.1664,1007.9973,0.7997
M-20,2020-03-01,2020-03-31,59,64,2,2,2,50.0,9.661393,-1.664074,5.8059,0.1664,1007.9973,0.7997
M-20,2020-03-01,2020-03-31,61,62,2,2,2,50.0,9.661393,-1.664074,5.8059,0.1664,1007.9973,0.7997
M-20,2020-03-01,2020-03-31,58,65,2,2,2,50.0,9.661393,-1.664074,5.8059,0.1664,1007.9973,0.7997
M-20,2020-03-01,2020-03-31,54,70,2,2,2,50.0,5.408571,-1.664074,3.2502,0.1664,1003.7445,0.3744
M-20,2020-04-01,2020-04-30,60,63,3,3,2,50.0,3.843491,-2.108183,1.8231,0.21,1001.7353,0.1735
M-20,2020-04-01,2020-04-30,59,64,3,3,2,50.0,3.843491,-2.108183,1.8231,0.21,1001.7353,0.1735
M-20,2020-04-01,2020-04-30,61,62,3,3,2,50.0,3.843491,-2.108183,1.8231,0.21,1001.7353,0.1735
M-20,2020-04-01,2020-04-30,58,65,3,3,2,50.0,3.843491,-2.108183,1.8231,0.21,1001.7353,0.1735
M-20,2020-04-01,2020-04-30,54,70,3,3,2,50.0,3.843491,-2.108183,1.8231,0.21,1001.7353,0.1735
M-20,2020-05-01,2020-05-31,60,63,2,2,1,100.0,1.460664,,inf,0.0,1001.4607,0.1461
M-20,2020-05-01,2020-05-31,59,64,2,2,1,100.0,1.457668,,inf,0.0,1001.4577,0.1458
M-20,2020-05-01,2020-05-31,61,62,2,2,1,100.0,1.460664,,inf,0.0,1001.4607,0.1461
M-20,2020-05-01,2020-05-31,58,65,2,2,1,100.0,1.457668,,inf,0.0,1001.4577,0.1458
M-20,2020-05-01,2020-05-31,54,70,2,2,1,100.0,1.460664,,inf,0.0,1001.4607,0.1461
M-20,2020-06-01,2020-06-30,60,63,3,4,3,0.0,,-1.92624,0.0,0.5779,994.2213,-0.5779
M-20,2020-06-01,2020-06-30,59,64,3,4,3,0.0,,-1.897148,0.0,0.5691,994.3086,-0.5691
M-20,2020-06-01,2020-06-30,61,62,3,4,3,0.0,,-1.92624,0.0,0.5779,994.2213,-0.5779
M-20,2020-06-01,2020-06-30,58,65,3,4,3,0.0,,-1.897148,0.0,0.5691,994.3086,-0.5691
M-20,2020-06-01,2020-06-30,54,70,3,4,3,0.0,,-2.023884,0.0,0.6072,993.9283,-0.6072
M-20,2020-07-01,2020-07-31,60,63,4,3,3,0.0,,-0.790918,0.0,0.2373,997.6272,-0.2373
M-20,2020-07-01,2020-07-31,59,64,4,3,3,0.0,,-0.790918,0.0,0.2373,997.6272,-0.2373
M-20,2020-07-01,2020-07-31,61,62,4,3,3,0.0,,-0.790918,0.0,0.2373,997.6272,-0.2373
M-20,2020-07-01,2020-07-31,58,65,4,3,3,0.0,,-0.790918,0.0,0.2373,997.6272,-0.2373
M-20,2020-07-01,2020-07-31,54,70,4,3,3,0.0,,-0.790918,0.0,0.2373,997.6272,-0.2373
M-20,2020-08-01,2020-08-31,60,63,4,4,3,33.33,0.45858,-0.880943,0.2603,0.1316,998.6967,-0.1303
M-20,2020-08-01,2020-08-31,59,64,4,4,3,33.33,0.45858,-0.880943,0.2603,0.1316,998.6967,-0.1303
M-20,2020-08-01,2020-08-31,61,62,4,4,3,33.33,0.45858,-0.880943,0.2603,0.1316,998.6967,-0.1303
M-20,2020-08-01,2020-08-31,58,65,4,4,3,33.33,0.45858,-0.880943,0.2603,0.1316,998.6967,-0.1303
M-20,2020-08-01,2020-08-31,54,70,4,4,3,33.33,0.45858,-0.880943,0.2603,0.1316,998.6967,-0.1303
M-20,2020-09-01,2020-09-30,60,63,2,2,1,100.0,2.958298,,inf,0.0,1002.9583,0.2958
M-20,2020-09-01,2020-09-30,59,64,2,2,1,100.0,2.958298,,inf,0.0,1002.9583,0.2958
M-20,2020-09-01,2020-09-30,61,62,2,2,1,100.0,2.958298,,inf,0.0,1002.9583,0.2958
M-20,2020-09-01,2020-09-30,58,65,2,2,1,100.0,2.958298,,inf,0.0,1002.9583,0.2958
M-20,2020-09-01,2020-09-30,54,70,2,2,1,100.0,2.958298,,inf,0.0,1002.9583,0.2958
M-20,2020-10-01,2020-10-31,60,63,3,3,2,50.0,3.9598,-0.510443,7.7576,0.051,1003.4494,0.3449
M-20,2020-10-01,2020-10-31,59,64,3,3,2,50.0,3.9598,-0.510443,7.7576,0.051,1003.4494,0.3449
M-20,2020-10-01,2020-10-31,61,62,3,3,2,50.0,3.9598,-0.510443,7.7576,0.051,1003.4494,0.3449
M-20,2020-10-01,2020-10-31,58,65,3,3,2,50.0,3.9598,-0.510443,7.7576,0.051,1003.4494,0.3449
M-20,2020-10-01,2020-10-31,54,70,3,3,2,50.0,3.872377,-0.510443,7.5863,0.051,1003.3619,0.3362
M-20,2020-11-01,2020-11-30,60,63,2,2,1,100.0,22.920382,,inf,0.0,1022.9204,2.292
M-20,2020-11-01,2020-11-30,59,64,2,2,1,100.0,22.920382,,inf,0.0,1022.9204,2.292
M-20,2020-11-01,2020-11-30,61,62,2,2,1,100.0,22.920382,,inf,0.0,1022.9204,2.292
M-20,2020-11-01,2020-11-30,58,65,2,2,1,100.0,22.920382,,inf,0.0,1022.9204,2.292
M-20,2020-11-01,2020-11-30,54,70,2,2,1,100.0,22.920382,,inf,0.0,1022.9204,2.292
M-20,2020-12-01,2020-12-31,60,63,1,1,0,0.0,0.0,0.0,0.0,0.0,1000.0,0.0
M-20,2020-12-01,2020-12-31,59,64,1,1,0,0.0,0.0,0.0,0.0,0.0,1000.0,0.0
M-20,2020-12-01,2020-12-31,61,62,1,1,0,0.0,0.0,0.0,0.0,0.0,1000.0,0.0
M-20,2020-12-01,2020-12-31,58,65,1,1,0,0.0,0.0,0.0,0.0,0.0,1000.0,0.0
M-20,2020-12-01,2020-12-31,54,70,1,1,0,0.0,0.0,0.0,0.0,0.0,1000.0,0.0
M-21,2021-01-01,2021-01-31,60,63,4,4,3,0.0,,-6.119502,0.0,1.8359,981.6415,-1.8359
M-21,2021-01-01,2021-01-31,59,64,4,4,3,0.0,,-6.119502,0.0,1.8359,981.6415,-1.8359
M-21,2021-01-01,2021-01-31,61,62,4,4,3,0.0,,-6.119502,0.0,1.8359,981.6415,-1.8359
M-21,2021-01-01,2021-01-31,58,65,4,4,3,0.0,,-6.119502,0.0,1.8359,981.6415,-1.8359
M-21,2021-01-01,2021-01-31,54,70,4,4,3,0.0,,-6.119502,0.0,1.8359,981.6415,-1.8359
M-21,2021-02-01,2021-02-28,60,63,0,1,0,0.0,0.0,0.0,0.0,0.0,1000.0,0.0
M-21,2021-02-01,2021-02-28,59,64,0,1,0,0.0,0.0,0.0,0.0,0.0,1000.0,0.0
M-21,2021-02-01,2021-02-28,61,62,0,1,0,0.0,0.0,0.0,0.0,0.0,1000.0,0.0
M-21,2021-02-01,2021-02-28,58,65,0,1,0,0.0,0.0,0.0,0.0,0.0,1000.0,0.0
M-21,2021-02-01,2021-02-28,54,70,0,1,0,0.0,0.0,0.0,0.0,0.0,1000.0,0.0
M-21,2021-03-01,2021-03-31,60,63,4,3,3,33.33,13.55394,-4.489841,1.5094,0.4521,1004.5743,0.4574
M-21,2021-03-01,2021-03-31,59,64,4,3,3,33.33,13.55394,-4.489841,1.5094,0.4521,1004.5743,0.4574
M-21,2021-03-01,2021-03-31,61,62,4,3,3,33.33,13.55394,-4.489841,1.5094,0.4521,1004.5743,0.4574
M-21,2021-03-01,2021-03-31,58,65,4,3,3,33.33,13.55394,-4.735299,1.4312,0.4908,1004.0833,0.4083
M-21,2021-03-01,2021-03-31,54,70,4,3,3,33.33,13.55394,-4.735299,1.4312,0.4908,1004.0833,0.4083
M-21,2021-04-01,2021-04-30,60,63,3,3,2,50.0,5.50947,-1.597585,3.4486,0.1598,1003.9119,0.3912
M-21,2021-04-01,2021-04-30,59,64,3,3,2,50.0,5.50947,-1.597585,3.4486,0.1598,1003.9119,0.3912
M-21,2021-04-01,2021-04-30,61,62,3,3,2,50.0,5.50947,-1.597585,3.4486,0.1598,1003.9119,0.3912
M-21,2021-04-01,2021-04-30,58,65,3,3,2,50.0,5.50947,-1.597585,3.4486,0.1598,1003.9119,0.3912
M-21,2021-04-01,2021-04-30,54,70,3,3,2,50.0,5.50947,-1.597585,3.4486,0.1598,1003.9119,0.3912
M-21,2021-05-01,2021-05-31,60,63,2,3,2,0.0,,-3.077953,0.0,0.6156,993.8441,-0.6156
M-21,2021-05-01,2021-05-31,59,64,2,3,2,0.0,,-3.077953,0.0,0.6156,993.8441,-0.6156
M-21,2021-05-01,2021-05-31,61,62,2,3,2,0.0,,-3.077953,0.0,0.6156,993.8441,-0.6156
M-21,2021-05-01,2021-05-31,58,65,2,3,2,0.0,,-3.283017,0.0,0.6566,993.434,-0.6566
M-21,2021-05-01,2021-05-31,54,70,2,3,2,0.0,,-3.283017,0.0,0.6566,993.434,-0.6566
M-21,2021-06-01,2021-06-30,60,63,5,4,4,25.0,0.657521,-5.158908,0.0425,1.4819,985.1808,-1.4819
M-21,2021-06-01,2021-06-30,59,64,5,4,4,25.0,0.657521,-4.869137,0.045,1.395,986.0501,-1.395
M-21,2021-06-01,2021-06-30,61,62,5,4,4,25.0,0.657521,-5.158908,0.0425,1.4819,985.1808,-1.4819
M-21,2021-06-01,2021-06-30,58,65,5,4,4,25.0,0.657521,-4.869137,0.045,1.395,986.0501,-1.395
M-21,2021-06-01,2021-06-30,54,70,5,4,4,25.0,0.657521,-4.869137,0.045,1.395,986.0501,-1.395
M-21,2021-07-01,2021-07-31,60,63,4,4,3,0.0,,-2.947597,0.0,0.8843,991.1572,-0.8843
M-21,2021-07-01,2021-07-31,59,64,4,4,3,0.0,,-2.947597,0.0,0.8843,991.1572,-0.8843
M-21,2021-07-01,2021-07-31,61,62,4,4,3,0.0,,-2.947597,0.0,0.8843,991.1572,-0.8843
M-21,2021-07-01,2021-07-31,58,65,4,4,3,0.0,,-2.947597,0.0,0.8843,991.1572,-0.8843
M-21,2021-07-01,2021-07-31,54,70,4,4,3,0.0,,-3.019087,0.0,0.9057,990.9427,-0.9057
M-21,2021-08-01,2021-08-31,60,63,3,4,3,66.67,7.332576,-2.799856,5.2378,0.2759,1011.8653,1.1865
M-21,2021-08-01,2021-08-31,59,64,3,4,3,66.67,7.332576,-2.799856,5.2378,0.2759,1011.8653,1.1865
M-21,2021-08-01,2021-08-31,61,62,3,4,3,66.67,7.332576,-2.799856,5.2378,0.2759,1011.8653,1.1865
M-21,2021-08-01,2021-08-31,58,65,3,4,3,66.67,7.332576,-2.799856,5.2378,0.2759,1011.8653,1.1865
M-21,2021-08-01,2021-08-31,54,70,3,4,3,66.67,7.332576,-2.799856,5.2378,0.2759,1011.8653,1.1865
M-21,2021-09-01,2021-09-30,60,63,3,3,3,0.0,,-3.605313,0.0,1.0816,989.1841,-1.0816
M-21,2021-09-01,2021-09-30,59,64,3,3,3,0.0,,-3.605313,0.0,1.0816,989.1841,-1.0816
M-21,2021-09-01,2021-09-30,61,62,3,3,3,0.0,,-3.605313,0.0,1.0816,989.1841,-1.0816
M-21,2021-09-01,2021-09-30,58,65,3,3,3,0.0,,-3.605313,0.0,1.0816,989.1841,-1.0816
M-21,2021-09-01,2021-09-30,54,70,3,3,3,0.0,,-3.581927,0.0,1.0746,989.2542,-1.0746
M-21,2021-10-01,2021-10-31,60,63,2,2,1,0.0,,-4.605679,0.0,0.4606,995.3943,-0.4606
M-21,2021-10-01,2021-10-31,59,64,2,2,1,0.0,,-4.605679,0.0,0.4606,995.3943,-0.4606
M-21,2021-10-01,2021-10-31,61,62,2,2,1,0.0,,-4.605679,0.0,0.4606,995.3943,-0.4606
M-21,2021-10-01,2021-10-31,58,65,2,2,1,0.0,,-4.605679,0.0,0.4606,995.3943,-0.4606
M-21,2021-10-01,2021-10-31,54,70,2,2,1,0.0,,-4.605679,0.0,0.4606,995.3943,-0.4606
M-21,2021-11-01,2021-11-30,60,63,6,5,5,20.0,4.272738,-3.583293,0.2981,1.1154,989.9396,-1.006
M-21,2021-11-01,2021-11-30,59,64,6,5,5,20.0,4.272738,-3.583293,0.2981,1.1154,989.9396,-1.006
M-21,2021-11-01,2021-11-30,61,62,6,5,5,20.0,4.272738,-3.583293,0.2981,1.1154,989.9396,-1.006
M-21,2021-11-01,2021-11-30,58,65,6,5,5,20.0,4.272738,-3.611704,0.2958,1.1156,989.8259,-1.0174
M-21,2021-11-01,2021-11-30,54,70,6,5,5,20.0,4.257426,-3.558833,0.2991,1.1057,990.0221,-0.9978
M-21,2021-12-01,2021-12-31,60,63,3,4,3,33.33,0.949215,-3.755618,0.1264,0.7511,993.438,-0.6562
M-21,2021-12-01,2021-12-31,59,64,3,4,3,33.33,0.949215,-3.755618,0.1264,0.7511,993.438,-0.6562
M-21,2021-12-01,2021-12-31,61,62,3,4,3,33.33,0.949215,-3.755618,0.1264,0.7511,993.438,-0.6562
M-21,2021-12-01,2021-12-31,58,65,3,4,3,33.33,0.949215,-3.755618,0.1264,0.7511,993.438,-0.6562
M-21,2021-12-01,2021-12-31,54,70,3,4,3,33.33,0.963896,-3.05256,0.1579,0.6105,994.8588,-0.5141
M-22,2022-01-01,2022-01-31,60,63,3,2,2,50.0,0.227212,-4.572609,0.0497,0.4572,995.6546,-0.4345
M-22,2022-01-01,2022-01-31,59,64,3,2,2,50.0,0.227212,-4.572609,0.0497,0.4572,995.6546,-0.4345
M-22,2022-01-01,2022-01-31,61,62,3,2,2,50.0,0.227212,-4.572609,0.0497,0.4572,995.6546,-0.4345
M-22,2022-01-01,2022-01-31,58,65,3,2,2,50.0,0.227212,-4.572609,0.0497,0.4572,995.6546,-0.4345
M-22,2022-01-01,2022-01-31,54,70,3,2,2,50.0,0.227212,-4.572609,0.0497,0.4572,995.6546,-0.4345
M-22,2022-02-01,2022-02-28,60,63,3,3,2,50.0,5.227956,-4.452484,1.1742,0.4429,1000.7755,0.0775
M-22,2022-02-01,2022-02-28,59,64,3,3,2,50.0,5.227956,-4.452484,1.1742,0.4429,1000.7755,0.0775
M-22,2022-02-01,2022-02-28,61,62,3,3,2,50.0,5.227956,-4.452484,1.1742,0.4429,1000.7755,0.0775
M-22,2022-02-01,2022-02-28,58,65,3,3,2,50.0,5.227956,-4.452484,1.1742,0.4429,1000.7755,0.0775
M-22,2022-02-01,2022-02-28,54,70,3,3,2,50.0,5.227956,-4.452484,1.1742,0.4429,1000.7755,0.0775
M-22,2022-03-01,2022-03-31,60,63,2,2,1,0.0,,-7.446227,0.0,0.7446,992.5538,-0.7446
M-22,2022-03-01,2022-03-31,59,64,2,2,1,0.0,,-7.446227,0.0,0.7446,992.5538,-0.7446
M-22,2022-03-01,2022-03-31,61,62,2,2,1,0.0,,-7.446227,0.0,0.7446,992.5538,-0.7446
M-22,2022-03-01,2022-03-31,58,65,2,2,1,0.0,,-7.446227,0.0,0.7446,992.5538,-0.7446
M-22,2022-03-01,2022-03-31,54,70,2,2,1,0.0,,-7.446227,0.0,0.7446,992.5538,-0.7446
M-22,2022-04-01,2022-04-30,60,63,5,5,5,0.0,,-2.236537,0.0,1.1183,988.8173,-1.1183
M-22,2022-04-01,2022-04-30,59,64,5,5,5,0.0,,-2.236537,0.0,1.1183,988.8173,-1.1183
M-22,2022-04-01,2022-04-30,61,62,5,5,5,0.0,,-2.236537,0.0,1.1183,988.8173,-1.1183
M-22,2022-04-01,2022-04-30,58,65,5,5,5,0.0,,-2.236537,0.0,1.1183,988.8173,-1.1183
M-22,2022-04-01,2022-04-30,54,70,5,5,5,0.0,,-2.355655,0.0,1.1778,988.2217,-1.1778
M-22,2022-05-01,2022-05-31,60,63,7,6,6,0.0,,-4.090848,0.0,2.4545,975.4549,-2.4545
M-22,2022-05-01,2022-05-31,59,64,7,6,6,0.0,,-4.090848,0.0,2.4545,975.4549,-2.4545
M-22,2022-05-01,2022-05-31,61,62,7,6,6,0.0,,-4.090848,0.0,2.4545,975.4549,-2.4545
M-22,2022-05-01,2022-05-31,58,65,7,6,6,0.0,,-4.090848,0.0,2.4545,975.4549,-2.4545
M-22,2022-05-01,2022-05-31,54,70,7,6,6,0.0,,-4.090848,0.0,2.4545,975.4549,-2.4545
M-22,2022-06-01,2022-06-30,60,63,4,5,4,25.0,0.116165,-3.78092,0.0102,1.1343,988.7734,-1.1227
M-22,2022-06-01,2022-06-30,59,64,4,5,4,25.0,0.116165,-4.468864,0.0087,1.3407,986.7096,-1.329
M-22,2022-06-01,2022-06-30,61,62,4,5,4,25.0,0.116165,-3.834859,0.0101,1.1505,988.6116,-1.1388
M-22,2022-06-01,2022-06-30,58,65,4,5,4,25.0,0.116165,-4.468864,0.0087,1.3407,986.7096,-1.329
M-22,2022-06-01,2022-06-30,54,70,4,5,4,25.0,0.116165,-4.922318,0.0079,1.4767,985.3492,-1.4651
M-22,2022-07-01,2022-07-31,60,63,3,2,2,100.0,5.348293,,inf,0.0,1010.6966,1.0697
M-22,2022-07-01,2022-07-31,59,64,3,2,2,100.0,5.348293,,inf,0.0,1010.6966,1.0697
M-22,2022-07-01,2022-07-31,61,62,3,2,2,100.0,5.348293,,inf,0.0,1010.6966,1.0697
M-22,2022-07-01,2022-07-31,58,65,3,2,2,100.0,5.348293,,inf,0.0,1010.6966,1.0697
M-22,2022-07-01,2022-07-31,54,70,3,2,2,100.0,5.348293,,inf,0.0,1010.6966,1.0697
M-22,2022-08-01,2022-08-31,60,63,4,5,4,25.0,0.532148,-2.064154,0.0859,0.566,994.3397,-0.566
M-22,2022-08-01,2022-08-31,59,64,4,5,4,25.0,0.532148,-2.064154,0.0859,0.566,994.3397,-0.566
M-22,2022-08-01,2022-08-31,61,62,4,5,4,25.0,0.532148,-2.064154,0.0859,0.566,994.3397,-0.566
M-22,2022-08-01,2022-08-31,58,65,4,5,4,25.0,0.532148,-2.147374,0.0826,0.591,994.09,-0.591
M-22,2022-08-01,2022-08-31,54,70,5,6,5,20.0,0.532148,-1.631357,0.0815,0.5993,994.0067,-0.5993
M-22,2022-09-01,2022-09-30,60,63,3,2,2,0.0,,-2.693314,0.0,0.5387,994.6134,-0.5387
M-22,2022-09-01,2022-09-30,59,64,3,2,2,0.0,,-2.693314,0.0,0.5387,994.6134,-0.5387
M-22,2022-09-01,2022-09-30,61,62,3,2,2,0.0,,-2.693314,0.0,0.5387,994.6134,-0.5387
M-22,2022-09-01,2022-09-30,58,65,3,2,2,0.0,,-2.693314,0.0,0.5387,994.6134,-0.5387
M-22,2022-09-01,2022-09-30,54,70,3,2,2,0.0,,-2.693314,0.0,0.5387,994.6134,-0.5387
M-22,2022-10-01,2022-10-31,60,63,4,4,3,0.0,,-1.727739,0.0,0.5183,994.8168,-0.5183
M-22,2022-10-01,2022-10-31,59,64,4,4,3,0.0,,-1.727739,0.0,0.5183,994.8168,-0.5183
M-22,2022-10-01,2022-10-31,61,62,4,4,3,0.0,,-1.727739,0.0,0.5183,994.8168,-0.5183
M-22,2022-10-01,2022-10-31,58,65,4,4,3,0.0,,-1.727739,0.0,0.5183,994.8168,-0.5183
M-22,2022-10-01,2022-10-31,54,70,4,4,3,0.0,,-1.727739,0.0,0.5183,994.8168,-0.5183
M-22,2022-11-01,2022-11-30,60,63,2,2,2,0.0,,-2.114606,0.0,0.4229,995.7708,-0.4229
M-22,2022-11-01,2022-11-30,59,64,2,2,2,0.0,,-2.114606,0.0,0.4229,995.7708,-0.4229
M-22,2022-11-01,2022-11-30,61,62,2,2,2,0.0,,-2.114606,0.0,0.4229,995.7708,-0.4229
M-22,2022-11-01,2022-11-30,58,65,2,2,2,0.0,,-2.114606,0.0,0.4229,995.7708,-0.4229
M-22,2022-11-01,2022-11-30,54,70,2,2,2,0.0,,-2.114606,0.0,0.4229,995.7708,-0.4229
M-22,2022-12-01,2022-12-31,60,63,4,5,4,0.0,,-1.246885,0.0,0.4988,995.0125,-0.4988
M-22,2022-12-01,2022-12-31,59,64,4,5,4,0.0,,-1.246885,0.0,0.4988,995.0125,-0.4988
M-22,2022-12-01,2022-12-31,61,62,4,5,4,0.0,,-1.246885,0.0,0.4988,995.0125,-0.4988
M-22,2022-12-01,2022-12-31,58,65,4,5,4,0.0,,-1.246885,0.0,0.4988,995.0125,-0.4988
M-22,2022-12-01,2022-12-31,54,70,4,5,4,0.0,,-1.290513,0.0,0.5162,994.8379,-0.5162
M-23,2023-01-01,2023-01-31,60,63,1,0,0,0.0,0.0,0.0,0.0,0.0,1000.0,0.0
M-23,2023-01-01,2023-01-31,59,64,1,0,0,0.0,0.0,0.0,0.0,0.0,1000.0,0.0
M-23,2023-01-01,2023-01-31,61,62,1,0,0,0.0,0.0,0.0,0.0,0.0,1000.0,0.0
M-23,2023-01-01,2023-01-31,58,65,1,0,0,0.0,0.0,0.0,0.0,0.0,1000.0,0.0
M-23,2023-01-01,2023-01-31,54,70,1,0,0,0.0,0.0,0.0,0.0,0.0,1000.0,0.0
M-23,2023-02-01,2023-02-28,60,63,2,2,2,50.0,8.383439,-1.641988,5.1057,0.1642,1006.7415,0.6741
M-23,2023-02-01,2023-02-28,59,64,2,2,2,50.0,8.383439,-1.641988,5.1057,0.1642,1006.7415,0.6741
M-23,2023-02-01,2023-02-28,61,62,2,2,2,50.0,7.954742,-1.641988,4.8446,0.1642,1006.3128,0.6313
M-23,2023-02-01,2023-02-28,58,65,2,2,2,50.0,8.383439,-1.641988,5.1057,0.1642,1006.7415,0.6741
M-23,2023-02-01,2023-02-28,54,70,2,2,2,50.0,7.954742,-1.641988,4.8446,0.1642,1006.3128,0.6313
M-23,2023-03-01,2023-03-31,60,63,4,3,3,33.33,23.788286,-3.179372,3.741,0.3815,1017.4295,1.743
M-23,2023-03-01,2023-03-31,59,64,4,3,3,33.33,23.788286,-3.179372,3.741,0.3815,1017.4295,1.743
M-23,2023-03-01,2023-03-31,61,62,4,3,3,33.33,23.788286,-3.179372,3.741,0.3815,1017.4295,1.743
M-23,2023-03-01,2023-03-31,58,65,4,3,3,33.33,23.788286,-3.179372,3.741,0.3815,1017.4295,1.743
M-23,2023-03-01,2023-03-31,54,70,4,3,3,33.33,23.788286,-3.134306,3.7948,0.3726,1017.5197,1.752
M-23,2023-04-01,2023-04-30,60,63,4,4,3,33.33,5.347242,-2.867711,0.9323,0.3414,999.6118,-0.0388
M-23,2023-04-01,2023-04-30,59,64,4,4,3,33.33,5.347242,-2.867711,0.9323,0.3414,999.6118,-0.0388
M-23,2023-04-01,2023-04-30,61,62,4,4,3,33.33,5.347242,-2.867711,0.9323,0.3414,999.6118,-0.0388
M-23,2023-04-01,2023-04-30,58,65,4,4,3,33.33,5.347242,-2.881553,0.9278,0.3441,999.5841,-0.0416
M-23,2023-04-01,2023-04-30,54,70,4,4,3,33.33,5.347242,-2.881553,0.9278,0.3441,999.5841,-0.0416
M-23,2023-05-01,2023-05-31,60,63,6,6,5,0.0,,-1.648786,0.0,0.8244,991.7561,-0.8244
M-23,2023-05-01,2023-05-31,59,64,6,6,5,0.0,,-1.648786,0.0,0.8244,991.7561,-0.8244
M-23,2023-05-01,2023-05-31,61,62,6,6,5,0.0,,-1.648786,0.0,0.8244,991.7561,-0.8244
M-23,2023-05-01,2023-05-31,58,65,6,6,5,0.0,,-1.648786,0.0,0.8244,991.7561,-0.8244
M-23,2023-05-01,2023-05-31,54,70,6,6,5,0.0,,-1.62537,0.0,0.8127,991.8732,-0.8127
M-23,2023-06-01,2023-06-30,60,63,3,2,2,50.0,14.488528,-0.60989,23.756,0.061,1013.8786,1.3879
M-23,2023-06-01,2023-06-30,59,64,3,2,2,50.0,14.488528,-0.60989,23.756,0.061,1013.8786,1.3879
M-23,2023-06-01,2023-06-30,61,62,3,2,2,50.0,14.488528,-0.60989,23.756,0.061,1013.8786,1.3879
M-23,2023-06-01,2023-06-30,58,65,3,2,2,50.0,14.488528,-0.60989,23.756,0.061,1013.8786,1.3879
M-23,2023-06-01,2023-06-30,54,70,3,2,2,50.0,14.588803,-0.60989,23.9204,0.061,1013.9789,1.3979
M-23,2023-07-01,2023-07-31,60,63,2,3,2,0.0,,-0.805148,0.0,0.161,998.3897,-0.161
M-23,2023-07-01,2023-07-31,59,64,2,3,2,0.0,,-0.805148,0.0,0.161,998.3897,-0.161
M-23,2023-07-01,2023-07-31,61,62,2,3,2,0.0,,-0.805148,0.0,0.161,998.3897,-0.161
M-23,2023-07-01,2023-07-31,58,65,2,3,2,0.0,,-0.805148,0.0,0.161,998.3897,-0.161
M-23,2023-07-01,2023-07-31,54,70,2,3,2,0.0,,-0.805148,0.0,0.161,998.3897,-0.161
M-23,2023-08-01,2023-08-31,60,63,4,3,3,33.33,0.634002,-1.449477,0.2187,0.2265,997.735,-0.2265
M-23,2023-08-01,2023-08-31,59,64,4,3,3,33.33,0.634002,-1.449477,0.2187,0.2265,997.735,-0.2265
M-23,2023-08-01,2023-08-31,61,62,4,3,3,33.33,0.604839,-1.449477,0.2086,0.2294,997.7059,-0.2294
M-23,2023-08-01,2023-08-31,58,65,4,3,3,33.33,0.634002,-1.449477,0.2187,0.2265,997.735,-0.2265
M-23,2023-08-01,2023-08-31,54,70,4,3,3,33.33,0.604839,-1.625244,0.1861,0.2646,997.3544,-0.2646
M-23,2023-09-01,2023-09-30,60,63,3,3,2,50.0,2.385155,-1.550905,1.5379,0.1551,1000.8343,0.0834
M-23,2023-09-01,2023-09-30,59,64,3,3,2,50.0,2.385155,-1.550905,1.5379,0.1551,1000.8343,0.0834
M-23,2023-09-01,2023-09-30,61,62,3,3,2,50.0,2.385155,-1.550905,1.5379,0.1551,1000.8343,0.0834
M-23,2023-09-01,2023-09-30,58,65,3,3,2,50.0,2.385155,-1.550905,1.5379,0.1551,1000.8343,0.0834
M-23,2023-09-01,2023-09-30,54,70,3,3,2,50.0,2.385155,-1.607998,1.4833,0.1608,1000.7772,0.0777
M-23,2023-10-01,2023-10-31,60,63,1,1,0,0.0,0.0,0.0,0.0,0.0,1000.0,0.0
M-23,2023-10-01,2023-10-31,59,64,1,1,0,0.0,0.0,0.0,0.0,0.0,1000.0,0.0
M-23,2023-10-01,2023-10-31,61,62,1,1,0,0.0,0.0,0.0,0.0,0.0,1000.0,0.0
M-23,2023-10-01,2023-10-31,58,65,1,1,0,0.0,0.0,0.0,0.0,0.0,1000.0,0.0
M-23,2023-10-01,2023-10-31,54,70,1,1,0,0.0,0.0,0.0,0.0,0.0,1000.0,0.0
M-23,2023-11-01,2023-11-30,60,63,4,4,3,0.0,,-1.612089,0.0,0.4836,995.1637,-0.4836
M-23,2023-11-01,2023-11-30,59,64,4,4,3,0.0,,-1.612089,0.0,0.4836,995.1637,-0.4836
M-23,2023-11-01,2023-11-30,61,62,4,4,3,0.0,,-1.612089,0.0,0.4836,995.1637,-0.4836
M-23,2023-11-01,2023-11-30,58,65,4,4,3,0.0,,-1.612089,0.0,0.4836,995.1637,-0.4836
M-23,2023-11-01,2023-11-30,54,70,4,4,3,0.0,,-1.645253,0.0,0.4936,995.0642,-0.4936
M-23,2023-12-01,2023-12-31,60,63,3,4,3,33.33,0.460064,-1.447744,0.1589,0.2895,997.5646,-0.2435
M-23,2023-12-01,2023-12-31,59,64,3,4,3,33.33,0.451596,-1.447744,0.156,0.2895,997.5561,-0.2444
M-23,2023-12-01,2023-12-31,61,62,3,4,3,33.33,0.460064,-1.447744,0.1589,0.2895,997.5646,-0.2435
M-23,2023-12-01,2023-12-31,58,65,3,4,3,33.33,0.451596,-1.447744,0.156,0.2895,997.5561,-0.2444
M-23,2023-12-01,2023-12-31,54,70,2,3,2,50.0,0.339209,-2.77583,0.1222,0.2776,997.5634,-0.2437
M-24,2024-01-01,2024-01-31,60,63,3,2,2,0.0,,-1.102386,0.0,0.2205,997.7952,-0.2205
M-24,2024-01-01,2024-01-31,59,64,3,2,2,0.0,,-1.102386,0.0,0.2205,997.7952,-0.2205
M-24,2024-01-01,2024-01-31,61,62,3,2,2,0.0,,-1.102386,0.0,0.2205,997.7952,-0.2205
M-24,2024-01-01,2024-01-31,58,65,3,2,2,0.0,,-1.102386,0.0,0.2205,997.7952,-0.2205
M-24,2024-01-01,2024-01-31,54,70,3,2,2,0.0,,-1.102386,0.0,0.2205,997.7952,-0.2205
M-24,2024-02-01,2024-02-28,60,63,3,3,2,50.0,18.827966,-1.212497,15.5283,0.1212,1017.6155,1.7615
M-24,2024-02-01,2024-02-28,59,64,3,3,2,50.0,18.827966,-1.212497,15.5283,0.1212,1017.6155,1.7615
M-24,2024-02-01,2024-02-28,61,62,3,3,2,50.0,18.827966,-1.212497,15.5283,0.1212,1017.6155,1.7615
M-24,2024-02-01,2024-02-28,58,65,3,3,2,50.0,18.827966,-1.212497,15.5283,0.1212,1017.6155,1.7615
M-24,2024-02-01,2024-02-28,54,70,3,3,2,50.0,18.827966,-1.212497,15.5283,0.1212,1017.6155,1.7615
M-24,2024-03-01,2024-03-31,60,63,1,1,0,0.0,0.0,0.0,0.0,0.0,1000.0,0.0
M-24,2024-03-01,2024-03-31,59,64,1,1,0,0.0,0.0,0.0,0.0,0.0,1000.0,0.0
M-24,2024-03-01,2024-03-31,61,62,1,1,0,0.0,0.0,0.0,0.0,0.0,1000.0,0.0
M-24,2024-03-01,2024-03-31,58,65,1,1,0,0.0,0.0,0.0,0.0,0.0,1000.0,0.0
M-24,2024-03-01,2024-03-31,54,70,1,1,0,0.0,0.0,0.0,0.0,0.0,1000.0,0.0
M-24,2024-04-01,2024-04-30,60,63,3,4,3,33.33,0.647517,-3.114013,0.104,0.6224,994.4195,-0.5581
M-24,2024-04-01,2024-04-30,59,64,3,4,3,33.33,0.647517,-3.114013,0.104,0.6224,994.4195,-0.5581
M-24,2024-04-01,2024-04-30,61,62,3,4,3,33.33,0.647517,-3.114013,0.104,0.6224,994.4195,-0.5581
M-24,2024-04-01,2024-04-30,58,65,3,4,3,33.33,0.647517,-3.114013,0.104,0.6224,994.4195,-0.5581
M-24,2024-04-01,2024-04-30,54,70,3,4,3,33.33,0.647517,-3.044854,0.1063,0.6086,994.5578,-0.5442
M-24,2024-05-01,2024-05-31,60,63,4,4,4,25.0,8.079591,-0.805817,3.3422,0.1548,1005.6621,0.5662
M-24,2024-05-01,2024-05-31,59,64,4,4,4,25.0,8.079591,-0.805817,3.3422,0.1548,1005.6621,0.5662
M-24,2024-05-01,2024-05-31,61,62,4,4,4,25.0,8.079591,-0.805817,3.3422,0.1548,1005.6621,0.5662
M-24,2024-05-01,2024-05-31,58,65,4,4,4,25.0,8.079591,-0.805817,3.3422,0.1548,1005.6621,0.5662
M-24,2024-05-01,2024-05-31,54,70,4,4,4,25.0,8.079591,-0.802823,3.3547,0.1539,1005.6711,0.5671
M-24,2024-06-01,2024-06-30,60,63,1,1,1,100.0,0.90246,,inf,0.0,1000.9025,0.0902
M-24,2024-06-01,2024-06-30,59,64,1,1,1,100.0,0.90246,,inf,0.0,1000.9025,0.0902
M-24,2024-06-01,2024-06-30,61,62,1,1,1,100.0,0.90246,,inf,0.0,1000.9025,0.0902
M-24,2024-06-01,2024-06-30,58,65,1,1,1,100.0,0.90246,,inf,0.0,1000.9025,0.0902
M-24,2024-06-01,2024-06-30,54,70,1,1,1,100.0,0.90246,,inf,0.0,1000.9025,0.0902
M-24,2024-07-01,2024-07-31,60,63,3,4,3,33.33,12.991257,-1.253538,5.1818,0.1702,1010.4842,1.0484
M-24,2024-07-01,2024-07-31,59,64,3,4,3,33.33,12.991257,-1.253538,5.1818,0.1702,1010.4842,1.0484
M-24,2024-07-01,2024-07-31,61,62,3,4,3,33.33,12.991257,-1.253538,5.1818,0.1702,1010.4842,1.0484
M-24,2024-07-01,2024-07-31,58,65,3,4,3,33.33,12.991257,-1.253538,5.1818,0.1702,1010.4842,1.0484
M-24,2024-07-01,2024-07-31,54,70,3,4,3,33.33,12.991257,-0.931606,6.9725,0.1058,1011.128,1.1128
M-24,2024-08-01,2024-08-31,60,63,4,4,4,25.0,1.94998,-2.515038,0.2584,0.7545,994.4049,-0.5595
M-24,2024-08-01,2024-08-31,59,64,4,4,4,25.0,1.94998,-2.557031,0.2542,0.7671,994.2789,-0.5721
M-24,2024-08-01,2024-08-31,61,62,4,4,4,25.0,1.94998,-2.515038,0.2584,0.7545,994.4049,-0.5595
M-24,2024-08-01,2024-08-31,58,65,4,4,4,25.0,1.94998,-2.124576,0.3059,0.6374,995.5763,-0.4424
M-24,2024-08-01,2024-08-31,54,70,4,4,4,25.0,1.94998,-2.557031,0.2542,0.7671,994.2789,-0.5721
M-24,2024-09-01,2024-09-30,60,63,2,1,1,100.0,0.768838,,inf,0.0,1000.7688,0.0769
M-24,2024-09-01,2024-09-30,59,64,2,1,1,100.0,0.768838,,inf,0.0,1000.7688,0.0769
M-24,2024-09-01,2024-09-30,61,62,2,1,1,100.0,0.768838,,inf,0.0,1000.7688,0.0769
M-24,2024-09-01,2024-09-30,58,65,2,1,1,100.0,0.768838,,inf,0.0,1000.7688,0.0769
M-24,2024-09-01,2024-09-30,54,70,2,1,1,100.0,0.768838,,inf,0.0,1000.7688,0.0769
M-24,2024-10-01,2024-10-31,60,63,4,3,3,66.67,3.778568,-1.898741,3.9801,0.1884,1005.6584,0.5658
M-24,2024-10-01,2024-10-31,59,64,4,3,3,66.67,3.778568,-1.898741,3.9801,0.1884,1005.6584,0.5658
M-24,2024-10-01,2024-10-31,61,62,4,3,3,66.67,3.778568,-1.898741,3.9801,0.1884,1005.6584,0.5658
M-24,2024-10-01,2024-10-31,58,65,4,3,3,66.67,3.778568,-1.898741,3.9801,0.1884,1005.6584,0.5658
M-24,2024-10-01,2024-10-31,54,70,4,3,3,66.67,3.778568,-1.898741,3.9801,0.1884,1005.6584,0.5658
M-24,2024-11-01,2024-11-30,60,63,2,2,1,100.0,33.09583,,inf,0.0,1033.0958,3.3096
M-24,2024-11-01,2024-11-30,59,64,2,2,1,100.0,33.09583,,inf,0.0,1033.0958,3.3096
M-24,2024-11-01,2024-11-30,61,62,2,2,1,100.0,33.09583,,inf,0.0,1033.0958,3.3096
M-24,2024-11-01,2024-11-30,58,65,2,2,1,100.0,33.09583,,inf,0.0,1033.0958,3.3096
M-24,2024-11-01,2024-11-30,54,70,2,2,1,100.0,33.09583,,inf,0.0,1033.0958,3.3096
M-24,2024-12-01,2024-12-31,60,63,3,4,3,0.0,,-1.447378,0.0,0.4342,995.6579,-0.4342
M-24,2024-12-01,2024-12-31,59,64,3,4,3,0.0,,-1.447378,0.0,0.4342,995.6579,-0.4342
M-24,2024-12-01,2024-12-31,61,62,3,4,3,0.0,,-1.447378,0.0,0.4342,995.6579,-0.4342
M-24,2024-12-01,2024-12-31,58,65,3,4,3,0.0,,-1.447378,0.0,0.4342,995.6579,-0.4342
M-24,2024-12-01,2024-12-31,54,70,3,4,3,0.0,,-1.523023,0.0,0.4569,995.4309,-0.4569
M-25,2025-01-01,2025-01-31,60,63,4,3,3,66.67,3.616675,-3.973877,1.8202,0.3945,1003.2595,0.3259
M-25,2025-01-01,2025-01-31,59,64,4,3,3,66.67,3.616675,-3.973877,1.8202,0.3945,1003.2595,0.3259
M-25,2025-01-01,2025-01-31,61,62,4,3,3,66.67,3.616675,-3.973877,1.8202,0.3945,1003.2595,0.3259
M-25,2025-01-01,2025-01-31,58,65,4,3,3,66.67,3.616675,-3.973877,1.8202,0.3945,1003.2595,0.3259
M-25,2025-01-01,2025-01-31,54,70,4,3,3,66.67,3.616675,-3.973877,1.8202,0.3945,1003.2595,0.3259
M-25,2025-02-01,2025-02-28,60,63,3,4,3,0.0,,-1.305562,0.0,0.3917,996.0833,-0.3917
M-25,2025-02-01,2025-02-28,59,64,3,4,3,0.0,,-1.305562,0.0,0.3917,996.0833,-0.3917
M-25,2025-02-01,2025-02-28,61,62,3,4,3,0.0,,-1.305562,0.0,0.3917,996.0833,-0.3917
M-25,2025-02-01,2025-02-28,58,65,3,4,3,0.0,,-1.305562,0.0,0.3917,996.0833,-0.3917
M-25,2025-02-01,2025-02-28,54,70,3,4,3,0.0,,-1.305562,0.0,0.3917,996.0833,-0.3917
M-25,2025-03-01,2025-03-31,60,63,4,4,4,25.0,0.678684,-5.698433,0.0397,1.7095,983.5834,-1.6417
M-25,2025-03-01,2025-03-31,59,64,4,4,4,25.0,0.678684,-5.698433,0.0397,1.7095,983.5834,-1.6417
M-25,2025-03-01,2025-03-31,61,62,4,4,4,25.0,0.678684,-5.698433,0.0397,1.7095,983.5834,-1.6417
M-25,2025-03-01,2025-03-31,58,65,4,4,4,25.0,0.678684,-5.698433,0.0397,1.7095,983.5834,-1.6417
M-25,2025-03-01,2025-03-31,54,70,4,4,4,25.0,0.678684,-5.698433,0.0397,1.7095,983.5834,-1.6417
M-25,2025-04-01,2025-04-30,60,63,2,1,1,0.0,,-3.352877,0.0,0.3353,996.6471,-0.3353
M-25,2025-04-01,2025-04-30,59,64,2,1,1,0.0,,-3.352877,0.0,0.3353,996.6471,-0.3353
M-25,2025-04-01,2025-04-30,61,62,2,1,1,0.0,,-4.340284,0.0,0.434,995.6597,-0.434
M-25,2025-04-01,2025-04-30,58,65,2,1,1,0.0,,-3.352877,0.0,0.3353,996.6471,-0.3353
M-25,2025-04-01,2025-04-30,54,70,2,1,1,0.0,,-3.352877,0.0,0.3353,996.6471,-0.3353
M-25,2025-05-01,2025-05-31,60,63,4,5,4,50.0,4.595609,-1.798971,2.5546,0.2546,1005.5933,0.5593
M-25,2025-05-01,2025-05-31,59,64,4,5,4,50.0,4.595609,-1.798971,2.5546,0.2546,1005.5933,0.5593
M-25,2025-05-01,2025-05-31,61,62,4,5,4,50.0,4.595609,-1.798971,2.5546,0.2546,1005.5933,0.5593
M-25,2025-05-01,2025-05-31,58,65,4,5,4,50.0,4.595609,-1.798971,2.5546,0.2546,1005.5933,0.5593
M-25,2025-05-01,2025-05-31,54,70,4,5,4,50.0,4.595609,-1.887873,2.4343,0.2546,1005.4155,0.5415
M-25,2025-06-01,2025-06-30,60,63,4,3,3,33.33,0.265296,-2.590205,0.0512,0.4915,995.0849,-0.4915
M-25,2025-06-01,2025-06-30,59,64,4,3,3,33.33,0.265296,-2.590205,0.0512,0.4915,995.0849,-0.4915
M-25,2025-06-01,2025-06-30,61,62,4,3,3,33.33,0.265296,-2.590205,0.0512,0.4915,995.0849,-0.4915
M-25,2025-06-01,2025-06-30,58,65,4,3,3,33.33,0.265296,-2.590205,0.0512,0.4915,995.0849,-0.4915
M-25,2025-06-01,2025-06-30,54,70,4,3,3,33.33,0.265296,-2.590205,0.0512,0.4915,995.0849,-0.4915
M-25,2025-07-01,2025-07-31,60,63,5,6,5,20.0,8.068449,-1.162083,1.7358,0.2731,1003.4201,0.342
M-25,2025-07-01,2025-07-31,59,64,5,6,5,20.0,8.068449,-1.226273,1.6449,0.2732,1003.1634,0.3163
M-25,2025-07-01,2025-07-31,61,62,5,6,5,20.0,8.068449,-1.162083,1.7358,0.2731,1003.4201,0.342
M-25,2025-07-01,2025-07-31,58,65,5,6,5,20.0,8.068449,-1.226273,1.6449,0.2732,1003.1634,0.3163
M-25,2025-07-01,2025-07-31,54,70,5,6,5,20.0,8.341081,-1.224246,1.7033,0.2731,1003.4441,0.3444
M-25,2025-08-01,2025-08-31,60,63,3,3,3,33.33,3.289257,-2.213482,0.743,0.4412,998.8623,-0.1138
M-25,2025-08-01,2025-08-31,59,64,3,3,3,33.33,3.289257,-2.213482,0.743,0.4412,998.8623,-0.1138
M-25,2025-08-01,2025-08-31,61,62,3,3,3,33.33,3.289257,-2.213482,0.743,0.4412,998.8623,-0.1138
M-25,2025-08-01,2025-08-31,58,65,3,3,3,33.33,3.289257,-2.213482,0.743,0.4412,998.8623,-0.1138
M-25,2025-08-01,2025-08-31,54,70,3,3,3,33.33,3.289257,-2.213482,0.743,0.4412,998.8623,-0.1138
M-25,2025-09-01,2025-09-30,60,63,3,2,2,50.0,4.028878,-0.853792,4.7188,0.0854,1003.1751,0.3175
M-25,2025-09-01,2025-09-30,59,64,3,2,2,50.0,4.028878,-0.853792,4.7188,0.0854,1003.1751,0.3175
M-25,2025-09-01,2025-09-30,61,62,3,2,2,50.0,4.028878,-0.853792,4.7188,0.0854,1003.1751,0.3175
M-25,2025-09-01,2025-09-30,58,65,3,2,2,50.0,4.028878,-0.853792,4.7188,0.0854,1003.1751,0.3175
M-25,2025-09-01,2025-09-30,54,70,3,2,2,50.0,4.028878,-0.853792,4.7188,0.0854,1003.1751,0.3175
M-25,2025-10-01,2025-10-31,60,63,3,4,3,33.33,0.492129,-2.387115,0.1031,0.4774,995.7179,-0.4282
M-25,2025-10-01,2025-10-31,59,64,3,4,3,33.33,0.492129,-2.387115,0.1031,0.4774,995.7179,-0.4282
M-25,2025-10-01,2025-10-31,61,62,3,4,3,33.33,0.492129,-2.387115,0.1031,0.4774,995.7179,-0.4282
M-25,2025-10-01,2025-10-31,58,65,3,4,3,33.33,0.492129,-2.387115,0.1031,0.4774,995.7179,-0.4282
M-25,2025-10-01,2025-10-31,54,70,3,4,3,33.33,0.492129,-1.962419,0.1254,0.3925,996.5673,-0.3433
